Using pre-set license
Built from '2023.2/staging' branch; Version is '2023.2.20f1 (0e25a174756c) revision 927137'; Using compiler version '193431935'; Build Type 'Release'
OS: 'Windows 10  (10.0.19045) 64bit Professional' Language: 'en' Physical Memory: 16335 MB
BatchMode: 1, IsHumanControllingUs: 0, StartBugReporterOnCrash: 0, Is64bit: 1, IsPro: 1

COMMAND LINE ARGUMENTS:
F:\Programs\Unity\2023.2.20f1\Editor\Unity.exe
-adb2
-batchMode
-noUpm
-name
AssetImportWorker1
-projectPath
F:/Users/Nyx/QUT F Drive/Year 4/IGB101/Assignment_3/IGB101_MShaw_A3
-logFile
Logs/AssetImportWorker1.log
-srvPort
60800
-job-worker-count
5
-background-job-worker-count
8
-asset-garbage-collectors
1
Successfully changed project path to: F:/Users/Nyx/QUT F Drive/Year 4/IGB101/Assignment_3/IGB101_MShaw_A3
F:/Users/Nyx/QUT F Drive/Year 4/IGB101/Assignment_3/IGB101_MShaw_A3
[UnityMemory] Configuration Parameters - Can be set up in boot.config
    "memorysetup-bucket-allocator-granularity=16"
    "memorysetup-bucket-allocator-bucket-count=8"
    "memorysetup-bucket-allocator-block-size=33554432"
    "memorysetup-bucket-allocator-block-count=8"
    "memorysetup-main-allocator-block-size=16777216"
    "memorysetup-thread-allocator-block-size=16777216"
    "memorysetup-gfx-main-allocator-block-size=16777216"
    "memorysetup-gfx-thread-allocator-block-size=16777216"
    "memorysetup-cache-allocator-block-size=4194304"
    "memorysetup-typetree-allocator-block-size=2097152"
    "memorysetup-profiler-bucket-allocator-granularity=16"
    "memorysetup-profiler-bucket-allocator-bucket-count=8"
    "memorysetup-profiler-bucket-allocator-block-size=33554432"
    "memorysetup-profiler-bucket-allocator-block-count=8"
    "memorysetup-profiler-allocator-block-size=16777216"
    "memorysetup-profiler-editor-allocator-block-size=1048576"
    "memorysetup-temp-allocator-size-main=16777216"
    "memorysetup-job-temp-allocator-block-size=2097152"
    "memorysetup-job-temp-allocator-block-size-background=1048576"
    "memorysetup-job-temp-allocator-reduction-small-platforms=262144"
    "memorysetup-allocator-temp-initial-block-size-main=262144"
    "memorysetup-allocator-temp-initial-block-size-worker=262144"
    "memorysetup-temp-allocator-size-background-worker=32768"
    "memorysetup-temp-allocator-size-job-worker=262144"
    "memorysetup-temp-allocator-size-preload-manager=33554432"
    "memorysetup-temp-allocator-size-nav-mesh-worker=65536"
    "memorysetup-temp-allocator-size-audio-worker=65536"
    "memorysetup-temp-allocator-size-cloud-worker=32768"
    "memorysetup-temp-allocator-size-gi-baking-worker=262144"
    "memorysetup-temp-allocator-size-gi-baking-worker=262144"
    "memorysetup-temp-allocator-size-gi-baking-worker=262144"
    "memorysetup-temp-allocator-size-gi-baking-worker=262144"
    "memorysetup-temp-allocator-size-gfx=262144"
Player connection [29052] Host "[IP] 192.168.0.45 [Port] 0 [Flags] 2 [Guid] 2203900530 [EditorId] 2203900530 [Version] 1048832 [Id] WindowsEditor(7,DESKTOP-4IQ5BTU) [Debug] 1 [PackageName] WindowsEditor [ProjectName] Editor" joined multi-casting on [225.0.0.222:54997]...
Player connection [29052] Host "[IP] 192.168.0.45 [Port] 0 [Flags] 2 [Guid] 2203900530 [EditorId] 2203900530 [Version] 1048832 [Id] WindowsEditor(7,DESKTOP-4IQ5BTU) [Debug] 1 [PackageName] WindowsEditor [ProjectName] Editor" joined alternative multi-casting on [225.0.0.222:34997]...
JobSystem: Creating JobQueue using job-worker-count value 5
[Physics::Module] Initialized MultithreadedJobDispatcher with 5 workers.
Library Redirect Path: Library/
Refreshing native plugins compatible for Editor in 1.80 ms, found 3 plugins.
Preloading 0 native plugins for Editor in 0.00 ms.
Initialize engine version: 2023.2.20f1 (0e25a174756c)
[Subsystems] Discovering subsystems at path F:/Programs/Unity/2023.2.20f1/Editor/Data/Resources/UnitySubsystems
[Subsystems] Discovering subsystems at path F:/Users/Nyx/QUT F Drive/Year 4/IGB101/Assignment_3/IGB101_MShaw_A3/Assets
GfxDevice: creating device client; kGfxThreadingModeNonThreaded
Direct3D:
    Version:  Direct3D 11.0 [level 11.1]
    Renderer: NVIDIA GeForce GTX 1060 6GB (ID=0x1c03)
    Vendor:   NVIDIA
    VRAM:     6029 MB
    Driver:   32.0.15.6094
Initialize mono
Mono path[0] = 'F:/Programs/Unity/2023.2.20f1/Editor/Data/Managed'
Mono path[1] = 'F:/Programs/Unity/2023.2.20f1/Editor/Data/MonoBleedingEdge/lib/mono/unityjit-win32'
Mono config path = 'F:/Programs/Unity/2023.2.20f1/Editor/Data/MonoBleedingEdge/etc'
Using monoOptions --debugger-agent=transport=dt_socket,embedding=1,server=y,suspend=n,address=127.0.0.1:56964
Begin MonoManager ReloadAssembly
Registering precompiled unity dll's ...
Register platform support module: F:/Programs/Unity/2023.2.20f1/Editor/Data/PlaybackEngines/WindowsStandaloneSupport/UnityEditor.WindowsStandalone.Extensions.dll
Registered in 0.004136 seconds.
- Loaded All Assemblies, in  0.736 seconds
Native extension for WindowsStandalone target not found
Mono: successfully reloaded assembly
- Finished resetting the current domain, in  0.523 seconds
Domain Reload Profiling: 1259ms
	BeginReloadAssembly (279ms)
		ExecutionOrderSort (0ms)
		DisableScriptedObjects (0ms)
		BackupInstance (0ms)
		ReleaseScriptingObjects (0ms)
		CreateAndSetChildDomain (1ms)
	RebuildCommonClasses (62ms)
	RebuildNativeTypeToScriptingClass (27ms)
	initialDomainReloadingComplete (78ms)
	LoadAllAssembliesAndSetupDomain (288ms)
		LoadAssemblies (278ms)
		RebuildTransferFunctionScriptingTraits (0ms)
		AnalyzeDomain (283ms)
			TypeCache.Refresh (281ms)
				TypeCache.ScanAssembly (260ms)
			BuildScriptInfoCaches (0ms)
			ResolveRequiredComponents (1ms)
	FinalizeReload (524ms)
		ReleaseScriptCaches (0ms)
		RebuildScriptCaches (0ms)
		SetupLoadedEditorAssemblies (428ms)
			LogAssemblyErrors (0ms)
			InitializePlatformSupportModulesInManaged (13ms)
			SetLoadedEditorAssemblies (10ms)
			BeforeProcessingInitializeOnLoad (11ms)
			ProcessInitializeOnLoadAttributes (318ms)
			ProcessInitializeOnLoadMethodAttributes (76ms)
			AfterProcessingInitializeOnLoad (0ms)
			EditorAssembliesLoaded (0ms)
		ExecutionOrderSort2 (0ms)
		AwakeInstancesAfterBackupRestoration (0ms)
========================================================================
Worker process is ready to serve import requests
Import Worker Mode flag is 0x00
Begin MonoManager ReloadAssembly
Symbol file LoadedFromMemory doesn't match image F:\Users\Nyx\QUT F Drive\Year 4\IGB101\Assignment_3\IGB101_MShaw_A3\Library\PackageCache\com.unity.visualscripting@1.8.0\Editor\VisualScripting.Core\Dependencies\YamlDotNet\Unity.VisualScripting.YamlDotNet.dll
Symbol file LoadedFromMemory doesn't match image F:\Users\Nyx\QUT F Drive\Year 4\IGB101\Assignment_3\IGB101_MShaw_A3\Library\PackageCache\com.unity.visualscripting@1.8.0\Editor\VisualScripting.Core\Dependencies\DotNetZip\Unity.VisualScripting.IonicZip.dll
- Loaded All Assemblies, in  1.716 seconds
Refreshing native plugins compatible for Editor in 1.19 ms, found 3 plugins.
Native extension for WindowsStandalone target not found
Mono: successfully reloaded assembly
- Finished resetting the current domain, in  1.076 seconds
Domain Reload Profiling: 2790ms
	BeginReloadAssembly (780ms)
		ExecutionOrderSort (0ms)
		DisableScriptedObjects (13ms)
		BackupInstance (0ms)
		ReleaseScriptingObjects (0ms)
		CreateAndSetChildDomain (52ms)
	RebuildCommonClasses (64ms)
	RebuildNativeTypeToScriptingClass (25ms)
	initialDomainReloadingComplete (65ms)
	LoadAllAssembliesAndSetupDomain (780ms)
		LoadAssemblies (623ms)
		RebuildTransferFunctionScriptingTraits (0ms)
		AnalyzeDomain (388ms)
			TypeCache.Refresh (324ms)
				TypeCache.ScanAssembly (306ms)
			BuildScriptInfoCaches (53ms)
			ResolveRequiredComponents (6ms)
	FinalizeReload (1076ms)
		ReleaseScriptCaches (0ms)
		RebuildScriptCaches (0ms)
		SetupLoadedEditorAssemblies (745ms)
			LogAssemblyErrors (0ms)
			InitializePlatformSupportModulesInManaged (3ms)
			SetLoadedEditorAssemblies (8ms)
			BeforeProcessingInitializeOnLoad (81ms)
			ProcessInitializeOnLoadAttributes (590ms)
			ProcessInitializeOnLoadMethodAttributes (56ms)
			AfterProcessingInitializeOnLoad (6ms)
			EditorAssembliesLoaded (0ms)
		ExecutionOrderSort2 (0ms)
		AwakeInstancesAfterBackupRestoration (16ms)
Launched and connected shader compiler UnityShaderCompiler.exe after 0.02 seconds
Refreshing native plugins compatible for Editor in 1.50 ms, found 3 plugins.
Preloading 0 native plugins for Editor in 0.00 ms.
Unloading 90 Unused Serialized files (Serialized files now loaded: 0)
Unloading 5141 unused Assets / (6.2 MB). Loaded Objects now: 5728.
Memory consumption went from 139.3 MB to 133.1 MB.
Total: 15.373700 ms (FindLiveObjects: 1.371200 ms CreateObjectMapping: 2.194900 ms MarkObjects: 7.000100 ms  DeleteObjects: 4.805400 ms)

========================================================================
Received Prepare
Begin MonoManager ReloadAssembly
Symbol file LoadedFromMemory doesn't match image F:\Users\Nyx\QUT F Drive\Year 4\IGB101\Assignment_3\IGB101_MShaw_A3\Library\PackageCache\com.unity.visualscripting@1.8.0\Editor\VisualScripting.Core\Dependencies\YamlDotNet\Unity.VisualScripting.YamlDotNet.dll
Symbol file LoadedFromMemory doesn't match image F:\Users\Nyx\QUT F Drive\Year 4\IGB101\Assignment_3\IGB101_MShaw_A3\Library\PackageCache\com.unity.visualscripting@1.8.0\Editor\VisualScripting.Core\Dependencies\DotNetZip\Unity.VisualScripting.IonicZip.dll
- Loaded All Assemblies, in  0.933 seconds
Refreshing native plugins compatible for Editor in 1.34 ms, found 3 plugins.
Native extension for WindowsStandalone target not found
Mono: successfully reloaded assembly
- Finished resetting the current domain, in  0.850 seconds
Domain Reload Profiling: 1784ms
	BeginReloadAssembly (289ms)
		ExecutionOrderSort (0ms)
		DisableScriptedObjects (6ms)
		BackupInstance (0ms)
		ReleaseScriptingObjects (0ms)
		CreateAndSetChildDomain (60ms)
	RebuildCommonClasses (58ms)
	RebuildNativeTypeToScriptingClass (21ms)
	initialDomainReloadingComplete (40ms)
	LoadAllAssembliesAndSetupDomain (525ms)
		LoadAssemblies (469ms)
		RebuildTransferFunctionScriptingTraits (0ms)
		AnalyzeDomain (232ms)
			TypeCache.Refresh (7ms)
				TypeCache.ScanAssembly (0ms)
			BuildScriptInfoCaches (213ms)
			ResolveRequiredComponents (7ms)
	FinalizeReload (851ms)
		ReleaseScriptCaches (0ms)
		RebuildScriptCaches (0ms)
		SetupLoadedEditorAssemblies (567ms)
			LogAssemblyErrors (0ms)
			InitializePlatformSupportModulesInManaged (3ms)
			SetLoadedEditorAssemblies (5ms)
			BeforeProcessingInitializeOnLoad (63ms)
			ProcessInitializeOnLoadAttributes (444ms)
			ProcessInitializeOnLoadMethodAttributes (48ms)
			AfterProcessingInitializeOnLoad (3ms)
			EditorAssembliesLoaded (0ms)
		ExecutionOrderSort2 (0ms)
		AwakeInstancesAfterBackupRestoration (12ms)
Refreshing native plugins compatible for Editor in 1.53 ms, found 3 plugins.
Preloading 0 native plugins for Editor in 0.00 ms.
Unloading 30 Unused Serialized files (Serialized files now loaded: 0)
Unloading 5139 unused Assets / (5.6 MB). Loaded Objects now: 5729.
Memory consumption went from 127.2 MB to 121.6 MB.
Total: 9.150200 ms (FindLiveObjects: 0.737000 ms CreateObjectMapping: 0.313300 ms MarkObjects: 5.452100 ms  DeleteObjects: 2.646100 ms)

Prepare: number of updated asset objects reloaded= 0
========================================================================
Received Prepare
Begin MonoManager ReloadAssembly
Symbol file LoadedFromMemory doesn't match image F:\Users\Nyx\QUT F Drive\Year 4\IGB101\Assignment_3\IGB101_MShaw_A3\Library\PackageCache\com.unity.visualscripting@1.8.0\Editor\VisualScripting.Core\Dependencies\YamlDotNet\Unity.VisualScripting.YamlDotNet.dll
Symbol file LoadedFromMemory doesn't match image F:\Users\Nyx\QUT F Drive\Year 4\IGB101\Assignment_3\IGB101_MShaw_A3\Library\PackageCache\com.unity.visualscripting@1.8.0\Editor\VisualScripting.Core\Dependencies\DotNetZip\Unity.VisualScripting.IonicZip.dll
- Loaded All Assemblies, in  0.916 seconds
Refreshing native plugins compatible for Editor in 1.06 ms, found 3 plugins.
Native extension for WindowsStandalone target not found
Mono: successfully reloaded assembly
- Finished resetting the current domain, in  0.830 seconds
Domain Reload Profiling: 1749ms
	BeginReloadAssembly (285ms)
		ExecutionOrderSort (0ms)
		DisableScriptedObjects (6ms)
		BackupInstance (0ms)
		ReleaseScriptingObjects (0ms)
		CreateAndSetChildDomain (56ms)
	RebuildCommonClasses (53ms)
	RebuildNativeTypeToScriptingClass (19ms)
	initialDomainReloadingComplete (33ms)
	LoadAllAssembliesAndSetupDomain (528ms)
		LoadAssemblies (476ms)
		RebuildTransferFunctionScriptingTraits (0ms)
		AnalyzeDomain (232ms)
			TypeCache.Refresh (7ms)
				TypeCache.ScanAssembly (0ms)
			BuildScriptInfoCaches (212ms)
			ResolveRequiredComponents (7ms)
	FinalizeReload (831ms)
		ReleaseScriptCaches (0ms)
		RebuildScriptCaches (0ms)
		SetupLoadedEditorAssemblies (569ms)
			LogAssemblyErrors (0ms)
			InitializePlatformSupportModulesInManaged (3ms)
			SetLoadedEditorAssemblies (5ms)
			BeforeProcessingInitializeOnLoad (67ms)
			ProcessInitializeOnLoadAttributes (450ms)
			ProcessInitializeOnLoadMethodAttributes (41ms)
			AfterProcessingInitializeOnLoad (3ms)
			EditorAssembliesLoaded (0ms)
		ExecutionOrderSort2 (0ms)
		AwakeInstancesAfterBackupRestoration (11ms)
Refreshing native plugins compatible for Editor in 1.25 ms, found 3 plugins.
Preloading 0 native plugins for Editor in 0.00 ms.
Unloading 30 Unused Serialized files (Serialized files now loaded: 0)
Unloading 5139 unused Assets / (6.2 MB). Loaded Objects now: 5730.
Memory consumption went from 129.1 MB to 122.9 MB.
Total: 10.884600 ms (FindLiveObjects: 0.857100 ms CreateObjectMapping: 0.731300 ms MarkObjects: 5.521900 ms  DeleteObjects: 3.772300 ms)

Prepare: number of updated asset objects reloaded= 0
========================================================================
Received Prepare
Begin MonoManager ReloadAssembly
Symbol file LoadedFromMemory doesn't match image F:\Users\Nyx\QUT F Drive\Year 4\IGB101\Assignment_3\IGB101_MShaw_A3\Library\PackageCache\com.unity.visualscripting@1.8.0\Editor\VisualScripting.Core\Dependencies\YamlDotNet\Unity.VisualScripting.YamlDotNet.dll
Symbol file LoadedFromMemory doesn't match image F:\Users\Nyx\QUT F Drive\Year 4\IGB101\Assignment_3\IGB101_MShaw_A3\Library\PackageCache\com.unity.visualscripting@1.8.0\Editor\VisualScripting.Core\Dependencies\DotNetZip\Unity.VisualScripting.IonicZip.dll
- Loaded All Assemblies, in  0.922 seconds
Refreshing native plugins compatible for Editor in 1.06 ms, found 3 plugins.
Native extension for WindowsStandalone target not found
Mono: successfully reloaded assembly
- Finished resetting the current domain, in  0.847 seconds
Domain Reload Profiling: 1771ms
	BeginReloadAssembly (282ms)
		ExecutionOrderSort (0ms)
		DisableScriptedObjects (6ms)
		BackupInstance (0ms)
		ReleaseScriptingObjects (0ms)
		CreateAndSetChildDomain (56ms)
	RebuildCommonClasses (54ms)
	RebuildNativeTypeToScriptingClass (20ms)
	initialDomainReloadingComplete (37ms)
	LoadAllAssembliesAndSetupDomain (529ms)
		LoadAssemblies (475ms)
		RebuildTransferFunctionScriptingTraits (0ms)
		AnalyzeDomain (228ms)
			TypeCache.Refresh (8ms)
				TypeCache.ScanAssembly (0ms)
			BuildScriptInfoCaches (210ms)
			ResolveRequiredComponents (6ms)
	FinalizeReload (848ms)
		ReleaseScriptCaches (0ms)
		RebuildScriptCaches (0ms)
		SetupLoadedEditorAssemblies (578ms)
			LogAssemblyErrors (0ms)
			InitializePlatformSupportModulesInManaged (3ms)
			SetLoadedEditorAssemblies (5ms)
			BeforeProcessingInitializeOnLoad (61ms)
			ProcessInitializeOnLoadAttributes (459ms)
			ProcessInitializeOnLoadMethodAttributes (47ms)
			AfterProcessingInitializeOnLoad (3ms)
			EditorAssembliesLoaded (0ms)
		ExecutionOrderSort2 (0ms)
		AwakeInstancesAfterBackupRestoration (12ms)
Refreshing native plugins compatible for Editor in 1.20 ms, found 3 plugins.
Preloading 0 native plugins for Editor in 0.00 ms.
Unloading 30 Unused Serialized files (Serialized files now loaded: 0)
Unloading 5139 unused Assets / (6.0 MB). Loaded Objects now: 5731.
Memory consumption went from 131.1 MB to 125.0 MB.
Total: 11.700200 ms (FindLiveObjects: 0.754300 ms CreateObjectMapping: 0.352900 ms MarkObjects: 6.540800 ms  DeleteObjects: 4.050100 ms)

Prepare: number of updated asset objects reloaded= 0
========================================================================
Received Prepare
Begin MonoManager ReloadAssembly
Symbol file LoadedFromMemory doesn't match image F:\Users\Nyx\QUT F Drive\Year 4\IGB101\Assignment_3\IGB101_MShaw_A3\Library\PackageCache\com.unity.visualscripting@1.8.0\Editor\VisualScripting.Core\Dependencies\YamlDotNet\Unity.VisualScripting.YamlDotNet.dll
Symbol file LoadedFromMemory doesn't match image F:\Users\Nyx\QUT F Drive\Year 4\IGB101\Assignment_3\IGB101_MShaw_A3\Library\PackageCache\com.unity.visualscripting@1.8.0\Editor\VisualScripting.Core\Dependencies\DotNetZip\Unity.VisualScripting.IonicZip.dll
- Loaded All Assemblies, in  0.928 seconds
Refreshing native plugins compatible for Editor in 1.18 ms, found 3 plugins.
Native extension for WindowsStandalone target not found
Mono: successfully reloaded assembly
- Finished resetting the current domain, in  0.827 seconds
Domain Reload Profiling: 1757ms
	BeginReloadAssembly (275ms)
		ExecutionOrderSort (0ms)
		DisableScriptedObjects (6ms)
		BackupInstance (0ms)
		ReleaseScriptingObjects (0ms)
		CreateAndSetChildDomain (50ms)
	RebuildCommonClasses (51ms)
	RebuildNativeTypeToScriptingClass (19ms)
	initialDomainReloadingComplete (42ms)
	LoadAllAssembliesAndSetupDomain (543ms)
		LoadAssemblies (476ms)
		RebuildTransferFunctionScriptingTraits (0ms)
		AnalyzeDomain (243ms)
			TypeCache.Refresh (7ms)
				TypeCache.ScanAssembly (0ms)
			BuildScriptInfoCaches (225ms)
			ResolveRequiredComponents (7ms)
	FinalizeReload (828ms)
		ReleaseScriptCaches (0ms)
		RebuildScriptCaches (0ms)
		SetupLoadedEditorAssemblies (562ms)
			LogAssemblyErrors (0ms)
			InitializePlatformSupportModulesInManaged (3ms)
			SetLoadedEditorAssemblies (5ms)
			BeforeProcessingInitializeOnLoad (68ms)
			ProcessInitializeOnLoadAttributes (440ms)
			ProcessInitializeOnLoadMethodAttributes (44ms)
			AfterProcessingInitializeOnLoad (3ms)
			EditorAssembliesLoaded (0ms)
		ExecutionOrderSort2 (0ms)
		AwakeInstancesAfterBackupRestoration (13ms)
Refreshing native plugins compatible for Editor in 1.59 ms, found 3 plugins.
Preloading 0 native plugins for Editor in 0.00 ms.
Unloading 30 Unused Serialized files (Serialized files now loaded: 0)
Unloading 5139 unused Assets / (5.8 MB). Loaded Objects now: 5732.
Memory consumption went from 133.0 MB to 127.2 MB.
Total: 9.411900 ms (FindLiveObjects: 0.799000 ms CreateObjectMapping: 0.454600 ms MarkObjects: 5.376600 ms  DeleteObjects: 2.780200 ms)

Prepare: number of updated asset objects reloaded= 0
========================================================================
Received Prepare
Begin MonoManager ReloadAssembly
Symbol file LoadedFromMemory doesn't match image F:\Users\Nyx\QUT F Drive\Year 4\IGB101\Assignment_3\IGB101_MShaw_A3\Library\PackageCache\com.unity.visualscripting@1.8.0\Editor\VisualScripting.Core\Dependencies\YamlDotNet\Unity.VisualScripting.YamlDotNet.dll
Symbol file LoadedFromMemory doesn't match image F:\Users\Nyx\QUT F Drive\Year 4\IGB101\Assignment_3\IGB101_MShaw_A3\Library\PackageCache\com.unity.visualscripting@1.8.0\Editor\VisualScripting.Core\Dependencies\DotNetZip\Unity.VisualScripting.IonicZip.dll
- Loaded All Assemblies, in  0.988 seconds
Refreshing native plugins compatible for Editor in 1.08 ms, found 3 plugins.
Native extension for WindowsStandalone target not found
Mono: successfully reloaded assembly
- Finished resetting the current domain, in  0.862 seconds
Domain Reload Profiling: 1851ms
	BeginReloadAssembly (296ms)
		ExecutionOrderSort (0ms)
		DisableScriptedObjects (6ms)
		BackupInstance (0ms)
		ReleaseScriptingObjects (0ms)
		CreateAndSetChildDomain (55ms)
	RebuildCommonClasses (56ms)
	RebuildNativeTypeToScriptingClass (19ms)
	initialDomainReloadingComplete (41ms)
	LoadAllAssembliesAndSetupDomain (576ms)
		LoadAssemblies (519ms)
		RebuildTransferFunctionScriptingTraits (0ms)
		AnalyzeDomain (248ms)
			TypeCache.Refresh (10ms)
				TypeCache.ScanAssembly (0ms)
			BuildScriptInfoCaches (227ms)
			ResolveRequiredComponents (6ms)
	FinalizeReload (862ms)
		ReleaseScriptCaches (0ms)
		RebuildScriptCaches (0ms)
		SetupLoadedEditorAssemblies (590ms)
			LogAssemblyErrors (0ms)
			InitializePlatformSupportModulesInManaged (3ms)
			SetLoadedEditorAssemblies (5ms)
			BeforeProcessingInitializeOnLoad (65ms)
			ProcessInitializeOnLoadAttributes (469ms)
			ProcessInitializeOnLoadMethodAttributes (45ms)
			AfterProcessingInitializeOnLoad (3ms)
			EditorAssembliesLoaded (0ms)
		ExecutionOrderSort2 (0ms)
		AwakeInstancesAfterBackupRestoration (13ms)
Refreshing native plugins compatible for Editor in 1.20 ms, found 3 plugins.
Preloading 0 native plugins for Editor in 0.00 ms.
Unloading 30 Unused Serialized files (Serialized files now loaded: 0)
Unloading 5139 unused Assets / (5.5 MB). Loaded Objects now: 5733.
Memory consumption went from 134.9 MB to 129.4 MB.
Total: 9.666100 ms (FindLiveObjects: 0.776200 ms CreateObjectMapping: 0.288800 ms MarkObjects: 5.621000 ms  DeleteObjects: 2.978400 ms)

Prepare: number of updated asset objects reloaded= 0
========================================================================
Received Prepare
Begin MonoManager ReloadAssembly
Symbol file LoadedFromMemory doesn't match image F:\Users\Nyx\QUT F Drive\Year 4\IGB101\Assignment_3\IGB101_MShaw_A3\Library\PackageCache\com.unity.visualscripting@1.8.0\Editor\VisualScripting.Core\Dependencies\YamlDotNet\Unity.VisualScripting.YamlDotNet.dll
Symbol file LoadedFromMemory doesn't match image F:\Users\Nyx\QUT F Drive\Year 4\IGB101\Assignment_3\IGB101_MShaw_A3\Library\PackageCache\com.unity.visualscripting@1.8.0\Editor\VisualScripting.Core\Dependencies\DotNetZip\Unity.VisualScripting.IonicZip.dll
- Loaded All Assemblies, in  0.934 seconds
Refreshing native plugins compatible for Editor in 1.07 ms, found 3 plugins.
Native extension for WindowsStandalone target not found
Mono: successfully reloaded assembly
- Finished resetting the current domain, in  0.847 seconds
Domain Reload Profiling: 1783ms
	BeginReloadAssembly (286ms)
		ExecutionOrderSort (0ms)
		DisableScriptedObjects (6ms)
		BackupInstance (0ms)
		ReleaseScriptingObjects (0ms)
		CreateAndSetChildDomain (54ms)
	RebuildCommonClasses (52ms)
	RebuildNativeTypeToScriptingClass (18ms)
	initialDomainReloadingComplete (34ms)
	LoadAllAssembliesAndSetupDomain (545ms)
		LoadAssemblies (483ms)
		RebuildTransferFunctionScriptingTraits (0ms)
		AnalyzeDomain (244ms)
			TypeCache.Refresh (7ms)
				TypeCache.ScanAssembly (0ms)
			BuildScriptInfoCaches (227ms)
			ResolveRequiredComponents (6ms)
	FinalizeReload (848ms)
		ReleaseScriptCaches (0ms)
		RebuildScriptCaches (0ms)
		SetupLoadedEditorAssemblies (578ms)
			LogAssemblyErrors (0ms)
			InitializePlatformSupportModulesInManaged (3ms)
			SetLoadedEditorAssemblies (6ms)
			BeforeProcessingInitializeOnLoad (63ms)
			ProcessInitializeOnLoadAttributes (458ms)
			ProcessInitializeOnLoadMethodAttributes (47ms)
			AfterProcessingInitializeOnLoad (3ms)
			EditorAssembliesLoaded (0ms)
		ExecutionOrderSort2 (0ms)
		AwakeInstancesAfterBackupRestoration (13ms)
Refreshing native plugins compatible for Editor in 1.12 ms, found 3 plugins.
Preloading 0 native plugins for Editor in 0.00 ms.
Unloading 30 Unused Serialized files (Serialized files now loaded: 0)
Unloading 5139 unused Assets / (5.9 MB). Loaded Objects now: 5734.
Memory consumption went from 136.9 MB to 131.0 MB.
Total: 9.142200 ms (FindLiveObjects: 0.701500 ms CreateObjectMapping: 0.270900 ms MarkObjects: 5.269200 ms  DeleteObjects: 2.899100 ms)

Prepare: number of updated asset objects reloaded= 0
========================================================================
Received Prepare
Begin MonoManager ReloadAssembly
Symbol file LoadedFromMemory doesn't match image F:\Users\Nyx\QUT F Drive\Year 4\IGB101\Assignment_3\IGB101_MShaw_A3\Library\PackageCache\com.unity.visualscripting@1.8.0\Editor\VisualScripting.Core\Dependencies\YamlDotNet\Unity.VisualScripting.YamlDotNet.dll
Symbol file LoadedFromMemory doesn't match image F:\Users\Nyx\QUT F Drive\Year 4\IGB101\Assignment_3\IGB101_MShaw_A3\Library\PackageCache\com.unity.visualscripting@1.8.0\Editor\VisualScripting.Core\Dependencies\DotNetZip\Unity.VisualScripting.IonicZip.dll
- Loaded All Assemblies, in  0.949 seconds
Refreshing native plugins compatible for Editor in 1.07 ms, found 3 plugins.
Native extension for WindowsStandalone target not found
Mono: successfully reloaded assembly
- Finished resetting the current domain, in  0.832 seconds
Domain Reload Profiling: 1783ms
	BeginReloadAssembly (295ms)
		ExecutionOrderSort (0ms)
		DisableScriptedObjects (6ms)
		BackupInstance (0ms)
		ReleaseScriptingObjects (0ms)
		CreateAndSetChildDomain (49ms)
	RebuildCommonClasses (62ms)
	RebuildNativeTypeToScriptingClass (18ms)
	initialDomainReloadingComplete (35ms)
	LoadAllAssembliesAndSetupDomain (540ms)
		LoadAssemblies (498ms)
		RebuildTransferFunctionScriptingTraits (0ms)
		AnalyzeDomain (235ms)
			TypeCache.Refresh (9ms)
				TypeCache.ScanAssembly (0ms)
			BuildScriptInfoCaches (214ms)
			ResolveRequiredComponents (6ms)
	FinalizeReload (832ms)
		ReleaseScriptCaches (0ms)
		RebuildScriptCaches (0ms)
		SetupLoadedEditorAssemblies (553ms)
			LogAssemblyErrors (0ms)
			InitializePlatformSupportModulesInManaged (3ms)
			SetLoadedEditorAssemblies (5ms)
			BeforeProcessingInitializeOnLoad (70ms)
			ProcessInitializeOnLoadAttributes (429ms)
			ProcessInitializeOnLoadMethodAttributes (44ms)
			AfterProcessingInitializeOnLoad (3ms)
			EditorAssembliesLoaded (0ms)
		ExecutionOrderSort2 (0ms)
		AwakeInstancesAfterBackupRestoration (14ms)
Refreshing native plugins compatible for Editor in 1.26 ms, found 3 plugins.
Preloading 0 native plugins for Editor in 0.00 ms.
Unloading 30 Unused Serialized files (Serialized files now loaded: 0)
Unloading 5139 unused Assets / (5.7 MB). Loaded Objects now: 5735.
Memory consumption went from 138.8 MB to 133.1 MB.
Total: 10.630700 ms (FindLiveObjects: 0.895300 ms CreateObjectMapping: 0.545700 ms MarkObjects: 5.969300 ms  DeleteObjects: 3.218500 ms)

Prepare: number of updated asset objects reloaded= 0
========================================================================
Received Prepare
Begin MonoManager ReloadAssembly
Symbol file LoadedFromMemory doesn't match image F:\Users\Nyx\QUT F Drive\Year 4\IGB101\Assignment_3\IGB101_MShaw_A3\Library\PackageCache\com.unity.visualscripting@1.8.0\Editor\VisualScripting.Core\Dependencies\YamlDotNet\Unity.VisualScripting.YamlDotNet.dll
Symbol file LoadedFromMemory doesn't match image F:\Users\Nyx\QUT F Drive\Year 4\IGB101\Assignment_3\IGB101_MShaw_A3\Library\PackageCache\com.unity.visualscripting@1.8.0\Editor\VisualScripting.Core\Dependencies\DotNetZip\Unity.VisualScripting.IonicZip.dll
- Loaded All Assemblies, in  0.908 seconds
Refreshing native plugins compatible for Editor in 1.08 ms, found 3 plugins.
Native extension for WindowsStandalone target not found
Mono: successfully reloaded assembly
- Finished resetting the current domain, in  0.838 seconds
Domain Reload Profiling: 1747ms
	BeginReloadAssembly (278ms)
		ExecutionOrderSort (0ms)
		DisableScriptedObjects (8ms)
		BackupInstance (0ms)
		ReleaseScriptingObjects (0ms)
		CreateAndSetChildDomain (53ms)
	RebuildCommonClasses (48ms)
	RebuildNativeTypeToScriptingClass (19ms)
	initialDomainReloadingComplete (33ms)
	LoadAllAssembliesAndSetupDomain (531ms)
		LoadAssemblies (464ms)
		RebuildTransferFunctionScriptingTraits (0ms)
		AnalyzeDomain (240ms)
			TypeCache.Refresh (7ms)
				TypeCache.ScanAssembly (0ms)
			BuildScriptInfoCaches (223ms)
			ResolveRequiredComponents (6ms)
	FinalizeReload (838ms)
		ReleaseScriptCaches (0ms)
		RebuildScriptCaches (0ms)
		SetupLoadedEditorAssemblies (569ms)
			LogAssemblyErrors (0ms)
			InitializePlatformSupportModulesInManaged (3ms)
			SetLoadedEditorAssemblies (5ms)
			BeforeProcessingInitializeOnLoad (59ms)
			ProcessInitializeOnLoadAttributes (454ms)
			ProcessInitializeOnLoadMethodAttributes (46ms)
			AfterProcessingInitializeOnLoad (3ms)
			EditorAssembliesLoaded (0ms)
		ExecutionOrderSort2 (0ms)
		AwakeInstancesAfterBackupRestoration (11ms)
Refreshing native plugins compatible for Editor in 1.11 ms, found 3 plugins.
Preloading 0 native plugins for Editor in 0.00 ms.
Unloading 30 Unused Serialized files (Serialized files now loaded: 0)
Unloading 5139 unused Assets / (6.2 MB). Loaded Objects now: 5736.
Memory consumption went from 140.7 MB to 134.5 MB.
Total: 10.260000 ms (FindLiveObjects: 0.751700 ms CreateObjectMapping: 0.367200 ms MarkObjects: 5.768800 ms  DeleteObjects: 3.370800 ms)

Prepare: number of updated asset objects reloaded= 0
========================================================================
Received Prepare
Begin MonoManager ReloadAssembly
Symbol file LoadedFromMemory doesn't match image F:\Users\Nyx\QUT F Drive\Year 4\IGB101\Assignment_3\IGB101_MShaw_A3\Library\PackageCache\com.unity.visualscripting@1.8.0\Editor\VisualScripting.Core\Dependencies\YamlDotNet\Unity.VisualScripting.YamlDotNet.dll
Symbol file LoadedFromMemory doesn't match image F:\Users\Nyx\QUT F Drive\Year 4\IGB101\Assignment_3\IGB101_MShaw_A3\Library\PackageCache\com.unity.visualscripting@1.8.0\Editor\VisualScripting.Core\Dependencies\DotNetZip\Unity.VisualScripting.IonicZip.dll
- Loaded All Assemblies, in  0.932 seconds
Refreshing native plugins compatible for Editor in 1.63 ms, found 3 plugins.
Native extension for WindowsStandalone target not found
Mono: successfully reloaded assembly
- Finished resetting the current domain, in  0.829 seconds
Domain Reload Profiling: 1763ms
	BeginReloadAssembly (275ms)
		ExecutionOrderSort (0ms)
		DisableScriptedObjects (8ms)
		BackupInstance (0ms)
		ReleaseScriptingObjects (0ms)
		CreateAndSetChildDomain (52ms)
	RebuildCommonClasses (54ms)
	RebuildNativeTypeToScriptingClass (20ms)
	initialDomainReloadingComplete (36ms)
	LoadAllAssembliesAndSetupDomain (548ms)
		LoadAssemblies (469ms)
		RebuildTransferFunctionScriptingTraits (0ms)
		AnalyzeDomain (249ms)
			TypeCache.Refresh (8ms)
				TypeCache.ScanAssembly (0ms)
			BuildScriptInfoCaches (228ms)
			ResolveRequiredComponents (8ms)
	FinalizeReload (830ms)
		ReleaseScriptCaches (0ms)
		RebuildScriptCaches (0ms)
		SetupLoadedEditorAssemblies (554ms)
			LogAssemblyErrors (0ms)
			InitializePlatformSupportModulesInManaged (4ms)
			SetLoadedEditorAssemblies (6ms)
			BeforeProcessingInitializeOnLoad (60ms)
			ProcessInitializeOnLoadAttributes (437ms)
			ProcessInitializeOnLoadMethodAttributes (44ms)
			AfterProcessingInitializeOnLoad (3ms)
			EditorAssembliesLoaded (0ms)
		ExecutionOrderSort2 (0ms)
		AwakeInstancesAfterBackupRestoration (12ms)
Refreshing native plugins compatible for Editor in 1.19 ms, found 3 plugins.
Preloading 0 native plugins for Editor in 0.00 ms.
Unloading 30 Unused Serialized files (Serialized files now loaded: 0)
Unloading 5139 unused Assets / (6.1 MB). Loaded Objects now: 5737.
Memory consumption went from 142.6 MB to 136.5 MB.
Total: 10.051600 ms (FindLiveObjects: 0.741300 ms CreateObjectMapping: 0.331400 ms MarkObjects: 5.598400 ms  DeleteObjects: 3.379200 ms)

Prepare: number of updated asset objects reloaded= 0
========================================================================
Received Prepare
Begin MonoManager ReloadAssembly
Symbol file LoadedFromMemory doesn't match image F:\Users\Nyx\QUT F Drive\Year 4\IGB101\Assignment_3\IGB101_MShaw_A3\Library\PackageCache\com.unity.visualscripting@1.8.0\Editor\VisualScripting.Core\Dependencies\YamlDotNet\Unity.VisualScripting.YamlDotNet.dll
Symbol file LoadedFromMemory doesn't match image F:\Users\Nyx\QUT F Drive\Year 4\IGB101\Assignment_3\IGB101_MShaw_A3\Library\PackageCache\com.unity.visualscripting@1.8.0\Editor\VisualScripting.Core\Dependencies\DotNetZip\Unity.VisualScripting.IonicZip.dll
- Loaded All Assemblies, in  0.907 seconds
Refreshing native plugins compatible for Editor in 1.06 ms, found 3 plugins.
Native extension for WindowsStandalone target not found
Mono: successfully reloaded assembly
- Finished resetting the current domain, in  0.850 seconds
Domain Reload Profiling: 1759ms
	BeginReloadAssembly (275ms)
		ExecutionOrderSort (0ms)
		DisableScriptedObjects (6ms)
		BackupInstance (0ms)
		ReleaseScriptingObjects (0ms)
		CreateAndSetChildDomain (51ms)
	RebuildCommonClasses (49ms)
	RebuildNativeTypeToScriptingClass (19ms)
	initialDomainReloadingComplete (38ms)
	LoadAllAssembliesAndSetupDomain (528ms)
		LoadAssemblies (471ms)
		RebuildTransferFunctionScriptingTraits (0ms)
		AnalyzeDomain (230ms)
			TypeCache.Refresh (8ms)
				TypeCache.ScanAssembly (0ms)
			BuildScriptInfoCaches (211ms)
			ResolveRequiredComponents (6ms)
	FinalizeReload (851ms)
		ReleaseScriptCaches (0ms)
		RebuildScriptCaches (0ms)
		SetupLoadedEditorAssemblies (572ms)
			LogAssemblyErrors (0ms)
			InitializePlatformSupportModulesInManaged (3ms)
			SetLoadedEditorAssemblies (5ms)
			BeforeProcessingInitializeOnLoad (65ms)
			ProcessInitializeOnLoadAttributes (448ms)
			ProcessInitializeOnLoadMethodAttributes (48ms)
			AfterProcessingInitializeOnLoad (3ms)
			EditorAssembliesLoaded (0ms)
		ExecutionOrderSort2 (0ms)
		AwakeInstancesAfterBackupRestoration (13ms)
Refreshing native plugins compatible for Editor in 1.13 ms, found 3 plugins.
Preloading 0 native plugins for Editor in 0.00 ms.
Unloading 30 Unused Serialized files (Serialized files now loaded: 0)
Unloading 5139 unused Assets / (6.0 MB). Loaded Objects now: 5738.
Memory consumption went from 144.6 MB to 138.5 MB.
Total: 10.005200 ms (FindLiveObjects: 0.785600 ms CreateObjectMapping: 0.382900 ms MarkObjects: 5.849500 ms  DeleteObjects: 2.985500 ms)

Prepare: number of updated asset objects reloaded= 0
========================================================================
Received Prepare
Begin MonoManager ReloadAssembly
Symbol file LoadedFromMemory doesn't match image F:\Users\Nyx\QUT F Drive\Year 4\IGB101\Assignment_3\IGB101_MShaw_A3\Library\PackageCache\com.unity.visualscripting@1.8.0\Editor\VisualScripting.Core\Dependencies\YamlDotNet\Unity.VisualScripting.YamlDotNet.dll
Symbol file LoadedFromMemory doesn't match image F:\Users\Nyx\QUT F Drive\Year 4\IGB101\Assignment_3\IGB101_MShaw_A3\Library\PackageCache\com.unity.visualscripting@1.8.0\Editor\VisualScripting.Core\Dependencies\DotNetZip\Unity.VisualScripting.IonicZip.dll
- Loaded All Assemblies, in  0.931 seconds
Refreshing native plugins compatible for Editor in 1.14 ms, found 3 plugins.
Native extension for WindowsStandalone target not found
Mono: successfully reloaded assembly
- Finished resetting the current domain, in  0.823 seconds
Domain Reload Profiling: 1755ms
	BeginReloadAssembly (281ms)
		ExecutionOrderSort (0ms)
		DisableScriptedObjects (6ms)
		BackupInstance (0ms)
		ReleaseScriptingObjects (0ms)
		CreateAndSetChildDomain (54ms)
	RebuildCommonClasses (49ms)
	RebuildNativeTypeToScriptingClass (22ms)
	initialDomainReloadingComplete (37ms)
	LoadAllAssembliesAndSetupDomain (543ms)
		LoadAssemblies (486ms)
		RebuildTransferFunctionScriptingTraits (0ms)
		AnalyzeDomain (235ms)
			TypeCache.Refresh (8ms)
				TypeCache.ScanAssembly (0ms)
			BuildScriptInfoCaches (217ms)
			ResolveRequiredComponents (6ms)
	FinalizeReload (824ms)
		ReleaseScriptCaches (0ms)
		RebuildScriptCaches (0ms)
		SetupLoadedEditorAssemblies (562ms)
			LogAssemblyErrors (0ms)
			InitializePlatformSupportModulesInManaged (3ms)
			SetLoadedEditorAssemblies (5ms)
			BeforeProcessingInitializeOnLoad (60ms)
			ProcessInitializeOnLoadAttributes (445ms)
			ProcessInitializeOnLoadMethodAttributes (46ms)
			AfterProcessingInitializeOnLoad (3ms)
			EditorAssembliesLoaded (0ms)
		ExecutionOrderSort2 (0ms)
		AwakeInstancesAfterBackupRestoration (13ms)
Refreshing native plugins compatible for Editor in 1.26 ms, found 3 plugins.
Preloading 0 native plugins for Editor in 0.00 ms.
Unloading 30 Unused Serialized files (Serialized files now loaded: 0)
Unloading 5139 unused Assets / (6.2 MB). Loaded Objects now: 5739.
Memory consumption went from 146.5 MB to 140.3 MB.
Total: 10.566900 ms (FindLiveObjects: 0.818500 ms CreateObjectMapping: 0.349200 ms MarkObjects: 6.333100 ms  DeleteObjects: 3.064300 ms)

Prepare: number of updated asset objects reloaded= 0
========================================================================
Received Prepare
Begin MonoManager ReloadAssembly
Symbol file LoadedFromMemory doesn't match image F:\Users\Nyx\QUT F Drive\Year 4\IGB101\Assignment_3\IGB101_MShaw_A3\Library\PackageCache\com.unity.visualscripting@1.8.0\Editor\VisualScripting.Core\Dependencies\YamlDotNet\Unity.VisualScripting.YamlDotNet.dll
Symbol file LoadedFromMemory doesn't match image F:\Users\Nyx\QUT F Drive\Year 4\IGB101\Assignment_3\IGB101_MShaw_A3\Library\PackageCache\com.unity.visualscripting@1.8.0\Editor\VisualScripting.Core\Dependencies\DotNetZip\Unity.VisualScripting.IonicZip.dll
- Loaded All Assemblies, in  0.901 seconds
Refreshing native plugins compatible for Editor in 1.25 ms, found 3 plugins.
Native extension for WindowsStandalone target not found
Mono: successfully reloaded assembly
- Finished resetting the current domain, in  0.835 seconds
Domain Reload Profiling: 1738ms
	BeginReloadAssembly (278ms)
		ExecutionOrderSort (0ms)
		DisableScriptedObjects (6ms)
		BackupInstance (0ms)
		ReleaseScriptingObjects (0ms)
		CreateAndSetChildDomain (50ms)
	RebuildCommonClasses (50ms)
	RebuildNativeTypeToScriptingClass (20ms)
	initialDomainReloadingComplete (33ms)
	LoadAllAssembliesAndSetupDomain (522ms)
		LoadAssemblies (479ms)
		RebuildTransferFunctionScriptingTraits (0ms)
		AnalyzeDomain (221ms)
			TypeCache.Refresh (7ms)
				TypeCache.ScanAssembly (0ms)
			BuildScriptInfoCaches (203ms)
			ResolveRequiredComponents (6ms)
	FinalizeReload (835ms)
		ReleaseScriptCaches (0ms)
		RebuildScriptCaches (0ms)
		SetupLoadedEditorAssemblies (564ms)
			LogAssemblyErrors (0ms)
			InitializePlatformSupportModulesInManaged (3ms)
			SetLoadedEditorAssemblies (5ms)
			BeforeProcessingInitializeOnLoad (58ms)
			ProcessInitializeOnLoadAttributes (445ms)
			ProcessInitializeOnLoadMethodAttributes (50ms)
			AfterProcessingInitializeOnLoad (3ms)
			EditorAssembliesLoaded (0ms)
		ExecutionOrderSort2 (0ms)
		AwakeInstancesAfterBackupRestoration (16ms)
Refreshing native plugins compatible for Editor in 1.60 ms, found 3 plugins.
Preloading 0 native plugins for Editor in 0.00 ms.
Unloading 30 Unused Serialized files (Serialized files now loaded: 0)
Unloading 5139 unused Assets / (6.2 MB). Loaded Objects now: 5740.
Memory consumption went from 148.4 MB to 142.2 MB.
Total: 10.688600 ms (FindLiveObjects: 0.867400 ms CreateObjectMapping: 0.400800 ms MarkObjects: 6.237400 ms  DeleteObjects: 3.181200 ms)

Prepare: number of updated asset objects reloaded= 0
========================================================================
Received Prepare
Begin MonoManager ReloadAssembly
Symbol file LoadedFromMemory doesn't match image F:\Users\Nyx\QUT F Drive\Year 4\IGB101\Assignment_3\IGB101_MShaw_A3\Library\PackageCache\com.unity.visualscripting@1.8.0\Editor\VisualScripting.Core\Dependencies\YamlDotNet\Unity.VisualScripting.YamlDotNet.dll
Symbol file LoadedFromMemory doesn't match image F:\Users\Nyx\QUT F Drive\Year 4\IGB101\Assignment_3\IGB101_MShaw_A3\Library\PackageCache\com.unity.visualscripting@1.8.0\Editor\VisualScripting.Core\Dependencies\DotNetZip\Unity.VisualScripting.IonicZip.dll
- Loaded All Assemblies, in  0.937 seconds
Refreshing native plugins compatible for Editor in 1.18 ms, found 3 plugins.
Native extension for WindowsStandalone target not found
Mono: successfully reloaded assembly
- Finished resetting the current domain, in  0.815 seconds
Domain Reload Profiling: 1754ms
	BeginReloadAssembly (277ms)
		ExecutionOrderSort (0ms)
		DisableScriptedObjects (6ms)
		BackupInstance (0ms)
		ReleaseScriptingObjects (0ms)
		CreateAndSetChildDomain (49ms)
	RebuildCommonClasses (53ms)
	RebuildNativeTypeToScriptingClass (18ms)
	initialDomainReloadingComplete (41ms)
	LoadAllAssembliesAndSetupDomain (548ms)
		LoadAssemblies (497ms)
		RebuildTransferFunctionScriptingTraits (0ms)
		AnalyzeDomain (230ms)
			TypeCache.Refresh (7ms)
				TypeCache.ScanAssembly (0ms)
			BuildScriptInfoCaches (213ms)
			ResolveRequiredComponents (6ms)
	FinalizeReload (816ms)
		ReleaseScriptCaches (0ms)
		RebuildScriptCaches (0ms)
		SetupLoadedEditorAssemblies (553ms)
			LogAssemblyErrors (0ms)
			InitializePlatformSupportModulesInManaged (3ms)
			SetLoadedEditorAssemblies (8ms)
			BeforeProcessingInitializeOnLoad (56ms)
			ProcessInitializeOnLoadAttributes (442ms)
			ProcessInitializeOnLoadMethodAttributes (41ms)
			AfterProcessingInitializeOnLoad (3ms)
			EditorAssembliesLoaded (0ms)
		ExecutionOrderSort2 (0ms)
		AwakeInstancesAfterBackupRestoration (12ms)
Refreshing native plugins compatible for Editor in 1.14 ms, found 3 plugins.
Preloading 0 native plugins for Editor in 0.00 ms.
Unloading 30 Unused Serialized files (Serialized files now loaded: 0)
Unloading 5139 unused Assets / (6.1 MB). Loaded Objects now: 5741.
Memory consumption went from 150.3 MB to 144.2 MB.
Total: 9.581800 ms (FindLiveObjects: 0.915500 ms CreateObjectMapping: 0.335900 ms MarkObjects: 5.489400 ms  DeleteObjects: 2.838900 ms)

Prepare: number of updated asset objects reloaded= 0
========================================================================
Received Prepare
Begin MonoManager ReloadAssembly
Symbol file LoadedFromMemory doesn't match image F:\Users\Nyx\QUT F Drive\Year 4\IGB101\Assignment_3\IGB101_MShaw_A3\Library\PackageCache\com.unity.visualscripting@1.8.0\Editor\VisualScripting.Core\Dependencies\YamlDotNet\Unity.VisualScripting.YamlDotNet.dll
Symbol file LoadedFromMemory doesn't match image F:\Users\Nyx\QUT F Drive\Year 4\IGB101\Assignment_3\IGB101_MShaw_A3\Library\PackageCache\com.unity.visualscripting@1.8.0\Editor\VisualScripting.Core\Dependencies\DotNetZip\Unity.VisualScripting.IonicZip.dll
- Loaded All Assemblies, in  0.930 seconds
Refreshing native plugins compatible for Editor in 1.29 ms, found 3 plugins.
Native extension for WindowsStandalone target not found
Mono: successfully reloaded assembly
- Finished resetting the current domain, in  0.916 seconds
Domain Reload Profiling: 1848ms
	BeginReloadAssembly (276ms)
		ExecutionOrderSort (0ms)
		DisableScriptedObjects (6ms)
		BackupInstance (0ms)
		ReleaseScriptingObjects (0ms)
		CreateAndSetChildDomain (53ms)
	RebuildCommonClasses (56ms)
	RebuildNativeTypeToScriptingClass (18ms)
	initialDomainReloadingComplete (34ms)
	LoadAllAssembliesAndSetupDomain (547ms)
		LoadAssemblies (468ms)
		RebuildTransferFunctionScriptingTraits (0ms)
		AnalyzeDomain (252ms)
			TypeCache.Refresh (9ms)
				TypeCache.ScanAssembly (0ms)
			BuildScriptInfoCaches (226ms)
			ResolveRequiredComponents (11ms)
	FinalizeReload (916ms)
		ReleaseScriptCaches (0ms)
		RebuildScriptCaches (0ms)
		SetupLoadedEditorAssemblies (636ms)
			LogAssemblyErrors (0ms)
			InitializePlatformSupportModulesInManaged (3ms)
			SetLoadedEditorAssemblies (6ms)
			BeforeProcessingInitializeOnLoad (65ms)
			ProcessInitializeOnLoadAttributes (516ms)
			ProcessInitializeOnLoadMethodAttributes (43ms)
			AfterProcessingInitializeOnLoad (3ms)
			EditorAssembliesLoaded (0ms)
		ExecutionOrderSort2 (0ms)
		AwakeInstancesAfterBackupRestoration (11ms)
Refreshing native plugins compatible for Editor in 1.23 ms, found 3 plugins.
Preloading 0 native plugins for Editor in 0.00 ms.
Unloading 30 Unused Serialized files (Serialized files now loaded: 0)
Unloading 5139 unused Assets / (5.5 MB). Loaded Objects now: 5742.
Memory consumption went from 152.3 MB to 146.8 MB.
Total: 9.652300 ms (FindLiveObjects: 0.741600 ms CreateObjectMapping: 0.476100 ms MarkObjects: 5.515600 ms  DeleteObjects: 2.917000 ms)

Prepare: number of updated asset objects reloaded= 0
========================================================================
Received Prepare
Begin MonoManager ReloadAssembly
Symbol file LoadedFromMemory doesn't match image F:\Users\Nyx\QUT F Drive\Year 4\IGB101\Assignment_3\IGB101_MShaw_A3\Library\PackageCache\com.unity.visualscripting@1.8.0\Editor\VisualScripting.Core\Dependencies\YamlDotNet\Unity.VisualScripting.YamlDotNet.dll
Symbol file LoadedFromMemory doesn't match image F:\Users\Nyx\QUT F Drive\Year 4\IGB101\Assignment_3\IGB101_MShaw_A3\Library\PackageCache\com.unity.visualscripting@1.8.0\Editor\VisualScripting.Core\Dependencies\DotNetZip\Unity.VisualScripting.IonicZip.dll
- Loaded All Assemblies, in  0.946 seconds
Refreshing native plugins compatible for Editor in 1.23 ms, found 3 plugins.
Native extension for WindowsStandalone target not found
Mono: successfully reloaded assembly
- Finished resetting the current domain, in  0.842 seconds
Domain Reload Profiling: 1789ms
	BeginReloadAssembly (279ms)
		ExecutionOrderSort (0ms)
		DisableScriptedObjects (6ms)
		BackupInstance (0ms)
		ReleaseScriptingObjects (0ms)
		CreateAndSetChildDomain (49ms)
	RebuildCommonClasses (54ms)
	RebuildNativeTypeToScriptingClass (19ms)
	initialDomainReloadingComplete (34ms)
	LoadAllAssembliesAndSetupDomain (561ms)
		LoadAssemblies (498ms)
		RebuildTransferFunctionScriptingTraits (0ms)
		AnalyzeDomain (242ms)
			TypeCache.Refresh (7ms)
				TypeCache.ScanAssembly (0ms)
			BuildScriptInfoCaches (225ms)
			ResolveRequiredComponents (6ms)
	FinalizeReload (843ms)
		ReleaseScriptCaches (0ms)
		RebuildScriptCaches (0ms)
		SetupLoadedEditorAssemblies (559ms)
			LogAssemblyErrors (0ms)
			InitializePlatformSupportModulesInManaged (3ms)
			SetLoadedEditorAssemblies (5ms)
			BeforeProcessingInitializeOnLoad (58ms)
			ProcessInitializeOnLoadAttributes (446ms)
			ProcessInitializeOnLoadMethodAttributes (44ms)
			AfterProcessingInitializeOnLoad (3ms)
			EditorAssembliesLoaded (0ms)
		ExecutionOrderSort2 (0ms)
		AwakeInstancesAfterBackupRestoration (15ms)
Refreshing native plugins compatible for Editor in 1.28 ms, found 3 plugins.
Preloading 0 native plugins for Editor in 0.00 ms.
Unloading 30 Unused Serialized files (Serialized files now loaded: 0)
Unloading 5139 unused Assets / (6.1 MB). Loaded Objects now: 5743.
Memory consumption went from 154.2 MB to 148.1 MB.
Total: 8.419200 ms (FindLiveObjects: 0.734800 ms CreateObjectMapping: 0.272300 ms MarkObjects: 4.904500 ms  DeleteObjects: 2.506400 ms)

Prepare: number of updated asset objects reloaded= 0
========================================================================
Received Prepare
Begin MonoManager ReloadAssembly
Symbol file LoadedFromMemory doesn't match image F:\Users\Nyx\QUT F Drive\Year 4\IGB101\Assignment_3\IGB101_MShaw_A3\Library\PackageCache\com.unity.visualscripting@1.8.0\Editor\VisualScripting.Core\Dependencies\YamlDotNet\Unity.VisualScripting.YamlDotNet.dll
Symbol file LoadedFromMemory doesn't match image F:\Users\Nyx\QUT F Drive\Year 4\IGB101\Assignment_3\IGB101_MShaw_A3\Library\PackageCache\com.unity.visualscripting@1.8.0\Editor\VisualScripting.Core\Dependencies\DotNetZip\Unity.VisualScripting.IonicZip.dll
- Loaded All Assemblies, in  0.948 seconds
Refreshing native plugins compatible for Editor in 1.66 ms, found 3 plugins.
Native extension for WindowsStandalone target not found
Mono: successfully reloaded assembly
- Finished resetting the current domain, in  0.842 seconds
Domain Reload Profiling: 1792ms
	BeginReloadAssembly (286ms)
		ExecutionOrderSort (0ms)
		DisableScriptedObjects (6ms)
		BackupInstance (0ms)
		ReleaseScriptingObjects (0ms)
		CreateAndSetChildDomain (53ms)
	RebuildCommonClasses (58ms)
	RebuildNativeTypeToScriptingClass (19ms)
	initialDomainReloadingComplete (35ms)
	LoadAllAssembliesAndSetupDomain (550ms)
		LoadAssemblies (504ms)
		RebuildTransferFunctionScriptingTraits (0ms)
		AnalyzeDomain (229ms)
			TypeCache.Refresh (7ms)
				TypeCache.ScanAssembly (0ms)
			BuildScriptInfoCaches (211ms)
			ResolveRequiredComponents (6ms)
	FinalizeReload (843ms)
		ReleaseScriptCaches (0ms)
		RebuildScriptCaches (0ms)
		SetupLoadedEditorAssemblies (581ms)
			LogAssemblyErrors (0ms)
			InitializePlatformSupportModulesInManaged (3ms)
			SetLoadedEditorAssemblies (5ms)
			BeforeProcessingInitializeOnLoad (71ms)
			ProcessInitializeOnLoadAttributes (454ms)
			ProcessInitializeOnLoadMethodAttributes (44ms)
			AfterProcessingInitializeOnLoad (4ms)
			EditorAssembliesLoaded (0ms)
		ExecutionOrderSort2 (0ms)
		AwakeInstancesAfterBackupRestoration (12ms)
Refreshing native plugins compatible for Editor in 1.14 ms, found 3 plugins.
Preloading 0 native plugins for Editor in 0.00 ms.
Unloading 30 Unused Serialized files (Serialized files now loaded: 0)
Unloading 5139 unused Assets / (6.2 MB). Loaded Objects now: 5744.
Memory consumption went from 156.1 MB to 150.0 MB.
Total: 10.688900 ms (FindLiveObjects: 0.699000 ms CreateObjectMapping: 0.300900 ms MarkObjects: 5.845900 ms  DeleteObjects: 3.841500 ms)

Prepare: number of updated asset objects reloaded= 0
========================================================================
Received Prepare
Begin MonoManager ReloadAssembly
Symbol file LoadedFromMemory doesn't match image F:\Users\Nyx\QUT F Drive\Year 4\IGB101\Assignment_3\IGB101_MShaw_A3\Library\PackageCache\com.unity.visualscripting@1.8.0\Editor\VisualScripting.Core\Dependencies\YamlDotNet\Unity.VisualScripting.YamlDotNet.dll
Symbol file LoadedFromMemory doesn't match image F:\Users\Nyx\QUT F Drive\Year 4\IGB101\Assignment_3\IGB101_MShaw_A3\Library\PackageCache\com.unity.visualscripting@1.8.0\Editor\VisualScripting.Core\Dependencies\DotNetZip\Unity.VisualScripting.IonicZip.dll
- Loaded All Assemblies, in  0.923 seconds
Refreshing native plugins compatible for Editor in 1.15 ms, found 3 plugins.
Native extension for WindowsStandalone target not found
Mono: successfully reloaded assembly
- Finished resetting the current domain, in  0.831 seconds
Domain Reload Profiling: 1756ms
	BeginReloadAssembly (276ms)
		ExecutionOrderSort (0ms)
		DisableScriptedObjects (6ms)
		BackupInstance (0ms)
		ReleaseScriptingObjects (0ms)
		CreateAndSetChildDomain (48ms)
	RebuildCommonClasses (52ms)
	RebuildNativeTypeToScriptingClass (24ms)
	initialDomainReloadingComplete (37ms)
	LoadAllAssembliesAndSetupDomain (536ms)
		LoadAssemblies (481ms)
		RebuildTransferFunctionScriptingTraits (0ms)
		AnalyzeDomain (232ms)
			TypeCache.Refresh (7ms)
				TypeCache.ScanAssembly (0ms)
			BuildScriptInfoCaches (214ms)
			ResolveRequiredComponents (6ms)
	FinalizeReload (832ms)
		ReleaseScriptCaches (0ms)
		RebuildScriptCaches (0ms)
		SetupLoadedEditorAssemblies (563ms)
			LogAssemblyErrors (0ms)
			InitializePlatformSupportModulesInManaged (3ms)
			SetLoadedEditorAssemblies (5ms)
			BeforeProcessingInitializeOnLoad (60ms)
			ProcessInitializeOnLoadAttributes (447ms)
			ProcessInitializeOnLoadMethodAttributes (44ms)
			AfterProcessingInitializeOnLoad (4ms)
			EditorAssembliesLoaded (0ms)
		ExecutionOrderSort2 (0ms)
		AwakeInstancesAfterBackupRestoration (13ms)
Refreshing native plugins compatible for Editor in 1.30 ms, found 3 plugins.
Preloading 0 native plugins for Editor in 0.00 ms.
Unloading 30 Unused Serialized files (Serialized files now loaded: 0)
Unloading 5139 unused Assets / (6.2 MB). Loaded Objects now: 5745.
Memory consumption went from 158.1 MB to 151.9 MB.
Total: 11.071400 ms (FindLiveObjects: 0.859700 ms CreateObjectMapping: 0.405500 ms MarkObjects: 6.294200 ms  DeleteObjects: 3.510000 ms)

Prepare: number of updated asset objects reloaded= 0
========================================================================
Received Prepare
Begin MonoManager ReloadAssembly
Symbol file LoadedFromMemory doesn't match image F:\Users\Nyx\QUT F Drive\Year 4\IGB101\Assignment_3\IGB101_MShaw_A3\Library\PackageCache\com.unity.visualscripting@1.8.0\Editor\VisualScripting.Core\Dependencies\YamlDotNet\Unity.VisualScripting.YamlDotNet.dll
Symbol file LoadedFromMemory doesn't match image F:\Users\Nyx\QUT F Drive\Year 4\IGB101\Assignment_3\IGB101_MShaw_A3\Library\PackageCache\com.unity.visualscripting@1.8.0\Editor\VisualScripting.Core\Dependencies\DotNetZip\Unity.VisualScripting.IonicZip.dll
- Loaded All Assemblies, in  0.932 seconds
Refreshing native plugins compatible for Editor in 1.15 ms, found 3 plugins.
Native extension for WindowsStandalone target not found
Mono: successfully reloaded assembly
- Finished resetting the current domain, in  0.813 seconds
Domain Reload Profiling: 1747ms
	BeginReloadAssembly (284ms)
		ExecutionOrderSort (0ms)
		DisableScriptedObjects (6ms)
		BackupInstance (0ms)
		ReleaseScriptingObjects (0ms)
		CreateAndSetChildDomain (53ms)
	RebuildCommonClasses (50ms)
	RebuildNativeTypeToScriptingClass (18ms)
	initialDomainReloadingComplete (33ms)
	LoadAllAssembliesAndSetupDomain (549ms)
		LoadAssemblies (484ms)
		RebuildTransferFunctionScriptingTraits (0ms)
		AnalyzeDomain (245ms)
			TypeCache.Refresh (7ms)
				TypeCache.ScanAssembly (0ms)
			BuildScriptInfoCaches (226ms)
			ResolveRequiredComponents (6ms)
	FinalizeReload (813ms)
		ReleaseScriptCaches (0ms)
		RebuildScriptCaches (0ms)
		SetupLoadedEditorAssemblies (548ms)
			LogAssemblyErrors (0ms)
			InitializePlatformSupportModulesInManaged (3ms)
			SetLoadedEditorAssemblies (5ms)
			BeforeProcessingInitializeOnLoad (61ms)
			ProcessInitializeOnLoadAttributes (433ms)
			ProcessInitializeOnLoadMethodAttributes (45ms)
			AfterProcessingInitializeOnLoad (3ms)
			EditorAssembliesLoaded (0ms)
		ExecutionOrderSort2 (0ms)
		AwakeInstancesAfterBackupRestoration (12ms)
Refreshing native plugins compatible for Editor in 1.17 ms, found 3 plugins.
Preloading 0 native plugins for Editor in 0.00 ms.
Unloading 30 Unused Serialized files (Serialized files now loaded: 0)
Unloading 5139 unused Assets / (6.8 MB). Loaded Objects now: 5746.
Memory consumption went from 160.0 MB to 153.2 MB.
Total: 11.137800 ms (FindLiveObjects: 0.823100 ms CreateObjectMapping: 0.561300 ms MarkObjects: 5.960800 ms  DeleteObjects: 3.789900 ms)

Prepare: number of updated asset objects reloaded= 0
========================================================================
Received Prepare
Begin MonoManager ReloadAssembly
Symbol file LoadedFromMemory doesn't match image F:\Users\Nyx\QUT F Drive\Year 4\IGB101\Assignment_3\IGB101_MShaw_A3\Library\PackageCache\com.unity.visualscripting@1.8.0\Editor\VisualScripting.Core\Dependencies\YamlDotNet\Unity.VisualScripting.YamlDotNet.dll
Symbol file LoadedFromMemory doesn't match image F:\Users\Nyx\QUT F Drive\Year 4\IGB101\Assignment_3\IGB101_MShaw_A3\Library\PackageCache\com.unity.visualscripting@1.8.0\Editor\VisualScripting.Core\Dependencies\DotNetZip\Unity.VisualScripting.IonicZip.dll
- Loaded All Assemblies, in  0.933 seconds
Refreshing native plugins compatible for Editor in 1.36 ms, found 3 plugins.
Native extension for WindowsStandalone target not found
Mono: successfully reloaded assembly
- Finished resetting the current domain, in  0.852 seconds
Domain Reload Profiling: 1787ms
	BeginReloadAssembly (283ms)
		ExecutionOrderSort (0ms)
		DisableScriptedObjects (6ms)
		BackupInstance (0ms)
		ReleaseScriptingObjects (0ms)
		CreateAndSetChildDomain (49ms)
	RebuildCommonClasses (51ms)
	RebuildNativeTypeToScriptingClass (21ms)
	initialDomainReloadingComplete (35ms)
	LoadAllAssembliesAndSetupDomain (545ms)
		LoadAssemblies (495ms)
		RebuildTransferFunctionScriptingTraits (0ms)
		AnalyzeDomain (233ms)
			TypeCache.Refresh (7ms)
				TypeCache.ScanAssembly (0ms)
			BuildScriptInfoCaches (214ms)
			ResolveRequiredComponents (7ms)
	FinalizeReload (852ms)
		ReleaseScriptCaches (0ms)
		RebuildScriptCaches (0ms)
		SetupLoadedEditorAssemblies (576ms)
			LogAssemblyErrors (0ms)
			InitializePlatformSupportModulesInManaged (3ms)
			SetLoadedEditorAssemblies (5ms)
			BeforeProcessingInitializeOnLoad (66ms)
			ProcessInitializeOnLoadAttributes (450ms)
			ProcessInitializeOnLoadMethodAttributes (48ms)
			AfterProcessingInitializeOnLoad (4ms)
			EditorAssembliesLoaded (0ms)
		ExecutionOrderSort2 (0ms)
		AwakeInstancesAfterBackupRestoration (12ms)
Refreshing native plugins compatible for Editor in 1.18 ms, found 3 plugins.
Preloading 0 native plugins for Editor in 0.00 ms.
Unloading 30 Unused Serialized files (Serialized files now loaded: 0)
Unloading 5139 unused Assets / (6.2 MB). Loaded Objects now: 5747.
Memory consumption went from 161.9 MB to 155.7 MB.
Total: 10.104600 ms (FindLiveObjects: 0.860300 ms CreateObjectMapping: 0.326300 ms MarkObjects: 6.071000 ms  DeleteObjects: 2.844500 ms)

Prepare: number of updated asset objects reloaded= 0
========================================================================
Received Prepare
Begin MonoManager ReloadAssembly
Symbol file LoadedFromMemory doesn't match image F:\Users\Nyx\QUT F Drive\Year 4\IGB101\Assignment_3\IGB101_MShaw_A3\Library\PackageCache\com.unity.visualscripting@1.8.0\Editor\VisualScripting.Core\Dependencies\YamlDotNet\Unity.VisualScripting.YamlDotNet.dll
Symbol file LoadedFromMemory doesn't match image F:\Users\Nyx\QUT F Drive\Year 4\IGB101\Assignment_3\IGB101_MShaw_A3\Library\PackageCache\com.unity.visualscripting@1.8.0\Editor\VisualScripting.Core\Dependencies\DotNetZip\Unity.VisualScripting.IonicZip.dll
- Loaded All Assemblies, in  0.938 seconds
Refreshing native plugins compatible for Editor in 1.11 ms, found 3 plugins.
Native extension for WindowsStandalone target not found
Mono: successfully reloaded assembly
- Finished resetting the current domain, in  0.834 seconds
Domain Reload Profiling: 1775ms
	BeginReloadAssembly (287ms)
		ExecutionOrderSort (0ms)
		DisableScriptedObjects (9ms)
		BackupInstance (0ms)
		ReleaseScriptingObjects (0ms)
		CreateAndSetChildDomain (53ms)
	RebuildCommonClasses (56ms)
	RebuildNativeTypeToScriptingClass (18ms)
	initialDomainReloadingComplete (36ms)
	LoadAllAssembliesAndSetupDomain (543ms)
		LoadAssemblies (485ms)
		RebuildTransferFunctionScriptingTraits (0ms)
		AnalyzeDomain (238ms)
			TypeCache.Refresh (7ms)
				TypeCache.ScanAssembly (0ms)
			BuildScriptInfoCaches (220ms)
			ResolveRequiredComponents (7ms)
	FinalizeReload (835ms)
		ReleaseScriptCaches (0ms)
		RebuildScriptCaches (0ms)
		SetupLoadedEditorAssemblies (565ms)
			LogAssemblyErrors (0ms)
			InitializePlatformSupportModulesInManaged (3ms)
			SetLoadedEditorAssemblies (5ms)
			BeforeProcessingInitializeOnLoad (61ms)
			ProcessInitializeOnLoadAttributes (449ms)
			ProcessInitializeOnLoadMethodAttributes (44ms)
			AfterProcessingInitializeOnLoad (3ms)
			EditorAssembliesLoaded (0ms)
		ExecutionOrderSort2 (0ms)
		AwakeInstancesAfterBackupRestoration (11ms)
Refreshing native plugins compatible for Editor in 1.86 ms, found 3 plugins.
Preloading 0 native plugins for Editor in 0.00 ms.
Unloading 30 Unused Serialized files (Serialized files now loaded: 0)
Unloading 5139 unused Assets / (5.9 MB). Loaded Objects now: 5748.
Memory consumption went from 163.9 MB to 157.9 MB.
Total: 9.317700 ms (FindLiveObjects: 0.701200 ms CreateObjectMapping: 0.295500 ms MarkObjects: 5.596100 ms  DeleteObjects: 2.722700 ms)

Prepare: number of updated asset objects reloaded= 0
========================================================================
Received Prepare
Begin MonoManager ReloadAssembly
Symbol file LoadedFromMemory doesn't match image F:\Users\Nyx\QUT F Drive\Year 4\IGB101\Assignment_3\IGB101_MShaw_A3\Library\PackageCache\com.unity.visualscripting@1.8.0\Editor\VisualScripting.Core\Dependencies\YamlDotNet\Unity.VisualScripting.YamlDotNet.dll
Symbol file LoadedFromMemory doesn't match image F:\Users\Nyx\QUT F Drive\Year 4\IGB101\Assignment_3\IGB101_MShaw_A3\Library\PackageCache\com.unity.visualscripting@1.8.0\Editor\VisualScripting.Core\Dependencies\DotNetZip\Unity.VisualScripting.IonicZip.dll
- Loaded All Assemblies, in  0.920 seconds
Refreshing native plugins compatible for Editor in 1.29 ms, found 3 plugins.
Native extension for WindowsStandalone target not found
Mono: successfully reloaded assembly
- Finished resetting the current domain, in  0.845 seconds
Domain Reload Profiling: 1767ms
	BeginReloadAssembly (277ms)
		ExecutionOrderSort (0ms)
		DisableScriptedObjects (8ms)
		BackupInstance (0ms)
		ReleaseScriptingObjects (0ms)
		CreateAndSetChildDomain (54ms)
	RebuildCommonClasses (59ms)
	RebuildNativeTypeToScriptingClass (19ms)
	initialDomainReloadingComplete (34ms)
	LoadAllAssembliesAndSetupDomain (533ms)
		LoadAssemblies (466ms)
		RebuildTransferFunctionScriptingTraits (0ms)
		AnalyzeDomain (238ms)
			TypeCache.Refresh (7ms)
				TypeCache.ScanAssembly (0ms)
			BuildScriptInfoCaches (221ms)
			ResolveRequiredComponents (6ms)
	FinalizeReload (846ms)
		ReleaseScriptCaches (0ms)
		RebuildScriptCaches (0ms)
		SetupLoadedEditorAssemblies (570ms)
			LogAssemblyErrors (0ms)
			InitializePlatformSupportModulesInManaged (3ms)
			SetLoadedEditorAssemblies (5ms)
			BeforeProcessingInitializeOnLoad (61ms)
			ProcessInitializeOnLoadAttributes (457ms)
			ProcessInitializeOnLoadMethodAttributes (41ms)
			AfterProcessingInitializeOnLoad (3ms)
			EditorAssembliesLoaded (0ms)
		ExecutionOrderSort2 (0ms)
		AwakeInstancesAfterBackupRestoration (18ms)
Refreshing native plugins compatible for Editor in 1.19 ms, found 3 plugins.
Preloading 0 native plugins for Editor in 0.00 ms.
Unloading 30 Unused Serialized files (Serialized files now loaded: 0)
Unloading 5139 unused Assets / (6.7 MB). Loaded Objects now: 5749.
Memory consumption went from 165.8 MB to 159.1 MB.
Total: 10.044500 ms (FindLiveObjects: 0.763800 ms CreateObjectMapping: 0.343600 ms MarkObjects: 5.599500 ms  DeleteObjects: 3.335900 ms)

Prepare: number of updated asset objects reloaded= 0
========================================================================
Received Prepare
Begin MonoManager ReloadAssembly
Symbol file LoadedFromMemory doesn't match image F:\Users\Nyx\QUT F Drive\Year 4\IGB101\Assignment_3\IGB101_MShaw_A3\Library\PackageCache\com.unity.visualscripting@1.8.0\Editor\VisualScripting.Core\Dependencies\YamlDotNet\Unity.VisualScripting.YamlDotNet.dll
Symbol file LoadedFromMemory doesn't match image F:\Users\Nyx\QUT F Drive\Year 4\IGB101\Assignment_3\IGB101_MShaw_A3\Library\PackageCache\com.unity.visualscripting@1.8.0\Editor\VisualScripting.Core\Dependencies\DotNetZip\Unity.VisualScripting.IonicZip.dll
- Loaded All Assemblies, in  0.927 seconds
Refreshing native plugins compatible for Editor in 1.18 ms, found 3 plugins.
Native extension for WindowsStandalone target not found
Mono: successfully reloaded assembly
- Finished resetting the current domain, in  0.841 seconds
Domain Reload Profiling: 1771ms
	BeginReloadAssembly (286ms)
		ExecutionOrderSort (0ms)
		DisableScriptedObjects (6ms)
		BackupInstance (0ms)
		ReleaseScriptingObjects (0ms)
		CreateAndSetChildDomain (52ms)
	RebuildCommonClasses (50ms)
	RebuildNativeTypeToScriptingClass (18ms)
	initialDomainReloadingComplete (33ms)
	LoadAllAssembliesAndSetupDomain (541ms)
		LoadAssemblies (485ms)
		RebuildTransferFunctionScriptingTraits (0ms)
		AnalyzeDomain (235ms)
			TypeCache.Refresh (7ms)
				TypeCache.ScanAssembly (0ms)
			BuildScriptInfoCaches (217ms)
			ResolveRequiredComponents (6ms)
	FinalizeReload (841ms)
		ReleaseScriptCaches (0ms)
		RebuildScriptCaches (0ms)
		SetupLoadedEditorAssemblies (579ms)
			LogAssemblyErrors (0ms)
			InitializePlatformSupportModulesInManaged (3ms)
			SetLoadedEditorAssemblies (5ms)
			BeforeProcessingInitializeOnLoad (72ms)
			ProcessInitializeOnLoadAttributes (450ms)
			ProcessInitializeOnLoadMethodAttributes (46ms)
			AfterProcessingInitializeOnLoad (3ms)
			EditorAssembliesLoaded (0ms)
		ExecutionOrderSort2 (0ms)
		AwakeInstancesAfterBackupRestoration (12ms)
Refreshing native plugins compatible for Editor in 1.18 ms, found 3 plugins.
Preloading 0 native plugins for Editor in 0.00 ms.
Unloading 30 Unused Serialized files (Serialized files now loaded: 0)
Unloading 5139 unused Assets / (5.9 MB). Loaded Objects now: 5750.
Memory consumption went from 167.7 MB to 161.8 MB.
Total: 9.944600 ms (FindLiveObjects: 0.775300 ms CreateObjectMapping: 0.391300 ms MarkObjects: 5.856100 ms  DeleteObjects: 2.920000 ms)

Prepare: number of updated asset objects reloaded= 0
========================================================================
Received Prepare
Begin MonoManager ReloadAssembly
Symbol file LoadedFromMemory doesn't match image F:\Users\Nyx\QUT F Drive\Year 4\IGB101\Assignment_3\IGB101_MShaw_A3\Library\PackageCache\com.unity.visualscripting@1.8.0\Editor\VisualScripting.Core\Dependencies\YamlDotNet\Unity.VisualScripting.YamlDotNet.dll
Symbol file LoadedFromMemory doesn't match image F:\Users\Nyx\QUT F Drive\Year 4\IGB101\Assignment_3\IGB101_MShaw_A3\Library\PackageCache\com.unity.visualscripting@1.8.0\Editor\VisualScripting.Core\Dependencies\DotNetZip\Unity.VisualScripting.IonicZip.dll
- Loaded All Assemblies, in  0.916 seconds
Refreshing native plugins compatible for Editor in 1.19 ms, found 3 plugins.
Native extension for WindowsStandalone target not found
Mono: successfully reloaded assembly
- Finished resetting the current domain, in  0.850 seconds
Domain Reload Profiling: 1767ms
	BeginReloadAssembly (273ms)
		ExecutionOrderSort (0ms)
		DisableScriptedObjects (6ms)
		BackupInstance (0ms)
		ReleaseScriptingObjects (0ms)
		CreateAndSetChildDomain (48ms)
	RebuildCommonClasses (49ms)
	RebuildNativeTypeToScriptingClass (19ms)
	initialDomainReloadingComplete (35ms)
	LoadAllAssembliesAndSetupDomain (541ms)
		LoadAssemblies (482ms)
		RebuildTransferFunctionScriptingTraits (0ms)
		AnalyzeDomain (233ms)
			TypeCache.Refresh (7ms)
				TypeCache.ScanAssembly (0ms)
			BuildScriptInfoCaches (214ms)
			ResolveRequiredComponents (7ms)
	FinalizeReload (850ms)
		ReleaseScriptCaches (0ms)
		RebuildScriptCaches (0ms)
		SetupLoadedEditorAssemblies (572ms)
			LogAssemblyErrors (0ms)
			InitializePlatformSupportModulesInManaged (3ms)
			SetLoadedEditorAssemblies (5ms)
			BeforeProcessingInitializeOnLoad (65ms)
			ProcessInitializeOnLoadAttributes (451ms)
			ProcessInitializeOnLoadMethodAttributes (46ms)
			AfterProcessingInitializeOnLoad (3ms)
			EditorAssembliesLoaded (0ms)
		ExecutionOrderSort2 (0ms)
		AwakeInstancesAfterBackupRestoration (13ms)
Refreshing native plugins compatible for Editor in 1.18 ms, found 3 plugins.
Preloading 0 native plugins for Editor in 0.00 ms.
Unloading 30 Unused Serialized files (Serialized files now loaded: 0)
Unloading 5139 unused Assets / (5.7 MB). Loaded Objects now: 5751.
Memory consumption went from 169.6 MB to 163.9 MB.
Total: 8.727600 ms (FindLiveObjects: 0.773100 ms CreateObjectMapping: 0.346300 ms MarkObjects: 4.927400 ms  DeleteObjects: 2.679700 ms)

Prepare: number of updated asset objects reloaded= 0
========================================================================
Received Prepare
Begin MonoManager ReloadAssembly
Symbol file LoadedFromMemory doesn't match image F:\Users\Nyx\QUT F Drive\Year 4\IGB101\Assignment_3\IGB101_MShaw_A3\Library\PackageCache\com.unity.visualscripting@1.8.0\Editor\VisualScripting.Core\Dependencies\YamlDotNet\Unity.VisualScripting.YamlDotNet.dll
Symbol file LoadedFromMemory doesn't match image F:\Users\Nyx\QUT F Drive\Year 4\IGB101\Assignment_3\IGB101_MShaw_A3\Library\PackageCache\com.unity.visualscripting@1.8.0\Editor\VisualScripting.Core\Dependencies\DotNetZip\Unity.VisualScripting.IonicZip.dll
- Loaded All Assemblies, in  0.920 seconds
Refreshing native plugins compatible for Editor in 1.07 ms, found 3 plugins.
Native extension for WindowsStandalone target not found
Mono: successfully reloaded assembly
- Finished resetting the current domain, in  0.834 seconds
Domain Reload Profiling: 1755ms
	BeginReloadAssembly (286ms)
		ExecutionOrderSort (0ms)
		DisableScriptedObjects (6ms)
		BackupInstance (0ms)
		ReleaseScriptingObjects (0ms)
		CreateAndSetChildDomain (57ms)
	RebuildCommonClasses (51ms)
	RebuildNativeTypeToScriptingClass (19ms)
	initialDomainReloadingComplete (34ms)
	LoadAllAssembliesAndSetupDomain (531ms)
		LoadAssemblies (472ms)
		RebuildTransferFunctionScriptingTraits (0ms)
		AnalyzeDomain (237ms)
			TypeCache.Refresh (7ms)
				TypeCache.ScanAssembly (0ms)
			BuildScriptInfoCaches (220ms)
			ResolveRequiredComponents (6ms)
	FinalizeReload (834ms)
		ReleaseScriptCaches (0ms)
		RebuildScriptCaches (0ms)
		SetupLoadedEditorAssemblies (559ms)
			LogAssemblyErrors (0ms)
			InitializePlatformSupportModulesInManaged (3ms)
			SetLoadedEditorAssemblies (5ms)
			BeforeProcessingInitializeOnLoad (58ms)
			ProcessInitializeOnLoadAttributes (439ms)
			ProcessInitializeOnLoadMethodAttributes (49ms)
			AfterProcessingInitializeOnLoad (5ms)
			EditorAssembliesLoaded (0ms)
		ExecutionOrderSort2 (0ms)
		AwakeInstancesAfterBackupRestoration (13ms)
Refreshing native plugins compatible for Editor in 1.22 ms, found 3 plugins.
Preloading 0 native plugins for Editor in 0.00 ms.
Unloading 30 Unused Serialized files (Serialized files now loaded: 0)
Unloading 5139 unused Assets / (6.8 MB). Loaded Objects now: 5752.
Memory consumption went from 171.6 MB to 164.8 MB.
Total: 12.473000 ms (FindLiveObjects: 0.792500 ms CreateObjectMapping: 0.366300 ms MarkObjects: 6.411300 ms  DeleteObjects: 4.901600 ms)

Prepare: number of updated asset objects reloaded= 0
========================================================================
Received Import Request.
  Time since last request: 11268.238848 seconds.
  path: Assets/Models & Prefabs/Models/IGB101_Assets/Third Person Controller/Animations/running.fbx
  artifactKey: Guid(77d9df93482067942b5b9eb0ecc4d42e) Importer(815301076,1909f56bfc062723c751e8b465ee728b)
Start importing Assets/Models & Prefabs/Models/IGB101_Assets/Third Person Controller/Animations/running.fbx using Guid(77d9df93482067942b5b9eb0ecc4d42e) Importer(815301076,1909f56bfc062723c751e8b465ee728b) (PreviewImporter) -> (artifact id: '6d6463a982e19b4271a3661c269e2354') in 0.1939572 seconds
Number of updated asset objects reloaded before import = 0Number of asset objects unloaded after import = 137

========================================================================
Received Import Request.
  Time since last request: 0.000024 seconds.
  path: Assets/Models & Prefabs/Models/IGB101_Assets/Third Person Controller/Animations/walking.fbx
  artifactKey: Guid(c5be887af9f579d4b9f081ed3357aafc) Importer(815301076,1909f56bfc062723c751e8b465ee728b)
Start importing Assets/Models & Prefabs/Models/IGB101_Assets/Third Person Controller/Animations/walking.fbx using Guid(c5be887af9f579d4b9f081ed3357aafc) Importer(815301076,1909f56bfc062723c751e8b465ee728b) (PreviewImporter) -> (artifact id: '69f647333161eed730b02caa9a73684d') in 0.0051849 seconds
Number of updated asset objects reloaded before import = 0Number of asset objects unloaded after import = 137

========================================================================
Received Import Request.
  Time since last request: 0.000029 seconds.
  path: Assets/Models & Prefabs/Models/IGB101_Assets/Third Person Controller/Animations/waving.fbx
  artifactKey: Guid(e28c70e8cd566a34aacf6af708cc1824) Importer(815301076,1909f56bfc062723c751e8b465ee728b)
Start importing Assets/Models & Prefabs/Models/IGB101_Assets/Third Person Controller/Animations/waving.fbx using Guid(e28c70e8cd566a34aacf6af708cc1824) Importer(815301076,1909f56bfc062723c751e8b465ee728b) (PreviewImporter) -> (artifact id: '7a1120235d43dd8a61c446cc9649f28c') in 0.0180087 seconds
Number of updated asset objects reloaded before import = 0Number of asset objects unloaded after import = 137

========================================================================
Received Import Request.
  Time since last request: 0.000020 seconds.
  path: Assets/Models & Prefabs/Models/IGB101_Assets/Third Person Controller/Animations/turn.fbx
  artifactKey: Guid(fe5a3f78955de764190c2a53523ae0b4) Importer(815301076,1909f56bfc062723c751e8b465ee728b)
Start importing Assets/Models & Prefabs/Models/IGB101_Assets/Third Person Controller/Animations/turn.fbx using Guid(fe5a3f78955de764190c2a53523ae0b4) Importer(815301076,1909f56bfc062723c751e8b465ee728b) (PreviewImporter) -> (artifact id: '741ae92ee300207ac4b3d8f27842f9bf') in 0.4655498 seconds
Number of updated asset objects reloaded before import = 0Number of asset objects unloaded after import = 147

========================================================================
Received Prepare
Begin MonoManager ReloadAssembly
Symbol file LoadedFromMemory doesn't match image F:\Users\Nyx\QUT F Drive\Year 4\IGB101\Assignment_3\IGB101_MShaw_A3\Library\PackageCache\com.unity.visualscripting@1.8.0\Editor\VisualScripting.Core\Dependencies\YamlDotNet\Unity.VisualScripting.YamlDotNet.dll
Symbol file LoadedFromMemory doesn't match image F:\Users\Nyx\QUT F Drive\Year 4\IGB101\Assignment_3\IGB101_MShaw_A3\Library\PackageCache\com.unity.visualscripting@1.8.0\Editor\VisualScripting.Core\Dependencies\DotNetZip\Unity.VisualScripting.IonicZip.dll
- Loaded All Assemblies, in  0.934 seconds
Refreshing native plugins compatible for Editor in 1.09 ms, found 3 plugins.
Native extension for WindowsStandalone target not found
Mono: successfully reloaded assembly
- Finished resetting the current domain, in  0.851 seconds
Domain Reload Profiling: 1789ms
	BeginReloadAssembly (298ms)
		ExecutionOrderSort (0ms)
		DisableScriptedObjects (6ms)
		BackupInstance (0ms)
		ReleaseScriptingObjects (0ms)
		CreateAndSetChildDomain (58ms)
	RebuildCommonClasses (51ms)
	RebuildNativeTypeToScriptingClass (20ms)
	initialDomainReloadingComplete (33ms)
	LoadAllAssembliesAndSetupDomain (534ms)
		LoadAssemblies (491ms)
		RebuildTransferFunctionScriptingTraits (0ms)
		AnalyzeDomain (229ms)
			TypeCache.Refresh (7ms)
				TypeCache.ScanAssembly (0ms)
			BuildScriptInfoCaches (209ms)
			ResolveRequiredComponents (8ms)
	FinalizeReload (852ms)
		ReleaseScriptCaches (0ms)
		RebuildScriptCaches (0ms)
		SetupLoadedEditorAssemblies (577ms)
			LogAssemblyErrors (0ms)
			InitializePlatformSupportModulesInManaged (3ms)
			SetLoadedEditorAssemblies (5ms)
			BeforeProcessingInitializeOnLoad (67ms)
			ProcessInitializeOnLoadAttributes (456ms)
			ProcessInitializeOnLoadMethodAttributes (43ms)
			AfterProcessingInitializeOnLoad (3ms)
			EditorAssembliesLoaded (0ms)
		ExecutionOrderSort2 (0ms)
		AwakeInstancesAfterBackupRestoration (11ms)
Refreshing native plugins compatible for Editor in 1.15 ms, found 3 plugins.
Preloading 0 native plugins for Editor in 0.00 ms.
Unloading 30 Unused Serialized files (Serialized files now loaded: 0)
Unloading 5139 unused Assets / (5.8 MB). Loaded Objects now: 5799.
Memory consumption went from 185.4 MB to 179.6 MB.
Total: 9.002700 ms (FindLiveObjects: 0.781100 ms CreateObjectMapping: 0.405900 ms MarkObjects: 5.159400 ms  DeleteObjects: 2.655000 ms)

Prepare: number of updated asset objects reloaded= 0
========================================================================
Received Prepare
Begin MonoManager ReloadAssembly
Symbol file LoadedFromMemory doesn't match image F:\Users\Nyx\QUT F Drive\Year 4\IGB101\Assignment_3\IGB101_MShaw_A3\Library\PackageCache\com.unity.visualscripting@1.8.0\Editor\VisualScripting.Core\Dependencies\YamlDotNet\Unity.VisualScripting.YamlDotNet.dll
Symbol file LoadedFromMemory doesn't match image F:\Users\Nyx\QUT F Drive\Year 4\IGB101\Assignment_3\IGB101_MShaw_A3\Library\PackageCache\com.unity.visualscripting@1.8.0\Editor\VisualScripting.Core\Dependencies\DotNetZip\Unity.VisualScripting.IonicZip.dll
- Loaded All Assemblies, in  0.945 seconds
Refreshing native plugins compatible for Editor in 1.53 ms, found 3 plugins.
Native extension for WindowsStandalone target not found
Mono: successfully reloaded assembly
- Finished resetting the current domain, in  0.871 seconds
Domain Reload Profiling: 1818ms
	BeginReloadAssembly (297ms)
		ExecutionOrderSort (0ms)
		DisableScriptedObjects (6ms)
		BackupInstance (0ms)
		ReleaseScriptingObjects (0ms)
		CreateAndSetChildDomain (56ms)
	RebuildCommonClasses (49ms)
	RebuildNativeTypeToScriptingClass (18ms)
	initialDomainReloadingComplete (39ms)
	LoadAllAssembliesAndSetupDomain (543ms)
		LoadAssemblies (491ms)
		RebuildTransferFunctionScriptingTraits (0ms)
		AnalyzeDomain (237ms)
			TypeCache.Refresh (9ms)
				TypeCache.ScanAssembly (0ms)
			BuildScriptInfoCaches (217ms)
			ResolveRequiredComponents (7ms)
	FinalizeReload (872ms)
		ReleaseScriptCaches (0ms)
		RebuildScriptCaches (0ms)
		SetupLoadedEditorAssemblies (589ms)
			LogAssemblyErrors (0ms)
			InitializePlatformSupportModulesInManaged (3ms)
			SetLoadedEditorAssemblies (5ms)
			BeforeProcessingInitializeOnLoad (67ms)
			ProcessInitializeOnLoadAttributes (460ms)
			ProcessInitializeOnLoadMethodAttributes (50ms)
			AfterProcessingInitializeOnLoad (4ms)
			EditorAssembliesLoaded (0ms)
		ExecutionOrderSort2 (0ms)
		AwakeInstancesAfterBackupRestoration (15ms)
Refreshing native plugins compatible for Editor in 1.18 ms, found 3 plugins.
Preloading 0 native plugins for Editor in 0.00 ms.
Unloading 30 Unused Serialized files (Serialized files now loaded: 0)
Unloading 5139 unused Assets / (5.6 MB). Loaded Objects now: 5800.
Memory consumption went from 187.3 MB to 181.7 MB.
Total: 10.388500 ms (FindLiveObjects: 0.790700 ms CreateObjectMapping: 0.522000 ms MarkObjects: 5.618000 ms  DeleteObjects: 3.455800 ms)

Prepare: number of updated asset objects reloaded= 0
========================================================================
Received Import Request.
  Time since last request: 1161.716992 seconds.
  path: Assets/Models & Prefabs/Models/IGB101_Assets/Third Person Controller/Animations/Materials/Beta_Joints_MAT.mat
  artifactKey: Guid(c15d781ca59a2ca498adb8964d59a73d) Importer(815301076,1909f56bfc062723c751e8b465ee728b)
Start importing Assets/Models & Prefabs/Models/IGB101_Assets/Third Person Controller/Animations/Materials/Beta_Joints_MAT.mat using Guid(c15d781ca59a2ca498adb8964d59a73d) Importer(815301076,1909f56bfc062723c751e8b465ee728b) (PreviewImporter) -> (artifact id: '8c50946f6a2cc8ff902913b64bbf425c') in 0.2110188 seconds
Number of updated asset objects reloaded before import = 0Number of asset objects unloaded after import = 1

========================================================================
Received Prepare
Begin MonoManager ReloadAssembly
Symbol file LoadedFromMemory doesn't match image F:\Users\Nyx\QUT F Drive\Year 4\IGB101\Assignment_3\IGB101_MShaw_A3\Library\PackageCache\com.unity.visualscripting@1.8.0\Editor\VisualScripting.Core\Dependencies\YamlDotNet\Unity.VisualScripting.YamlDotNet.dll
Symbol file LoadedFromMemory doesn't match image F:\Users\Nyx\QUT F Drive\Year 4\IGB101\Assignment_3\IGB101_MShaw_A3\Library\PackageCache\com.unity.visualscripting@1.8.0\Editor\VisualScripting.Core\Dependencies\DotNetZip\Unity.VisualScripting.IonicZip.dll
- Loaded All Assemblies, in  1.008 seconds
Refreshing native plugins compatible for Editor in 1.08 ms, found 3 plugins.
Native extension for WindowsStandalone target not found
Mono: successfully reloaded assembly
- Finished resetting the current domain, in  0.872 seconds
Domain Reload Profiling: 1882ms
	BeginReloadAssembly (307ms)
		ExecutionOrderSort (0ms)
		DisableScriptedObjects (6ms)
		BackupInstance (0ms)
		ReleaseScriptingObjects (0ms)
		CreateAndSetChildDomain (67ms)
	RebuildCommonClasses (50ms)
	RebuildNativeTypeToScriptingClass (21ms)
	initialDomainReloadingComplete (41ms)
	LoadAllAssembliesAndSetupDomain (590ms)
		LoadAssemblies (546ms)
		RebuildTransferFunctionScriptingTraits (0ms)
		AnalyzeDomain (229ms)
			TypeCache.Refresh (7ms)
				TypeCache.ScanAssembly (0ms)
			BuildScriptInfoCaches (212ms)
			ResolveRequiredComponents (6ms)
	FinalizeReload (873ms)
		ReleaseScriptCaches (0ms)
		RebuildScriptCaches (0ms)
		SetupLoadedEditorAssemblies (590ms)
			LogAssemblyErrors (0ms)
			InitializePlatformSupportModulesInManaged (4ms)
			SetLoadedEditorAssemblies (5ms)
			BeforeProcessingInitializeOnLoad (70ms)
			ProcessInitializeOnLoadAttributes (461ms)
			ProcessInitializeOnLoadMethodAttributes (47ms)
			AfterProcessingInitializeOnLoad (3ms)
			EditorAssembliesLoaded (0ms)
		ExecutionOrderSort2 (0ms)
		AwakeInstancesAfterBackupRestoration (15ms)
Refreshing native plugins compatible for Editor in 1.66 ms, found 3 plugins.
Preloading 0 native plugins for Editor in 0.00 ms.
Unloading 30 Unused Serialized files (Serialized files now loaded: 0)
Unloading 5139 unused Assets / (6.0 MB). Loaded Objects now: 5801.
Memory consumption went from 189.2 MB to 183.2 MB.
Total: 11.409300 ms (FindLiveObjects: 0.797400 ms CreateObjectMapping: 0.427500 ms MarkObjects: 6.037300 ms  DeleteObjects: 4.144600 ms)

Prepare: number of updated asset objects reloaded= 0
========================================================================
Received Prepare
Refreshing native plugins compatible for Editor in 5.36 ms, found 3 plugins.
Preloading 0 native plugins for Editor in 0.00 ms.
Unloading 30 Unused Serialized files (Serialized files now loaded: 0)
Unloading 5134 unused Assets / (5.6 MB). Loaded Objects now: 5801.
Memory consumption went from 189.4 MB to 183.8 MB.
Total: 14.418600 ms (FindLiveObjects: 1.219900 ms CreateObjectMapping: 1.022000 ms MarkObjects: 8.961100 ms  DeleteObjects: 3.212000 ms)

Prepare: number of updated asset objects reloaded= 0
========================================================================
Received Prepare
Begin MonoManager ReloadAssembly
Symbol file LoadedFromMemory doesn't match image F:\Users\Nyx\QUT F Drive\Year 4\IGB101\Assignment_3\IGB101_MShaw_A3\Library\PackageCache\com.unity.visualscripting@1.8.0\Editor\VisualScripting.Core\Dependencies\YamlDotNet\Unity.VisualScripting.YamlDotNet.dll
Symbol file LoadedFromMemory doesn't match image F:\Users\Nyx\QUT F Drive\Year 4\IGB101\Assignment_3\IGB101_MShaw_A3\Library\PackageCache\com.unity.visualscripting@1.8.0\Editor\VisualScripting.Core\Dependencies\DotNetZip\Unity.VisualScripting.IonicZip.dll
- Loaded All Assemblies, in  1.225 seconds
Refreshing native plugins compatible for Editor in 1.08 ms, found 3 plugins.
Native extension for WindowsStandalone target not found
Mono: successfully reloaded assembly
- Finished resetting the current domain, in  1.020 seconds
Domain Reload Profiling: 2250ms
	BeginReloadAssembly (341ms)
		ExecutionOrderSort (0ms)
		DisableScriptedObjects (6ms)
		BackupInstance (0ms)
		ReleaseScriptingObjects (0ms)
		CreateAndSetChildDomain (79ms)
	RebuildCommonClasses (56ms)
	RebuildNativeTypeToScriptingClass (19ms)
	initialDomainReloadingComplete (50ms)
	LoadAllAssembliesAndSetupDomain (763ms)
		LoadAssemblies (614ms)
		RebuildTransferFunctionScriptingTraits (0ms)
		AnalyzeDomain (351ms)
			TypeCache.Refresh (101ms)
				TypeCache.ScanAssembly (12ms)
			BuildScriptInfoCaches (239ms)
			ResolveRequiredComponents (7ms)
	FinalizeReload (1020ms)
		ReleaseScriptCaches (0ms)
		RebuildScriptCaches (0ms)
		SetupLoadedEditorAssemblies (691ms)
			LogAssemblyErrors (0ms)
			InitializePlatformSupportModulesInManaged (3ms)
			SetLoadedEditorAssemblies (8ms)
			BeforeProcessingInitializeOnLoad (96ms)
			ProcessInitializeOnLoadAttributes (537ms)
			ProcessInitializeOnLoadMethodAttributes (43ms)
			AfterProcessingInitializeOnLoad (3ms)
			EditorAssembliesLoaded (0ms)
		ExecutionOrderSort2 (0ms)
		AwakeInstancesAfterBackupRestoration (13ms)
Refreshing native plugins compatible for Editor in 1.17 ms, found 3 plugins.
Preloading 0 native plugins for Editor in 0.00 ms.
Unloading 30 Unused Serialized files (Serialized files now loaded: 0)
Unloading 5139 unused Assets / (6.2 MB). Loaded Objects now: 5802.
Memory consumption went from 191.2 MB to 185.0 MB.
Total: 20.301200 ms (FindLiveObjects: 0.754800 ms CreateObjectMapping: 0.428300 ms MarkObjects: 5.489200 ms  DeleteObjects: 13.626900 ms)

Prepare: number of updated asset objects reloaded= 0
========================================================================
Received Prepare
Begin MonoManager ReloadAssembly
Symbol file LoadedFromMemory doesn't match image F:\Users\Nyx\QUT F Drive\Year 4\IGB101\Assignment_3\IGB101_MShaw_A3\Library\PackageCache\com.unity.visualscripting@1.8.0\Editor\VisualScripting.Core\Dependencies\YamlDotNet\Unity.VisualScripting.YamlDotNet.dll
Symbol file LoadedFromMemory doesn't match image F:\Users\Nyx\QUT F Drive\Year 4\IGB101\Assignment_3\IGB101_MShaw_A3\Library\PackageCache\com.unity.visualscripting@1.8.0\Editor\VisualScripting.Core\Dependencies\DotNetZip\Unity.VisualScripting.IonicZip.dll
- Loaded All Assemblies, in  1.177 seconds
Refreshing native plugins compatible for Editor in 1.24 ms, found 3 plugins.
Native extension for WindowsStandalone target not found
Mono: successfully reloaded assembly
- Finished resetting the current domain, in  1.004 seconds
Domain Reload Profiling: 2184ms
	BeginReloadAssembly (471ms)
		ExecutionOrderSort (0ms)
		DisableScriptedObjects (12ms)
		BackupInstance (0ms)
		ReleaseScriptingObjects (0ms)
		CreateAndSetChildDomain (166ms)
	RebuildCommonClasses (64ms)
	RebuildNativeTypeToScriptingClass (24ms)
	initialDomainReloadingComplete (40ms)
	LoadAllAssembliesAndSetupDomain (580ms)
		LoadAssemblies (573ms)
		RebuildTransferFunctionScriptingTraits (0ms)
		AnalyzeDomain (247ms)
			TypeCache.Refresh (7ms)
				TypeCache.ScanAssembly (0ms)
			BuildScriptInfoCaches (226ms)
			ResolveRequiredComponents (8ms)
	FinalizeReload (1005ms)
		ReleaseScriptCaches (0ms)
		RebuildScriptCaches (0ms)
		SetupLoadedEditorAssemblies (648ms)
			LogAssemblyErrors (0ms)
			InitializePlatformSupportModulesInManaged (3ms)
			SetLoadedEditorAssemblies (5ms)
			BeforeProcessingInitializeOnLoad (75ms)
			ProcessInitializeOnLoadAttributes (518ms)
			ProcessInitializeOnLoadMethodAttributes (44ms)
			AfterProcessingInitializeOnLoad (3ms)
			EditorAssembliesLoaded (0ms)
		ExecutionOrderSort2 (0ms)
		AwakeInstancesAfterBackupRestoration (13ms)
Refreshing native plugins compatible for Editor in 1.22 ms, found 3 plugins.
Preloading 0 native plugins for Editor in 0.00 ms.
Unloading 30 Unused Serialized files (Serialized files now loaded: 0)
Unloading 5139 unused Assets / (8.1 MB). Loaded Objects now: 5803.
Memory consumption went from 193.1 MB to 185.0 MB.
Total: 17.411700 ms (FindLiveObjects: 0.842800 ms CreateObjectMapping: 0.373500 ms MarkObjects: 5.733000 ms  DeleteObjects: 10.459900 ms)

Prepare: number of updated asset objects reloaded= 0
========================================================================
Received Prepare
Begin MonoManager ReloadAssembly
Symbol file LoadedFromMemory doesn't match image F:\Users\Nyx\QUT F Drive\Year 4\IGB101\Assignment_3\IGB101_MShaw_A3\Library\PackageCache\com.unity.visualscripting@1.8.0\Editor\VisualScripting.Core\Dependencies\YamlDotNet\Unity.VisualScripting.YamlDotNet.dll
Symbol file LoadedFromMemory doesn't match image F:\Users\Nyx\QUT F Drive\Year 4\IGB101\Assignment_3\IGB101_MShaw_A3\Library\PackageCache\com.unity.visualscripting@1.8.0\Editor\VisualScripting.Core\Dependencies\DotNetZip\Unity.VisualScripting.IonicZip.dll
- Loaded All Assemblies, in  1.109 seconds
Refreshing native plugins compatible for Editor in 1.07 ms, found 3 plugins.
Native extension for WindowsStandalone target not found
Mono: successfully reloaded assembly
- Finished resetting the current domain, in  0.975 seconds
Domain Reload Profiling: 2087ms
	BeginReloadAssembly (333ms)
		ExecutionOrderSort (0ms)
		DisableScriptedObjects (6ms)
		BackupInstance (0ms)
		ReleaseScriptingObjects (0ms)
		CreateAndSetChildDomain (78ms)
	RebuildCommonClasses (63ms)
	RebuildNativeTypeToScriptingClass (20ms)
	initialDomainReloadingComplete (39ms)
	LoadAllAssembliesAndSetupDomain (656ms)
		LoadAssemblies (547ms)
		RebuildTransferFunctionScriptingTraits (0ms)
		AnalyzeDomain (309ms)
			TypeCache.Refresh (9ms)
				TypeCache.ScanAssembly (0ms)
			BuildScriptInfoCaches (289ms)
			ResolveRequiredComponents (6ms)
	FinalizeReload (976ms)
		ReleaseScriptCaches (0ms)
		RebuildScriptCaches (0ms)
		SetupLoadedEditorAssemblies (651ms)
			LogAssemblyErrors (0ms)
			InitializePlatformSupportModulesInManaged (4ms)
			SetLoadedEditorAssemblies (5ms)
			BeforeProcessingInitializeOnLoad (70ms)
			ProcessInitializeOnLoadAttributes (511ms)
			ProcessInitializeOnLoadMethodAttributes (56ms)
			AfterProcessingInitializeOnLoad (4ms)
			EditorAssembliesLoaded (0ms)
		ExecutionOrderSort2 (0ms)
		AwakeInstancesAfterBackupRestoration (16ms)
Refreshing native plugins compatible for Editor in 1.34 ms, found 3 plugins.
Preloading 0 native plugins for Editor in 0.00 ms.
Unloading 30 Unused Serialized files (Serialized files now loaded: 0)
Unloading 5139 unused Assets / (6.9 MB). Loaded Objects now: 5804.
Memory consumption went from 195.0 MB to 188.1 MB.
Total: 21.553600 ms (FindLiveObjects: 0.958600 ms CreateObjectMapping: 0.744600 ms MarkObjects: 8.842600 ms  DeleteObjects: 11.005300 ms)

Prepare: number of updated asset objects reloaded= 0
========================================================================
Received Import Request.
  Time since last request: 3931.512582 seconds.
  path: Assets/Models & Prefabs/Models/Downloaded_Assets/DungeonModularPack/Prefabs/Arch_A.prefab
  artifactKey: Guid(e8677bde30e06f341b0e897430988f1c) Importer(815301076,1909f56bfc062723c751e8b465ee728b)
Start importing Assets/Models & Prefabs/Models/Downloaded_Assets/DungeonModularPack/Prefabs/Arch_A.prefab using Guid(e8677bde30e06f341b0e897430988f1c) Importer(815301076,1909f56bfc062723c751e8b465ee728b) (PreviewImporter) -> (artifact id: '39c52e4c9fe364c230f338944fec7100') in 0.6383714 seconds
Number of updated asset objects reloaded before import = 0Number of asset objects unloaded after import = 18

========================================================================
Received Import Request.
  Time since last request: 0.000036 seconds.
  path: Assets/Models & Prefabs/Models/Downloaded_Assets/DungeonModularPack/Prefabs/Handrail_A.prefab
  artifactKey: Guid(c263196d056623347a616f73dc3ddb5b) Importer(815301076,1909f56bfc062723c751e8b465ee728b)
Start importing Assets/Models & Prefabs/Models/Downloaded_Assets/DungeonModularPack/Prefabs/Handrail_A.prefab using Guid(c263196d056623347a616f73dc3ddb5b) Importer(815301076,1909f56bfc062723c751e8b465ee728b) (PreviewImporter) -> (artifact id: '04144d3938914c8c2f31dc19048f4f70') in 0.3579597 seconds
Number of updated asset objects reloaded before import = 0Number of asset objects unloaded after import = 18

========================================================================
Received Import Request.
  Time since last request: 0.000032 seconds.
  path: Assets/Models & Prefabs/Models/Downloaded_Assets/ithappy/Animals_FREE/Meshes/Horse_001.fbx
  artifactKey: Guid(33246b64c1371e444b73335f655fc158) Importer(815301076,1909f56bfc062723c751e8b465ee728b)
Start importing Assets/Models & Prefabs/Models/Downloaded_Assets/ithappy/Animals_FREE/Meshes/Horse_001.fbx using Guid(33246b64c1371e444b73335f655fc158) Importer(815301076,1909f56bfc062723c751e8b465ee728b) (PreviewImporter) -> (artifact id: '529c311c06df9e36866af4d5bf84c43c') in 0.1101583 seconds
Number of updated asset objects reloaded before import = 0Number of asset objects unloaded after import = 106

========================================================================
Received Import Request.
  Time since last request: 0.000023 seconds.
  path: Assets/Models & Prefabs/Walls and Floors/Models/Wood/Door-Wood-Model-03.fbx
  artifactKey: Guid(5bd2be986c1e9824c9fc2e7b28a930c6) Importer(815301076,1909f56bfc062723c751e8b465ee728b)
Start importing Assets/Models & Prefabs/Walls and Floors/Models/Wood/Door-Wood-Model-03.fbx using Guid(5bd2be986c1e9824c9fc2e7b28a930c6) Importer(815301076,1909f56bfc062723c751e8b465ee728b) (PreviewImporter) -> (artifact id: 'e32fb07ada43fd47f11a7a8dcc949677') in 0.3192593 seconds
Number of updated asset objects reloaded before import = 0Number of asset objects unloaded after import = 10

========================================================================
Received Import Request.
  Time since last request: 0.000022 seconds.
  path: Assets/Models & Prefabs/Walls and Floors/Models/Stone/Floor-Stone-Model-01.fbx
  artifactKey: Guid(f82ce6fd18315eb44ad3a7799a799667) Importer(815301076,1909f56bfc062723c751e8b465ee728b)
Start importing Assets/Models & Prefabs/Walls and Floors/Models/Stone/Floor-Stone-Model-01.fbx using Guid(f82ce6fd18315eb44ad3a7799a799667) Importer(815301076,1909f56bfc062723c751e8b465ee728b) (PreviewImporter) -> (artifact id: '7c981f899fe8cca4c8016d61c3892ebd') in 0.0376759 seconds
Number of updated asset objects reloaded before import = 0Number of asset objects unloaded after import = 9

========================================================================
Received Import Request.
  Time since last request: 0.000030 seconds.
  path: Assets/Models & Prefabs/Models/Downloaded_Assets/DungeonModularPack/Prefabs/Handrail_B.prefab
  artifactKey: Guid(17e881b8e9ac70642bcd5aa72e2546f0) Importer(815301076,1909f56bfc062723c751e8b465ee728b)
Start importing Assets/Models & Prefabs/Models/Downloaded_Assets/DungeonModularPack/Prefabs/Handrail_B.prefab using Guid(17e881b8e9ac70642bcd5aa72e2546f0) Importer(815301076,1909f56bfc062723c751e8b465ee728b) (PreviewImporter) -> (artifact id: '50da82f7e103295ed1dcee12b9413e83') in 0.0693499 seconds
Number of updated asset objects reloaded before import = 0Number of asset objects unloaded after import = 18

========================================================================
Received Import Request.
  Time since last request: 0.000023 seconds.
  path: Assets/Models & Prefabs/Models/Original/display_glass.prefab
  artifactKey: Guid(0bb23a6dc15d7da4897195ae47ee0342) Importer(815301076,1909f56bfc062723c751e8b465ee728b)
Start importing Assets/Models & Prefabs/Models/Original/display_glass.prefab using Guid(0bb23a6dc15d7da4897195ae47ee0342) Importer(815301076,1909f56bfc062723c751e8b465ee728b) (PreviewImporter) -> (artifact id: 'ca600d2877fbb232f52367a356189245') in 0.4219222 seconds
Number of updated asset objects reloaded before import = 0Number of asset objects unloaded after import = 9

========================================================================
Received Import Request.
  Time since last request: 0.000026 seconds.
  path: Assets/Models & Prefabs/Walls and Floors/Models/Stone/Floor-Stone-Model-02.fbx
  artifactKey: Guid(64cabf81a7e08cf4bb69fb6cb5a29f68) Importer(815301076,1909f56bfc062723c751e8b465ee728b)
Start importing Assets/Models & Prefabs/Walls and Floors/Models/Stone/Floor-Stone-Model-02.fbx using Guid(64cabf81a7e08cf4bb69fb6cb5a29f68) Importer(815301076,1909f56bfc062723c751e8b465ee728b) (PreviewImporter) -> (artifact id: '2fd82dcbcd0a1e1c19c9575599f24db0') in 0.0364802 seconds
Number of updated asset objects reloaded before import = 0Number of asset objects unloaded after import = 9

========================================================================
Received Import Request.
  Time since last request: 0.000033 seconds.
  path: Assets/Models & Prefabs/Models/Downloaded_Assets/Floreswa/Models/male01_1.fbx
  artifactKey: Guid(8242b18fc7252af44a453bcfefda7e7c) Importer(815301076,1909f56bfc062723c751e8b465ee728b)
Start importing Assets/Models & Prefabs/Models/Downloaded_Assets/Floreswa/Models/male01_1.fbx using Guid(8242b18fc7252af44a453bcfefda7e7c) Importer(815301076,1909f56bfc062723c751e8b465ee728b) (PreviewImporter) -> (artifact id: '92324415587edafe159b757dd1f925d3') in 0.2423338 seconds
Number of updated asset objects reloaded before import = 0Number of asset objects unloaded after import = 95

========================================================================
Received Import Request.
  Time since last request: 0.000024 seconds.
  path: Assets/Models & Prefabs/Walls and Floors/Models/Stone/Corner-Stone-Model-03.fbx
  artifactKey: Guid(c9a2f8ec850b892478e8fd57cc866047) Importer(815301076,1909f56bfc062723c751e8b465ee728b)
Start importing Assets/Models & Prefabs/Walls and Floors/Models/Stone/Corner-Stone-Model-03.fbx using Guid(c9a2f8ec850b892478e8fd57cc866047) Importer(815301076,1909f56bfc062723c751e8b465ee728b) (PreviewImporter) -> (artifact id: '7cff93811228f74177a707df8610d225') in 0.0446304 seconds
Number of updated asset objects reloaded before import = 0Number of asset objects unloaded after import = 9

========================================================================
Received Import Request.
  Time since last request: 0.000039 seconds.
  path: Assets/Models & Prefabs/Walls and Floors/Prefabs/Wood/Corners/Corner-Wood (1).prefab
  artifactKey: Guid(34aa8881937f6d34dae65bd3e4559d98) Importer(815301076,1909f56bfc062723c751e8b465ee728b)
Start importing Assets/Models & Prefabs/Walls and Floors/Prefabs/Wood/Corners/Corner-Wood (1).prefab using Guid(34aa8881937f6d34dae65bd3e4559d98) Importer(815301076,1909f56bfc062723c751e8b465ee728b) (PreviewImporter) -> (artifact id: '6310dd125b47150c3f4d10c37104787e') in 0.0327528 seconds
Number of updated asset objects reloaded before import = 0Number of asset objects unloaded after import = 10

========================================================================
Received Import Request.
  Time since last request: 0.000022 seconds.
  path: Assets/Models & Prefabs/Models/Downloaded_Assets/Floreswa/Prefabs/glasses01.prefab
  artifactKey: Guid(3d98e0d50baee5b41b8d69f5fd76110a) Importer(815301076,1909f56bfc062723c751e8b465ee728b)
Start importing Assets/Models & Prefabs/Models/Downloaded_Assets/Floreswa/Prefabs/glasses01.prefab using Guid(3d98e0d50baee5b41b8d69f5fd76110a) Importer(815301076,1909f56bfc062723c751e8b465ee728b) (PreviewImporter) -> (artifact id: '054dd29414444f0851e62814e7713f8f') in 0.031055 seconds
Number of updated asset objects reloaded before import = 0Number of asset objects unloaded after import = 13

========================================================================
Received Import Request.
  Time since last request: 0.000025 seconds.
  path: Assets/Models & Prefabs/Prefabs/Structures/longer_dungeon_wall.prefab
  artifactKey: Guid(20892e98e3e75d4458d1f2b759cbb7e4) Importer(815301076,1909f56bfc062723c751e8b465ee728b)
Start importing Assets/Models & Prefabs/Prefabs/Structures/longer_dungeon_wall.prefab using Guid(20892e98e3e75d4458d1f2b759cbb7e4) Importer(815301076,1909f56bfc062723c751e8b465ee728b) (PreviewImporter) -> (artifact id: '3b05adb4401c39d1289f98d70f0a44e4') in 0.1669681 seconds
Number of updated asset objects reloaded before import = 0Number of asset objects unloaded after import = 19

========================================================================
Received Import Request.
  Time since last request: 0.000035 seconds.
  path: Assets/Models & Prefabs/Models/Downloaded_Assets/Awesome_Lamp_Collection/Prefabs/Lamp17.1.prefab
  artifactKey: Guid(b95455194ad48024588138f0cb6c91e8) Importer(815301076,1909f56bfc062723c751e8b465ee728b)
Start importing Assets/Models & Prefabs/Models/Downloaded_Assets/Awesome_Lamp_Collection/Prefabs/Lamp17.1.prefab using Guid(b95455194ad48024588138f0cb6c91e8) Importer(815301076,1909f56bfc062723c751e8b465ee728b) (PreviewImporter) -> (artifact id: '39da16eec961019c0233a7d7be5c6490') in 0.3945987 seconds
Number of updated asset objects reloaded before import = 0Number of asset objects unloaded after import = 20

========================================================================
Received Import Request.
  Time since last request: 0.000039 seconds.
  path: Assets/Models & Prefabs/Models/Downloaded_Assets/DungeonModularPack/Meshes/Handrail_A.fbx
  artifactKey: Guid(101f39be19b1e3441b531ed29cea1acf) Importer(815301076,1909f56bfc062723c751e8b465ee728b)
Start importing Assets/Models & Prefabs/Models/Downloaded_Assets/DungeonModularPack/Meshes/Handrail_A.fbx using Guid(101f39be19b1e3441b531ed29cea1acf) Importer(815301076,1909f56bfc062723c751e8b465ee728b) (PreviewImporter) -> (artifact id: 'f264a7ed96fcbbedfdfe7cd6ef5fe6a5') in 0.0386091 seconds
Number of updated asset objects reloaded before import = 0Number of asset objects unloaded after import = 7

========================================================================
Received Import Request.
  Time since last request: 0.000037 seconds.
  path: Assets/Models & Prefabs/Models/Downloaded_Assets/Floreswa/Models/male03_1.fbx
  artifactKey: Guid(ab7437c47894cb54d845cb3f2a83e3c0) Importer(815301076,1909f56bfc062723c751e8b465ee728b)
Start importing Assets/Models & Prefabs/Models/Downloaded_Assets/Floreswa/Models/male03_1.fbx using Guid(ab7437c47894cb54d845cb3f2a83e3c0) Importer(815301076,1909f56bfc062723c751e8b465ee728b) (PreviewImporter) -> (artifact id: '03535bef885463037f27bb0fb32b0042') in 0.2472479 seconds
Number of updated asset objects reloaded before import = 0Number of asset objects unloaded after import = 93

========================================================================
Received Import Request.
  Time since last request: 0.000025 seconds.
  path: Assets/Models & Prefabs/Models/Downloaded_Assets/Awesome_Lamp_Collection/Modells/Cabel_04.fbx
  artifactKey: Guid(3d83b04c45680824ca499b815a7cf916) Importer(815301076,1909f56bfc062723c751e8b465ee728b)
Start importing Assets/Models & Prefabs/Models/Downloaded_Assets/Awesome_Lamp_Collection/Modells/Cabel_04.fbx using Guid(3d83b04c45680824ca499b815a7cf916) Importer(815301076,1909f56bfc062723c751e8b465ee728b) (PreviewImporter) -> (artifact id: '25b02cc8564083c613cd305031589962') in 0.0632313 seconds
Number of updated asset objects reloaded before import = 0Number of asset objects unloaded after import = 8

========================================================================
Received Import Request.
  Time since last request: 0.000032 seconds.
  path: Assets/Models & Prefabs/Prefabs/Length.prefab
  artifactKey: Guid(4a4f51ed8f734624c859dc41d4af5859) Importer(815301076,1909f56bfc062723c751e8b465ee728b)
Start importing Assets/Models & Prefabs/Prefabs/Length.prefab using Guid(4a4f51ed8f734624c859dc41d4af5859) Importer(815301076,1909f56bfc062723c751e8b465ee728b) (PreviewImporter) -> (artifact id: '92e0b2b916f6e23802b04d4344817a2f') in 0.0307947 seconds
Number of updated asset objects reloaded before import = 0Number of asset objects unloaded after import = 45

========================================================================
Received Import Request.
  Time since last request: 0.000028 seconds.
  path: Assets/Models & Prefabs/Models/Downloaded_Assets/Floreswa/Models/male02_2.fbx
  artifactKey: Guid(89ec959954575f94b93e606fff2cb187) Importer(815301076,1909f56bfc062723c751e8b465ee728b)
Start importing Assets/Models & Prefabs/Models/Downloaded_Assets/Floreswa/Models/male02_2.fbx using Guid(89ec959954575f94b93e606fff2cb187) Importer(815301076,1909f56bfc062723c751e8b465ee728b) (PreviewImporter) -> (artifact id: '234e765dd742acade8cb1187bba59a21') in 0.1981352 seconds
Number of updated asset objects reloaded before import = 0Number of asset objects unloaded after import = 94

========================================================================
Received Import Request.
  Time since last request: 0.030154 seconds.
  path: Assets/Models & Prefabs/Models/Downloaded_Assets/Floreswa/Prefabs/male03_2.prefab
  artifactKey: Guid(04dadcfb8f3a78347aff46020e1aae74) Importer(815301076,1909f56bfc062723c751e8b465ee728b)
Start importing Assets/Models & Prefabs/Models/Downloaded_Assets/Floreswa/Prefabs/male03_2.prefab using Guid(04dadcfb8f3a78347aff46020e1aae74) Importer(815301076,1909f56bfc062723c751e8b465ee728b) (PreviewImporter) -> (artifact id: 'a055c0503deb07ad4119958104e71b48') in 0.0318334 seconds
Number of updated asset objects reloaded before import = 0Number of asset objects unloaded after import = 174

========================================================================
Received Import Request.
  Time since last request: 0.000023 seconds.
  path: Assets/Models & Prefabs/Models/Downloaded_Assets/DungeonModularPack/Meshes/Handrail_B.fbx
  artifactKey: Guid(cf01e1798f9294a4e9ac74376f8857ed) Importer(815301076,1909f56bfc062723c751e8b465ee728b)
Start importing Assets/Models & Prefabs/Models/Downloaded_Assets/DungeonModularPack/Meshes/Handrail_B.fbx using Guid(cf01e1798f9294a4e9ac74376f8857ed) Importer(815301076,1909f56bfc062723c751e8b465ee728b) (PreviewImporter) -> (artifact id: '64155178228f4e8c7c1e49284c2fac7f') in 0.0395423 seconds
Number of updated asset objects reloaded before import = 0Number of asset objects unloaded after import = 7

========================================================================
Received Import Request.
  Time since last request: 0.000021 seconds.
  path: Assets/Models & Prefabs/Models/Downloaded_Assets/Awesome_Lamp_Collection/Modells/Lamp05.fbx
  artifactKey: Guid(ac5888f257a31794a806e5587ca399f1) Importer(815301076,1909f56bfc062723c751e8b465ee728b)
Start importing Assets/Models & Prefabs/Models/Downloaded_Assets/Awesome_Lamp_Collection/Modells/Lamp05.fbx using Guid(ac5888f257a31794a806e5587ca399f1) Importer(815301076,1909f56bfc062723c751e8b465ee728b) (PreviewImporter) -> (artifact id: '837bf4cd5f5d057463681e14d3bd149e') in 0.0332005 seconds
Number of updated asset objects reloaded before import = 0Number of asset objects unloaded after import = 8

========================================================================
Received Import Request.
  Time since last request: 0.000020 seconds.
  path: Assets/Models & Prefabs/Models/Downloaded_Assets/Awesome_Lamp_Collection/Modells/Lamp24.fbx
  artifactKey: Guid(8f261baa7d923fb449999adf730c7372) Importer(815301076,1909f56bfc062723c751e8b465ee728b)
Start importing Assets/Models & Prefabs/Models/Downloaded_Assets/Awesome_Lamp_Collection/Modells/Lamp24.fbx using Guid(8f261baa7d923fb449999adf730c7372) Importer(815301076,1909f56bfc062723c751e8b465ee728b) (PreviewImporter) -> (artifact id: 'aa20bb6d0326f1175f570816f1b7a2b9') in 0.0315196 seconds
Number of updated asset objects reloaded before import = 0Number of asset objects unloaded after import = 8

========================================================================
Received Import Request.
  Time since last request: 0.000032 seconds.
  path: Assets/Models & Prefabs/Models/Downloaded_Assets/Awesome_Lamp_Collection/Modells/Lamp04.fbx
  artifactKey: Guid(64b30726a2089fd42af8483736df3ae6) Importer(815301076,1909f56bfc062723c751e8b465ee728b)
Start importing Assets/Models & Prefabs/Models/Downloaded_Assets/Awesome_Lamp_Collection/Modells/Lamp04.fbx using Guid(64b30726a2089fd42af8483736df3ae6) Importer(815301076,1909f56bfc062723c751e8b465ee728b) (PreviewImporter) -> (artifact id: 'e08915e262d99d0c711bdd865a997eae') in 0.0295023 seconds
Number of updated asset objects reloaded before import = 0Number of asset objects unloaded after import = 8

========================================================================
Received Import Request.
  Time since last request: 0.000022 seconds.
  path: Assets/Models & Prefabs/Models/Downloaded_Assets/ithappy/Animals_FREE/Prefabs/Deer_001.prefab
  artifactKey: Guid(4ecab060b0afb5d4db61f7f1311b9e24) Importer(815301076,1909f56bfc062723c751e8b465ee728b)
Start importing Assets/Models & Prefabs/Models/Downloaded_Assets/ithappy/Animals_FREE/Prefabs/Deer_001.prefab using Guid(4ecab060b0afb5d4db61f7f1311b9e24) Importer(815301076,1909f56bfc062723c751e8b465ee728b) (PreviewImporter) -> (artifact id: '21972da9830f32266ad5a77469628bbb') in 0.0675636 seconds
Internal: There are remaining Allocations on the JobTempAlloc. This is a leak, and will impact performance
To Debug, run app with -diag-job-temp-memory-leak-validation cmd line argument. This will output the callstacks of the leaked allocations.
Number of updated asset objects reloaded before import = 0Number of asset objects unloaded after import = 92

========================================================================
Received Import Request.
  Time since last request: 0.000024 seconds.
  path: Assets/Models & Prefabs/Models/Downloaded_Assets/Floreswa/Prefabs/male01_1.prefab
  artifactKey: Guid(5b47e8ac1ce6c5c479313da4094e8caf) Importer(815301076,1909f56bfc062723c751e8b465ee728b)
Start importing Assets/Models & Prefabs/Models/Downloaded_Assets/Floreswa/Prefabs/male01_1.prefab using Guid(5b47e8ac1ce6c5c479313da4094e8caf) Importer(815301076,1909f56bfc062723c751e8b465ee728b) (PreviewImporter) -> (artifact id: '5d9865756c9b8913a8060fe9881eec6f') in 0.0236076 seconds
Internal: There are remaining Allocations on the JobTempAlloc. This is a leak, and will impact performance
To Debug, run app with -diag-job-temp-memory-leak-validation cmd line argument. This will output the callstacks of the leaked allocations.
Number of updated asset objects reloaded before import = 0Number of asset objects unloaded after import = 175

========================================================================
Received Import Request.
  Time since last request: 0.000030 seconds.
  path: Assets/Materials and Textures/Downloaded/YughuesFreeGroundMaterials/Preview/Mesh_Sphere.fbx
  artifactKey: Guid(aff69610a3fc64c4198b13456fc2c421) Importer(815301076,1909f56bfc062723c751e8b465ee728b)
Start importing Assets/Materials and Textures/Downloaded/YughuesFreeGroundMaterials/Preview/Mesh_Sphere.fbx using Guid(aff69610a3fc64c4198b13456fc2c421) Importer(815301076,1909f56bfc062723c751e8b465ee728b) (PreviewImporter) -> (artifact id: '35a5ef00796fe0a97ef9e4d66b6ad9b2') in 0.035065 seconds
Internal: There are remaining Allocations on the JobTempAlloc. This is a leak, and will impact performance
To Debug, run app with -diag-job-temp-memory-leak-validation cmd line argument. This will output the callstacks of the leaked allocations.
Number of updated asset objects reloaded before import = 0Number of asset objects unloaded after import = 7

========================================================================
Received Import Request.
  Time since last request: 0.000029 seconds.
  path: Assets/Models & Prefabs/Models/Downloaded_Assets/Awesome_Lamp_Collection/Prefabs/Lamp16.1.prefab
  artifactKey: Guid(223fef18c727fbd4fafc47b64145b6b0) Importer(815301076,1909f56bfc062723c751e8b465ee728b)
Start importing Assets/Models & Prefabs/Models/Downloaded_Assets/Awesome_Lamp_Collection/Prefabs/Lamp16.1.prefab using Guid(223fef18c727fbd4fafc47b64145b6b0) Importer(815301076,1909f56bfc062723c751e8b465ee728b) (PreviewImporter) -> (artifact id: '31fb8c16768700f0d57c6657b87a6064') in 0.0609063 seconds
Internal: There are remaining Allocations on the JobTempAlloc. This is a leak, and will impact performance
To Debug, run app with -diag-job-temp-memory-leak-validation cmd line argument. This will output the callstacks of the leaked allocations.
Number of updated asset objects reloaded before import = 0Number of asset objects unloaded after import = 20

========================================================================
Received Import Request.
  Time since last request: 0.000020 seconds.
  path: Assets/Models & Prefabs/Models/Downloaded_Assets/Awesome_Lamp_Collection/Prefabs/Lamp20.3.prefab
  artifactKey: Guid(ff08338199479904db2a75b8362b611c) Importer(815301076,1909f56bfc062723c751e8b465ee728b)
Start importing Assets/Models & Prefabs/Models/Downloaded_Assets/Awesome_Lamp_Collection/Prefabs/Lamp20.3.prefab using Guid(ff08338199479904db2a75b8362b611c) Importer(815301076,1909f56bfc062723c751e8b465ee728b) (PreviewImporter) -> (artifact id: '441b12f1f7c7b67537ba78f0d1be7bd8') in 0.1349533 seconds
Internal: There are remaining Allocations on the JobTempAlloc. This is a leak, and will impact performance
To Debug, run app with -diag-job-temp-memory-leak-validation cmd line argument. This will output the callstacks of the leaked allocations.
Number of updated asset objects reloaded before import = 0Number of asset objects unloaded after import = 20

========================================================================
Received Import Request.
  Time since last request: 0.000023 seconds.
  path: Assets/Models & Prefabs/Models/Downloaded_Assets/Awesome_Lamp_Collection/Modells/Lamp16.fbx
  artifactKey: Guid(0c3203ce242d4c54c934fc702c97676d) Importer(815301076,1909f56bfc062723c751e8b465ee728b)
Start importing Assets/Models & Prefabs/Models/Downloaded_Assets/Awesome_Lamp_Collection/Modells/Lamp16.fbx using Guid(0c3203ce242d4c54c934fc702c97676d) Importer(815301076,1909f56bfc062723c751e8b465ee728b) (PreviewImporter) -> (artifact id: '9a503fda44afa530db812cc3c845a065') in 0.0308087 seconds
Internal: There are remaining Allocations on the JobTempAlloc. This is a leak, and will impact performance
To Debug, run app with -diag-job-temp-memory-leak-validation cmd line argument. This will output the callstacks of the leaked allocations.
Number of updated asset objects reloaded before import = 0Number of asset objects unloaded after import = 12

========================================================================
Received Import Request.
  Time since last request: 0.000029 seconds.
  path: Assets/Models & Prefabs/Walls and Floors/Prefabs/Wood/Doors/Door-Wood (3).prefab
  artifactKey: Guid(bc5f90d176dc12245ba608646eb5168f) Importer(815301076,1909f56bfc062723c751e8b465ee728b)
Start importing Assets/Models & Prefabs/Walls and Floors/Prefabs/Wood/Doors/Door-Wood (3).prefab using Guid(bc5f90d176dc12245ba608646eb5168f) Importer(815301076,1909f56bfc062723c751e8b465ee728b) (PreviewImporter) -> (artifact id: '035653f148aa1ea480fed2e569a6e436') in 0.0273053 seconds
Internal: There are remaining Allocations on the JobTempAlloc. This is a leak, and will impact performance
To Debug, run app with -diag-job-temp-memory-leak-validation cmd line argument. This will output the callstacks of the leaked allocations.
Number of updated asset objects reloaded before import = 0Number of asset objects unloaded after import = 13

========================================================================
Received Import Request.
  Time since last request: 0.000032 seconds.
  path: Assets/Models & Prefabs/Walls and Floors/Prefabs/Stone/Floors/Floor-Stone (1).prefab
  artifactKey: Guid(5c5270ce0258f074e9ec5251e4b0776e) Importer(815301076,1909f56bfc062723c751e8b465ee728b)
Start importing Assets/Models & Prefabs/Walls and Floors/Prefabs/Stone/Floors/Floor-Stone (1).prefab using Guid(5c5270ce0258f074e9ec5251e4b0776e) Importer(815301076,1909f56bfc062723c751e8b465ee728b) (PreviewImporter) -> (artifact id: '272bc19ed244ef63e94efebd5c35d3ab') in 0.029822 seconds
Internal: There are remaining Allocations on the JobTempAlloc. This is a leak, and will impact performance
To Debug, run app with -diag-job-temp-memory-leak-validation cmd line argument. This will output the callstacks of the leaked allocations.
Number of updated asset objects reloaded before import = 0Number of asset objects unloaded after import = 10

========================================================================
Received Import Request.
  Time since last request: 0.000034 seconds.
  path: Assets/Models & Prefabs/Models/Downloaded_Assets/Awesome_Lamp_Collection/Modells/Lamp23.fbx
  artifactKey: Guid(632f326e7b7183f45a83a4246ef6f4d5) Importer(815301076,1909f56bfc062723c751e8b465ee728b)
Start importing Assets/Models & Prefabs/Models/Downloaded_Assets/Awesome_Lamp_Collection/Modells/Lamp23.fbx using Guid(632f326e7b7183f45a83a4246ef6f4d5) Importer(815301076,1909f56bfc062723c751e8b465ee728b) (PreviewImporter) -> (artifact id: '9ea0b8d63604808c05164eba4d302f43') in 0.0521582 seconds
Internal: JobTempAlloc has allocations that are more than the maximum lifespan of 4 frames old - this is not allowed and likely a leak
To Debug, run app with -diag-job-temp-memory-leak-validation cmd line argument. This will output the callstacks of the leaked allocations.
Internal: There are remaining Allocations on the JobTempAlloc. This is a leak, and will impact performance
To Debug, run app with -diag-job-temp-memory-leak-validation cmd line argument. This will output the callstacks of the leaked allocations.
Number of updated asset objects reloaded before import = 0Number of asset objects unloaded after import = 8

========================================================================
Received Import Request.
  Time since last request: 0.000022 seconds.
  path: Assets/Models & Prefabs/Walls and Floors/Models/Stone/Door-Stone-Model-03.fbx
  artifactKey: Guid(7ba2e918d3548e74d85b1d3d3d6ac1a8) Importer(815301076,1909f56bfc062723c751e8b465ee728b)
Start importing Assets/Models & Prefabs/Walls and Floors/Models/Stone/Door-Stone-Model-03.fbx using Guid(7ba2e918d3548e74d85b1d3d3d6ac1a8) Importer(815301076,1909f56bfc062723c751e8b465ee728b) (PreviewImporter) -> (artifact id: '3d74423d82ee91e2d18b90b721caefeb') in 0.0463119 seconds
Internal: There are remaining Allocations on the JobTempAlloc. This is a leak, and will impact performance
To Debug, run app with -diag-job-temp-memory-leak-validation cmd line argument. This will output the callstacks of the leaked allocations.
Number of updated asset objects reloaded before import = 0Number of asset objects unloaded after import = 9

========================================================================
Received Import Request.
  Time since last request: 0.000019 seconds.
  path: Assets/Models & Prefabs/Walls and Floors/Models/Wood/Corner-Wood-Model-03.fbx
  artifactKey: Guid(4258197bb6e4954499326e662d928b01) Importer(815301076,1909f56bfc062723c751e8b465ee728b)
Start importing Assets/Models & Prefabs/Walls and Floors/Models/Wood/Corner-Wood-Model-03.fbx using Guid(4258197bb6e4954499326e662d928b01) Importer(815301076,1909f56bfc062723c751e8b465ee728b) (PreviewImporter) -> (artifact id: 'c4ebf6f593aa8841ee436acb45260ead') in 0.0305444 seconds
Internal: There are remaining Allocations on the JobTempAlloc. This is a leak, and will impact performance
To Debug, run app with -diag-job-temp-memory-leak-validation cmd line argument. This will output the callstacks of the leaked allocations.
Number of updated asset objects reloaded before import = 0Number of asset objects unloaded after import = 9

========================================================================
Received Import Request.
  Time since last request: 0.000024 seconds.
  path: Assets/Models & Prefabs/Walls and Floors/Prefabs/Stone/Corners/Corner-Stone (2).prefab
  artifactKey: Guid(74b669fe92fe9174ebae205152ac9e61) Importer(815301076,1909f56bfc062723c751e8b465ee728b)
Start importing Assets/Models & Prefabs/Walls and Floors/Prefabs/Stone/Corners/Corner-Stone (2).prefab using Guid(74b669fe92fe9174ebae205152ac9e61) Importer(815301076,1909f56bfc062723c751e8b465ee728b) (PreviewImporter) -> (artifact id: 'd00ee24a23ea28c93db40a1796b5e228') in 0.0282288 seconds
Internal: There are remaining Allocations on the JobTempAlloc. This is a leak, and will impact performance
To Debug, run app with -diag-job-temp-memory-leak-validation cmd line argument. This will output the callstacks of the leaked allocations.
Number of updated asset objects reloaded before import = 0Number of asset objects unloaded after import = 10

========================================================================
Received Import Request.
  Time since last request: 0.000024 seconds.
  path: Assets/Models & Prefabs/Models/Downloaded_Assets/Floreswa/Prefabs/male02_2.prefab
  artifactKey: Guid(0577fdeb811a83a49887000239fb6ff5) Importer(815301076,1909f56bfc062723c751e8b465ee728b)
Start importing Assets/Models & Prefabs/Models/Downloaded_Assets/Floreswa/Prefabs/male02_2.prefab using Guid(0577fdeb811a83a49887000239fb6ff5) Importer(815301076,1909f56bfc062723c751e8b465ee728b) (PreviewImporter) -> (artifact id: '04788afbe29cb636f54a91b86abe19cb') in 0.0313215 seconds
Internal: There are remaining Allocations on the JobTempAlloc. This is a leak, and will impact performance
To Debug, run app with -diag-job-temp-memory-leak-validation cmd line argument. This will output the callstacks of the leaked allocations.
Number of updated asset objects reloaded before import = 0Number of asset objects unloaded after import = 174

========================================================================
Received Import Request.
  Time since last request: 0.000030 seconds.
  path: Assets/Models & Prefabs/Models/Downloaded_Assets/Awesome_Lamp_Collection/Modells/Lamp12.fbx
  artifactKey: Guid(ab9229ebf6656c5479b5145020880cea) Importer(815301076,1909f56bfc062723c751e8b465ee728b)
Start importing Assets/Models & Prefabs/Models/Downloaded_Assets/Awesome_Lamp_Collection/Modells/Lamp12.fbx using Guid(ab9229ebf6656c5479b5145020880cea) Importer(815301076,1909f56bfc062723c751e8b465ee728b) (PreviewImporter) -> (artifact id: 'c0b928739fb409e6636aa8039fb5e7fd') in 0.0344879 seconds
Internal: There are remaining Allocations on the JobTempAlloc. This is a leak, and will impact performance
To Debug, run app with -diag-job-temp-memory-leak-validation cmd line argument. This will output the callstacks of the leaked allocations.
Number of updated asset objects reloaded before import = 0Number of asset objects unloaded after import = 8

========================================================================
Received Import Request.
  Time since last request: 0.000022 seconds.
  path: Assets/Models & Prefabs/Models/Downloaded_Assets/Floreswa/Prefabs/male01_2.prefab
  artifactKey: Guid(cf551a8bd10eb4a4abc34c01305ff4da) Importer(815301076,1909f56bfc062723c751e8b465ee728b)
Start importing Assets/Models & Prefabs/Models/Downloaded_Assets/Floreswa/Prefabs/male01_2.prefab using Guid(cf551a8bd10eb4a4abc34c01305ff4da) Importer(815301076,1909f56bfc062723c751e8b465ee728b) (PreviewImporter) -> (artifact id: 'abb46deb79499e139ba8318cce47fad2') in 0.0302619 seconds
Internal: There are remaining Allocations on the JobTempAlloc. This is a leak, and will impact performance
To Debug, run app with -diag-job-temp-memory-leak-validation cmd line argument. This will output the callstacks of the leaked allocations.
Number of updated asset objects reloaded before import = 0Number of asset objects unloaded after import = 174

========================================================================
Received Import Request.
  Time since last request: 0.000025 seconds.
  path: Assets/Models & Prefabs/Models/Downloaded_Assets/Floreswa/Prefabs/glasses02.prefab
  artifactKey: Guid(53807a1f1e731e244bc2ec6e50984acc) Importer(815301076,1909f56bfc062723c751e8b465ee728b)
Start importing Assets/Models & Prefabs/Models/Downloaded_Assets/Floreswa/Prefabs/glasses02.prefab using Guid(53807a1f1e731e244bc2ec6e50984acc) Importer(815301076,1909f56bfc062723c751e8b465ee728b) (PreviewImporter) -> (artifact id: '1e6418e74243e4fd33918e12f38ee7ea') in 0.0260487 seconds
Internal: There are remaining Allocations on the JobTempAlloc. This is a leak, and will impact performance
To Debug, run app with -diag-job-temp-memory-leak-validation cmd line argument. This will output the callstacks of the leaked allocations.
Number of updated asset objects reloaded before import = 0Number of asset objects unloaded after import = 14

========================================================================
Received Import Request.
  Time since last request: 0.000022 seconds.
  path: Assets/Models & Prefabs/Prefabs/Structures/new_dungeon-wall.prefab
  artifactKey: Guid(6e45b2705094a284c8534024c6681ced) Importer(815301076,1909f56bfc062723c751e8b465ee728b)
Start importing Assets/Models & Prefabs/Prefabs/Structures/new_dungeon-wall.prefab using Guid(6e45b2705094a284c8534024c6681ced) Importer(815301076,1909f56bfc062723c751e8b465ee728b) (PreviewImporter) -> (artifact id: '3ee3e4f5cde0a08a85ccc4ab4d3952ae') in 0.0329003 seconds
Internal: There are remaining Allocations on the JobTempAlloc. This is a leak, and will impact performance
To Debug, run app with -diag-job-temp-memory-leak-validation cmd line argument. This will output the callstacks of the leaked allocations.
Number of updated asset objects reloaded before import = 0Number of asset objects unloaded after import = 19

========================================================================
Received Import Request.
  Time since last request: 0.000024 seconds.
  path: Assets/Models & Prefabs/Walls and Floors/Prefabs/Wood/Floors/Floor-Wood (1).prefab
  artifactKey: Guid(2046beae207d6db4199c40c4d14f4141) Importer(815301076,1909f56bfc062723c751e8b465ee728b)
Start importing Assets/Models & Prefabs/Walls and Floors/Prefabs/Wood/Floors/Floor-Wood (1).prefab using Guid(2046beae207d6db4199c40c4d14f4141) Importer(815301076,1909f56bfc062723c751e8b465ee728b) (PreviewImporter) -> (artifact id: 'e68e4176a8334a49d9ae80c770ba7c89') in 0.2331266 seconds
Internal: There are remaining Allocations on the JobTempAlloc. This is a leak, and will impact performance
To Debug, run app with -diag-job-temp-memory-leak-validation cmd line argument. This will output the callstacks of the leaked allocations.
Number of updated asset objects reloaded before import = 0Number of asset objects unloaded after import = 14

========================================================================
Received Import Request.
  Time since last request: 0.000022 seconds.
  path: Assets/Models & Prefabs/Models/Downloaded_Assets/Floreswa/Models/male01_2.fbx
  artifactKey: Guid(0842a324783ca334f92c110573b49a24) Importer(815301076,1909f56bfc062723c751e8b465ee728b)
Start importing Assets/Models & Prefabs/Models/Downloaded_Assets/Floreswa/Models/male01_2.fbx using Guid(0842a324783ca334f92c110573b49a24) Importer(815301076,1909f56bfc062723c751e8b465ee728b) (PreviewImporter) -> (artifact id: 'fdf02d24e92902c46ae1b3deae0bbf5b') in 0.1975335 seconds
Internal: There are remaining Allocations on the JobTempAlloc. This is a leak, and will impact performance
To Debug, run app with -diag-job-temp-memory-leak-validation cmd line argument. This will output the callstacks of the leaked allocations.
Number of updated asset objects reloaded before import = 0Number of asset objects unloaded after import = 94

========================================================================
Received Import Request.
  Time since last request: 0.000037 seconds.
  path: Assets/Models & Prefabs/Models/Downloaded_Assets/Korea_TreasureProps/Prefabs/SM_057_Brick.prefab
  artifactKey: Guid(938ca171084b251408df30266d645eae) Importer(815301076,1909f56bfc062723c751e8b465ee728b)
Start importing Assets/Models & Prefabs/Models/Downloaded_Assets/Korea_TreasureProps/Prefabs/SM_057_Brick.prefab using Guid(938ca171084b251408df30266d645eae) Importer(815301076,1909f56bfc062723c751e8b465ee728b) (PreviewImporter) -> (artifact id: '101895d0a2b7d77722bc162704c7da46') in 0.2661214 seconds
Internal: There are remaining Allocations on the JobTempAlloc. This is a leak, and will impact performance
To Debug, run app with -diag-job-temp-memory-leak-validation cmd line argument. This will output the callstacks of the leaked allocations.
Number of updated asset objects reloaded before import = 0Number of asset objects unloaded after import = 12

========================================================================
Received Import Request.
  Time since last request: 0.000027 seconds.
  path: Assets/Models & Prefabs/Models/Downloaded_Assets/Korea_TreasureProps/Meshes/SM_083_Kettle_Lid.fbx
  artifactKey: Guid(2c3974bdb2c24aa41b1896fbb5b0b211) Importer(815301076,1909f56bfc062723c751e8b465ee728b)
Start importing Assets/Models & Prefabs/Models/Downloaded_Assets/Korea_TreasureProps/Meshes/SM_083_Kettle_Lid.fbx using Guid(2c3974bdb2c24aa41b1896fbb5b0b211) Importer(815301076,1909f56bfc062723c751e8b465ee728b) (PreviewImporter) -> (artifact id: '8d1d8b83778125ea008e61781a2f8ddd') in 0.0625786 seconds
Internal: There are remaining Allocations on the JobTempAlloc. This is a leak, and will impact performance
To Debug, run app with -diag-job-temp-memory-leak-validation cmd line argument. This will output the callstacks of the leaked allocations.
Number of updated asset objects reloaded before import = 0Number of asset objects unloaded after import = 12

========================================================================
Received Import Request.
  Time since last request: 0.000031 seconds.
  path: Assets/Models & Prefabs/Models/Downloaded_Assets/Korea_TreasureProps/Prefabs/Sets/SM_086_KettleSet.prefab
  artifactKey: Guid(071b1a70438c4e54993e943aa8dc6e87) Importer(815301076,1909f56bfc062723c751e8b465ee728b)
Start importing Assets/Models & Prefabs/Models/Downloaded_Assets/Korea_TreasureProps/Prefabs/Sets/SM_086_KettleSet.prefab using Guid(071b1a70438c4e54993e943aa8dc6e87) Importer(815301076,1909f56bfc062723c751e8b465ee728b) (PreviewImporter) -> (artifact id: '8350a7b614b70114cbf08a431f7a95df') in 0.0024784 seconds
Internal: There are remaining Allocations on the JobTempAlloc. This is a leak, and will impact performance
To Debug, run app with -diag-job-temp-memory-leak-validation cmd line argument. This will output the callstacks of the leaked allocations.
Number of updated asset objects reloaded before import = 0Number of asset objects unloaded after import = 8

========================================================================
Received Import Request.
  Time since last request: 0.000020 seconds.
  path: Assets/Models & Prefabs/Models/Downloaded_Assets/Korea_TreasureProps/Prefabs/SM_067_Kettle.prefab
  artifactKey: Guid(f806200153fcce4438786df47efdb566) Importer(815301076,1909f56bfc062723c751e8b465ee728b)
Start importing Assets/Models & Prefabs/Models/Downloaded_Assets/Korea_TreasureProps/Prefabs/SM_067_Kettle.prefab using Guid(f806200153fcce4438786df47efdb566) Importer(815301076,1909f56bfc062723c751e8b465ee728b) (PreviewImporter) -> (artifact id: 'b3ac799dcffd5d910848edeec529cbcf') in 0.0306332 seconds
Internal: There are remaining Allocations on the JobTempAlloc. This is a leak, and will impact performance
To Debug, run app with -diag-job-temp-memory-leak-validation cmd line argument. This will output the callstacks of the leaked allocations.
Number of updated asset objects reloaded before import = 0Number of asset objects unloaded after import = 12

========================================================================
Received Import Request.
  Time since last request: 0.000028 seconds.
  path: Assets/Models & Prefabs/Models/Downloaded_Assets/Korea_TreasureProps/Prefabs/SM_068_Kettle.prefab
  artifactKey: Guid(19428887734d02f498190a8250f8f727) Importer(815301076,1909f56bfc062723c751e8b465ee728b)
Start importing Assets/Models & Prefabs/Models/Downloaded_Assets/Korea_TreasureProps/Prefabs/SM_068_Kettle.prefab using Guid(19428887734d02f498190a8250f8f727) Importer(815301076,1909f56bfc062723c751e8b465ee728b) (PreviewImporter) -> (artifact id: 'c03691aa8838cc3c62f0333e18877e3a') in 0.0284847 seconds
Internal: There are remaining Allocations on the JobTempAlloc. This is a leak, and will impact performance
To Debug, run app with -diag-job-temp-memory-leak-validation cmd line argument. This will output the callstacks of the leaked allocations.
Number of updated asset objects reloaded before import = 0Number of asset objects unloaded after import = 12

========================================================================
Received Import Request.
  Time since last request: 0.000025 seconds.
  path: Assets/Models & Prefabs/Models/Downloaded_Assets/Korea_TreasureProps/Meshes/SM_057_Brick.fbx
  artifactKey: Guid(f37d73fbcfb10984b9a98c011116c873) Importer(815301076,1909f56bfc062723c751e8b465ee728b)
Start importing Assets/Models & Prefabs/Models/Downloaded_Assets/Korea_TreasureProps/Meshes/SM_057_Brick.fbx using Guid(f37d73fbcfb10984b9a98c011116c873) Importer(815301076,1909f56bfc062723c751e8b465ee728b) (PreviewImporter) -> (artifact id: '14d0281653bb8b14e5a079b654af3b53') in 0.0349497 seconds
Internal: There are remaining Allocations on the JobTempAlloc. This is a leak, and will impact performance
To Debug, run app with -diag-job-temp-memory-leak-validation cmd line argument. This will output the callstacks of the leaked allocations.
Number of updated asset objects reloaded before import = 0Number of asset objects unloaded after import = 12

========================================================================
Received Import Request.
  Time since last request: 0.000018 seconds.
  path: Assets/Models & Prefabs/Models/Downloaded_Assets/ithappy/Animals_FREE/Prefabs/Horse_001.prefab
  artifactKey: Guid(dfb23d60f30c46847ba7815aa09e2567) Importer(815301076,1909f56bfc062723c751e8b465ee728b)
Start importing Assets/Models & Prefabs/Models/Downloaded_Assets/ithappy/Animals_FREE/Prefabs/Horse_001.prefab using Guid(dfb23d60f30c46847ba7815aa09e2567) Importer(815301076,1909f56bfc062723c751e8b465ee728b) (PreviewImporter) -> (artifact id: 'eb0d65e225556644f2f3693d05a1b838') in 0.0581974 seconds
Internal: There are remaining Allocations on the JobTempAlloc. This is a leak, and will impact performance
To Debug, run app with -diag-job-temp-memory-leak-validation cmd line argument. This will output the callstacks of the leaked allocations.
Number of updated asset objects reloaded before import = 0Number of asset objects unloaded after import = 119

========================================================================
Received Import Request.
  Time since last request: 0.000056 seconds.
  path: Assets/Models & Prefabs/Walls and Floors/Prefabs/Stone/Floors/Floor-Stone (4).prefab
  artifactKey: Guid(f6efb6824389eab4d8cb9a0858c38a64) Importer(815301076,1909f56bfc062723c751e8b465ee728b)
Start importing Assets/Models & Prefabs/Walls and Floors/Prefabs/Stone/Floors/Floor-Stone (4).prefab using Guid(f6efb6824389eab4d8cb9a0858c38a64) Importer(815301076,1909f56bfc062723c751e8b465ee728b) (PreviewImporter) -> (artifact id: '66679c7908310689a5800c3704b05ffe') in 0.0284512 seconds
Internal: There are remaining Allocations on the JobTempAlloc. This is a leak, and will impact performance
To Debug, run app with -diag-job-temp-memory-leak-validation cmd line argument. This will output the callstacks of the leaked allocations.
Number of updated asset objects reloaded before import = 0Number of asset objects unloaded after import = 10

========================================================================
Received Import Request.
  Time since last request: 0.000025 seconds.
  path: Assets/Models & Prefabs/Models/Downloaded_Assets/Floreswa/Models/male03_2.fbx
  artifactKey: Guid(daf568f51c2fa264691d172eec050e32) Importer(815301076,1909f56bfc062723c751e8b465ee728b)
Start importing Assets/Models & Prefabs/Models/Downloaded_Assets/Floreswa/Models/male03_2.fbx using Guid(daf568f51c2fa264691d172eec050e32) Importer(815301076,1909f56bfc062723c751e8b465ee728b) (PreviewImporter) -> (artifact id: '174be7d058c97e12fb48b7fd52a672b2') in 0.2646755 seconds
Internal: There are remaining Allocations on the JobTempAlloc. This is a leak, and will impact performance
To Debug, run app with -diag-job-temp-memory-leak-validation cmd line argument. This will output the callstacks of the leaked allocations.
Number of updated asset objects reloaded before import = 0Number of asset objects unloaded after import = 94

========================================================================
Received Import Request.
  Time since last request: 0.000024 seconds.
  path: Assets/Models & Prefabs/Models/Downloaded_Assets/Awesome_Lamp_Collection/Modells/Lamp01.fbx
  artifactKey: Guid(dcf828ed2afe5f94a88796335529e1ae) Importer(815301076,1909f56bfc062723c751e8b465ee728b)
Start importing Assets/Models & Prefabs/Models/Downloaded_Assets/Awesome_Lamp_Collection/Modells/Lamp01.fbx using Guid(dcf828ed2afe5f94a88796335529e1ae) Importer(815301076,1909f56bfc062723c751e8b465ee728b) (PreviewImporter) -> (artifact id: '9adcbb1aa623c4ab2d3da2b6ad66fcd3') in 0.0339651 seconds
Internal: There are remaining Allocations on the JobTempAlloc. This is a leak, and will impact performance
To Debug, run app with -diag-job-temp-memory-leak-validation cmd line argument. This will output the callstacks of the leaked allocations.
Number of updated asset objects reloaded before import = 0Number of asset objects unloaded after import = 8

========================================================================
Received Import Request.
  Time since last request: 0.000034 seconds.
  path: Assets/Models & Prefabs/Models/Downloaded_Assets/ithappy/Animals_FREE/Meshes/Deer.fbx
  artifactKey: Guid(bd9a1a415f321f9478aea70e99748624) Importer(815301076,1909f56bfc062723c751e8b465ee728b)
Start importing Assets/Models & Prefabs/Models/Downloaded_Assets/ithappy/Animals_FREE/Meshes/Deer.fbx using Guid(bd9a1a415f321f9478aea70e99748624) Importer(815301076,1909f56bfc062723c751e8b465ee728b) (PreviewImporter) -> (artifact id: 'c4d77ed204e1ed19e094649905a8dea6') in 0.0602926 seconds
Internal: There are remaining Allocations on the JobTempAlloc. This is a leak, and will impact performance
To Debug, run app with -diag-job-temp-memory-leak-validation cmd line argument. This will output the callstacks of the leaked allocations.
Number of updated asset objects reloaded before import = 0Number of asset objects unloaded after import = 79

========================================================================
Received Import Request.
  Time since last request: 0.000023 seconds.
  path: Assets/Models & Prefabs/Walls and Floors/Prefabs/Wood/Floors/Floor-Wood (2).prefab
  artifactKey: Guid(b5bbd85c42f75ab4e88a9575bc5b5040) Importer(815301076,1909f56bfc062723c751e8b465ee728b)
Start importing Assets/Models & Prefabs/Walls and Floors/Prefabs/Wood/Floors/Floor-Wood (2).prefab using Guid(b5bbd85c42f75ab4e88a9575bc5b5040) Importer(815301076,1909f56bfc062723c751e8b465ee728b) (PreviewImporter) -> (artifact id: '397192fc04e203d15c2d8aec53303279') in 0.0321917 seconds
Internal: JobTempAlloc has allocations that are more than the maximum lifespan of 4 frames old - this is not allowed and likely a leak
To Debug, run app with -diag-job-temp-memory-leak-validation cmd line argument. This will output the callstacks of the leaked allocations.
Internal: There are remaining Allocations on the JobTempAlloc. This is a leak, and will impact performance
To Debug, run app with -diag-job-temp-memory-leak-validation cmd line argument. This will output the callstacks of the leaked allocations.
Number of updated asset objects reloaded before import = 0Number of asset objects unloaded after import = 10

========================================================================
Received Import Request.
  Time since last request: 0.000030 seconds.
  path: Assets/Models & Prefabs/Walls and Floors/Models/Wood/Floor-Wood-Model-01.fbx
  artifactKey: Guid(35b4e51cccb1aef4c97d8691e64bcdb4) Importer(815301076,1909f56bfc062723c751e8b465ee728b)
Start importing Assets/Models & Prefabs/Walls and Floors/Models/Wood/Floor-Wood-Model-01.fbx using Guid(35b4e51cccb1aef4c97d8691e64bcdb4) Importer(815301076,1909f56bfc062723c751e8b465ee728b) (PreviewImporter) -> (artifact id: '7b6612643b3a825f106cc501c141cffb') in 0.3686321 seconds
Internal: There are remaining Allocations on the JobTempAlloc. This is a leak, and will impact performance
To Debug, run app with -diag-job-temp-memory-leak-validation cmd line argument. This will output the callstacks of the leaked allocations.
Number of updated asset objects reloaded before import = 0Number of asset objects unloaded after import = 12

========================================================================
Received Prepare
Begin MonoManager ReloadAssembly
Internal: deleting an allocation that is older than its permitted lifetime of 4 frames (age = 7)
Internal: deleting an allocation that is older than its permitted lifetime of 4 frames (age = 7)
Symbol file LoadedFromMemory doesn't match image F:\Users\Nyx\QUT F Drive\Year 4\IGB101\Assignment_3\IGB101_MShaw_A3\Library\PackageCache\com.unity.visualscripting@1.8.0\Editor\VisualScripting.Core\Dependencies\YamlDotNet\Unity.VisualScripting.YamlDotNet.dll
Symbol file LoadedFromMemory doesn't match image F:\Users\Nyx\QUT F Drive\Year 4\IGB101\Assignment_3\IGB101_MShaw_A3\Library\PackageCache\com.unity.visualscripting@1.8.0\Editor\VisualScripting.Core\Dependencies\DotNetZip\Unity.VisualScripting.IonicZip.dll
- Loaded All Assemblies, in  1.199 seconds
Refreshing native plugins compatible for Editor in 1.73 ms, found 3 plugins.
Native extension for WindowsStandalone target not found
Mono: successfully reloaded assembly
- Finished resetting the current domain, in  1.090 seconds
Domain Reload Profiling: 2291ms
	BeginReloadAssembly (376ms)
		ExecutionOrderSort (0ms)
		DisableScriptedObjects (8ms)
		BackupInstance (0ms)
		ReleaseScriptingObjects (0ms)
		CreateAndSetChildDomain (96ms)
	RebuildCommonClasses (56ms)
	RebuildNativeTypeToScriptingClass (24ms)
	initialDomainReloadingComplete (44ms)
	LoadAllAssembliesAndSetupDomain (700ms)
		LoadAssemblies (634ms)
		RebuildTransferFunctionScriptingTraits (0ms)
		AnalyzeDomain (285ms)
			TypeCache.Refresh (10ms)
				TypeCache.ScanAssembly (0ms)
			BuildScriptInfoCaches (262ms)
			ResolveRequiredComponents (8ms)
	FinalizeReload (1090ms)
		ReleaseScriptCaches (0ms)
		RebuildScriptCaches (0ms)
		SetupLoadedEditorAssemblies (767ms)
			LogAssemblyErrors (0ms)
			InitializePlatformSupportModulesInManaged (3ms)
			SetLoadedEditorAssemblies (7ms)
			BeforeProcessingInitializeOnLoad (89ms)
			ProcessInitializeOnLoadAttributes (606ms)
			ProcessInitializeOnLoadMethodAttributes (51ms)
			AfterProcessingInitializeOnLoad (10ms)
			EditorAssembliesLoaded (0ms)
		ExecutionOrderSort2 (0ms)
		AwakeInstancesAfterBackupRestoration (14ms)
Refreshing native plugins compatible for Editor in 1.23 ms, found 3 plugins.
Preloading 0 native plugins for Editor in 0.00 ms.
Unloading 30 Unused Serialized files (Serialized files now loaded: 0)
Unloading 5139 unused Assets / (6.4 MB). Loaded Objects now: 5807.
Memory consumption went from 197.4 MB to 191.0 MB.
Total: 10.789800 ms (FindLiveObjects: 0.885800 ms CreateObjectMapping: 0.600000 ms MarkObjects: 5.789400 ms  DeleteObjects: 3.512600 ms)

Prepare: number of updated asset objects reloaded= 0
========================================================================
Received Prepare
Begin MonoManager ReloadAssembly
Symbol file LoadedFromMemory doesn't match image F:\Users\Nyx\QUT F Drive\Year 4\IGB101\Assignment_3\IGB101_MShaw_A3\Library\PackageCache\com.unity.visualscripting@1.8.0\Editor\VisualScripting.Core\Dependencies\YamlDotNet\Unity.VisualScripting.YamlDotNet.dll
Symbol file LoadedFromMemory doesn't match image F:\Users\Nyx\QUT F Drive\Year 4\IGB101\Assignment_3\IGB101_MShaw_A3\Library\PackageCache\com.unity.visualscripting@1.8.0\Editor\VisualScripting.Core\Dependencies\DotNetZip\Unity.VisualScripting.IonicZip.dll
- Loaded All Assemblies, in  1.380 seconds
Refreshing native plugins compatible for Editor in 1.18 ms, found 3 plugins.
Native extension for WindowsStandalone target not found
Mono: successfully reloaded assembly
- Finished resetting the current domain, in  1.110 seconds
Domain Reload Profiling: 2491ms
	BeginReloadAssembly (292ms)
		ExecutionOrderSort (0ms)
		DisableScriptedObjects (6ms)
		BackupInstance (0ms)
		ReleaseScriptingObjects (0ms)
		CreateAndSetChildDomain (59ms)
	RebuildCommonClasses (54ms)
	RebuildNativeTypeToScriptingClass (23ms)
	initialDomainReloadingComplete (43ms)
	LoadAllAssembliesAndSetupDomain (970ms)
		LoadAssemblies (843ms)
		RebuildTransferFunctionScriptingTraits (0ms)
		AnalyzeDomain (307ms)
			TypeCache.Refresh (26ms)
				TypeCache.ScanAssembly (15ms)
			BuildScriptInfoCaches (268ms)
			ResolveRequiredComponents (7ms)
	FinalizeReload (1110ms)
		ReleaseScriptCaches (0ms)
		RebuildScriptCaches (0ms)
		SetupLoadedEditorAssemblies (753ms)
			LogAssemblyErrors (0ms)
			InitializePlatformSupportModulesInManaged (4ms)
			SetLoadedEditorAssemblies (6ms)
			BeforeProcessingInitializeOnLoad (97ms)
			ProcessInitializeOnLoadAttributes (594ms)
			ProcessInitializeOnLoadMethodAttributes (49ms)
			AfterProcessingInitializeOnLoad (3ms)
			EditorAssembliesLoaded (0ms)
		ExecutionOrderSort2 (0ms)
		AwakeInstancesAfterBackupRestoration (13ms)
Refreshing native plugins compatible for Editor in 1.19 ms, found 3 plugins.
Preloading 0 native plugins for Editor in 0.00 ms.
Unloading 51 Unused Serialized files (Serialized files now loaded: 0)
Unloading 5514 unused Assets / (10.8 MB). Loaded Objects now: 6165.
Memory consumption went from 210.0 MB to 199.2 MB.
Total: 25.357900 ms (FindLiveObjects: 0.796200 ms CreateObjectMapping: 0.354800 ms MarkObjects: 5.186200 ms  DeleteObjects: 19.019300 ms)

Prepare: number of updated asset objects reloaded= 0
========================================================================
Received Import Request.
  Time since last request: 5574.310383 seconds.
  path: Assets/Materials and Textures/Coat_of_Arms_edited.png
  artifactKey: Guid(996408df4bac4c34e82914446fd6bcfe) Importer(815301076,1909f56bfc062723c751e8b465ee728b)
Start importing Assets/Materials and Textures/Coat_of_Arms_edited.png using Guid(996408df4bac4c34e82914446fd6bcfe) Importer(815301076,1909f56bfc062723c751e8b465ee728b) (PreviewImporter) -> (artifact id: '2b80a5b5dc6ad257a8aa07483c8032b8') in 0.5282114 seconds
Number of updated asset objects reloaded before import = 0Number of asset objects unloaded after import = 2

========================================================================
Received Import Request.
  Time since last request: 0.000187 seconds.
  path: Assets/Materials and Textures/Pole.mat
  artifactKey: Guid(37c4955d018f8e94e925b69feceaede9) Importer(815301076,1909f56bfc062723c751e8b465ee728b)
Start importing Assets/Materials and Textures/Pole.mat using Guid(37c4955d018f8e94e925b69feceaede9) Importer(815301076,1909f56bfc062723c751e8b465ee728b) (PreviewImporter) -> (artifact id: '02b5b7e9752cf2562518fd7e704f07e6') in 0.1203091 seconds
Number of updated asset objects reloaded before import = 0Number of asset objects unloaded after import = 1

========================================================================
Received Import Request.
  Time since last request: 11.407067 seconds.
  path: Assets/Materials and Textures/Downloaded/YughuesFreeFlooringMaterials/Materials/M_YFFlM_02.mat
  artifactKey: Guid(057523c35ac98894fa1692c16a6b2827) Importer(815301076,1909f56bfc062723c751e8b465ee728b)
Start importing Assets/Materials and Textures/Downloaded/YughuesFreeFlooringMaterials/Materials/M_YFFlM_02.mat using Guid(057523c35ac98894fa1692c16a6b2827) Importer(815301076,1909f56bfc062723c751e8b465ee728b) (PreviewImporter) -> (artifact id: '37bb0d48003d155f3c93a5d45d53f2ea') in 0.5289994 seconds
Number of updated asset objects reloaded before import = 0Number of asset objects unloaded after import = 4

========================================================================
Received Import Request.
  Time since last request: 0.000030 seconds.
  path: Assets/Materials and Textures/Downloaded/YughuesFreeFlooringMaterials/Materials/M_YFFlM_04.mat
  artifactKey: Guid(3587f6cf2e4c6e64c90106441270bbc0) Importer(815301076,1909f56bfc062723c751e8b465ee728b)
Start importing Assets/Materials and Textures/Downloaded/YughuesFreeFlooringMaterials/Materials/M_YFFlM_04.mat using Guid(3587f6cf2e4c6e64c90106441270bbc0) Importer(815301076,1909f56bfc062723c751e8b465ee728b) (PreviewImporter) -> (artifact id: '5b9aa1e935219be95f78195727c4ab89') in 0.0913704 seconds
Number of updated asset objects reloaded before import = 0Number of asset objects unloaded after import = 4

========================================================================
Received Import Request.
  Time since last request: 0.000048 seconds.
  path: Assets/Materials and Textures/Downloaded/YughuesFreeFlooringMaterials/Materials/M_YFFlM_03.mat
  artifactKey: Guid(901d491d68de4614f94082da47053d79) Importer(815301076,1909f56bfc062723c751e8b465ee728b)
Start importing Assets/Materials and Textures/Downloaded/YughuesFreeFlooringMaterials/Materials/M_YFFlM_03.mat using Guid(901d491d68de4614f94082da47053d79) Importer(815301076,1909f56bfc062723c751e8b465ee728b) (PreviewImporter) -> (artifact id: 'b9d304a65779682e57ef9c729a23c8e9') in 0.0824947 seconds
Number of updated asset objects reloaded before import = 0Number of asset objects unloaded after import = 4

========================================================================
Received Import Request.
  Time since last request: 0.000037 seconds.
  path: Assets/Materials and Textures/Downloaded/YughuesFreeFlooringMaterials/Materials/M_YFFlM_11.mat
  artifactKey: Guid(cf70886d3aefe7345be51883145b849e) Importer(815301076,1909f56bfc062723c751e8b465ee728b)
Start importing Assets/Materials and Textures/Downloaded/YughuesFreeFlooringMaterials/Materials/M_YFFlM_11.mat using Guid(cf70886d3aefe7345be51883145b849e) Importer(815301076,1909f56bfc062723c751e8b465ee728b) (PreviewImporter) -> (artifact id: 'c42cf36c3528f27f7050a59b2ac609d1') in 0.0636152 seconds
Number of updated asset objects reloaded before import = 0Number of asset objects unloaded after import = 4

========================================================================
Received Import Request.
  Time since last request: 0.000022 seconds.
  path: Assets/Materials and Textures/Downloaded/YughuesFreeFlooringMaterials/Materials/M_YFFlM_05.mat
  artifactKey: Guid(c74fd1bcdfc3dc548aa878748c2c73e3) Importer(815301076,1909f56bfc062723c751e8b465ee728b)
Start importing Assets/Materials and Textures/Downloaded/YughuesFreeFlooringMaterials/Materials/M_YFFlM_05.mat using Guid(c74fd1bcdfc3dc548aa878748c2c73e3) Importer(815301076,1909f56bfc062723c751e8b465ee728b) (PreviewImporter) -> (artifact id: '9657b27c775bbd9ff3febb2e30468648') in 0.1105952 seconds
Number of updated asset objects reloaded before import = 0Number of asset objects unloaded after import = 4

========================================================================
Received Import Request.
  Time since last request: 0.000030 seconds.
  path: Assets/Materials and Textures/Downloaded/YughuesFreeFlooringMaterials/Materials/M_YFFlM_10.mat
  artifactKey: Guid(021258930332ad04593eb874627d5364) Importer(815301076,1909f56bfc062723c751e8b465ee728b)
Start importing Assets/Materials and Textures/Downloaded/YughuesFreeFlooringMaterials/Materials/M_YFFlM_10.mat using Guid(021258930332ad04593eb874627d5364) Importer(815301076,1909f56bfc062723c751e8b465ee728b) (PreviewImporter) -> (artifact id: 'a1cd2190cd32ca9b8cb72a575a6197ad') in 0.0661283 seconds
Number of updated asset objects reloaded before import = 0Number of asset objects unloaded after import = 4

========================================================================
Received Import Request.
  Time since last request: 30.140615 seconds.
  path: Assets/Materials and Textures/Downloaded/YughuesFreeFlooringMaterials/Preview/Map__1_Checker.tga
  artifactKey: Guid(7442bfa14556df34d88da2a2ccd49164) Importer(815301076,1909f56bfc062723c751e8b465ee728b)
Start importing Assets/Materials and Textures/Downloaded/YughuesFreeFlooringMaterials/Preview/Map__1_Checker.tga using Guid(7442bfa14556df34d88da2a2ccd49164) Importer(815301076,1909f56bfc062723c751e8b465ee728b) (PreviewImporter) -> (artifact id: '3d9e5ce9eaaf63311126fa0de0141025') in 0.0427036 seconds
Number of updated asset objects reloaded before import = 0Number of asset objects unloaded after import = 2

========================================================================
Received Import Request.
  Time since last request: 1.907566 seconds.
  path: Assets/Materials and Textures/Downloaded/YughuesFreeFlooringMaterials/Textures/T_YFFlM_01_n.tga
  artifactKey: Guid(6c5ea2e30779ed8479867e9a444a1868) Importer(815301076,1909f56bfc062723c751e8b465ee728b)
Start importing Assets/Materials and Textures/Downloaded/YughuesFreeFlooringMaterials/Textures/T_YFFlM_01_n.tga using Guid(6c5ea2e30779ed8479867e9a444a1868) Importer(815301076,1909f56bfc062723c751e8b465ee728b) (PreviewImporter) -> (artifact id: '2f68cae26232b1d7cae93db53b2680d9') in 0.0957669 seconds
Number of updated asset objects reloaded before import = 0Number of asset objects unloaded after import = 2

========================================================================
Received Import Request.
  Time since last request: 0.000054 seconds.
  path: Assets/Materials and Textures/Downloaded/YughuesFreeFlooringMaterials/Textures/T_YFFlM_02_s.tga
  artifactKey: Guid(7f301c36ac56e1f458627dfa8fb0de5a) Importer(815301076,1909f56bfc062723c751e8b465ee728b)
Start importing Assets/Materials and Textures/Downloaded/YughuesFreeFlooringMaterials/Textures/T_YFFlM_02_s.tga using Guid(7f301c36ac56e1f458627dfa8fb0de5a) Importer(815301076,1909f56bfc062723c751e8b465ee728b) (PreviewImporter) -> (artifact id: '1c94a072cb61da497b571e7f73db9833') in 0.0426828 seconds
Number of updated asset objects reloaded before import = 0Number of asset objects unloaded after import = 2

========================================================================
Received Import Request.
  Time since last request: 0.000023 seconds.
  path: Assets/Materials and Textures/Downloaded/YughuesFreeFlooringMaterials/Textures/T_YFFlM_05_d.tga
  artifactKey: Guid(0ce21eb488a6ee949a6ded06031151c4) Importer(815301076,1909f56bfc062723c751e8b465ee728b)
Start importing Assets/Materials and Textures/Downloaded/YughuesFreeFlooringMaterials/Textures/T_YFFlM_05_d.tga using Guid(0ce21eb488a6ee949a6ded06031151c4) Importer(815301076,1909f56bfc062723c751e8b465ee728b) (PreviewImporter) -> (artifact id: '1a465b86b863cba7c8d499d78a49065c') in 0.0262269 seconds
Number of updated asset objects reloaded before import = 0Number of asset objects unloaded after import = 2

========================================================================
Received Import Request.
  Time since last request: 0.000026 seconds.
  path: Assets/Materials and Textures/Downloaded/YughuesFreeFlooringMaterials/Textures/T_YFFlM_07_s.tga
  artifactKey: Guid(071053ad0229bae4ca56239dc9864b24) Importer(815301076,1909f56bfc062723c751e8b465ee728b)
Start importing Assets/Materials and Textures/Downloaded/YughuesFreeFlooringMaterials/Textures/T_YFFlM_07_s.tga using Guid(071053ad0229bae4ca56239dc9864b24) Importer(815301076,1909f56bfc062723c751e8b465ee728b) (PreviewImporter) -> (artifact id: '2270beac43822d5667e1299985fb9c38') in 0.0308017 seconds
Number of updated asset objects reloaded before import = 0Number of asset objects unloaded after import = 2

========================================================================
Received Import Request.
  Time since last request: 0.000030 seconds.
  path: Assets/Materials and Textures/Downloaded/YughuesFreeFlooringMaterials/Textures/T_YFFlM_12_s.tga
  artifactKey: Guid(a6f602e2d3a679941a4a1b09d7e8dbbf) Importer(815301076,1909f56bfc062723c751e8b465ee728b)
Start importing Assets/Materials and Textures/Downloaded/YughuesFreeFlooringMaterials/Textures/T_YFFlM_12_s.tga using Guid(a6f602e2d3a679941a4a1b09d7e8dbbf) Importer(815301076,1909f56bfc062723c751e8b465ee728b) (PreviewImporter) -> (artifact id: 'c2a6f2d0211202e7757c3b4f97e0cc40') in 0.029054 seconds
Number of updated asset objects reloaded before import = 0Number of asset objects unloaded after import = 2

========================================================================
Received Import Request.
  Time since last request: 0.000037 seconds.
  path: Assets/Materials and Textures/Downloaded/YughuesFreeFlooringMaterials/Textures/T_YFFlM_02_n.tga
  artifactKey: Guid(2a9f02e7af68f874a819a831fe6eb13d) Importer(815301076,1909f56bfc062723c751e8b465ee728b)
Start importing Assets/Materials and Textures/Downloaded/YughuesFreeFlooringMaterials/Textures/T_YFFlM_02_n.tga using Guid(2a9f02e7af68f874a819a831fe6eb13d) Importer(815301076,1909f56bfc062723c751e8b465ee728b) (PreviewImporter) -> (artifact id: '0447cfe6c247b9885cddafae313ee515') in 0.03479 seconds
Number of updated asset objects reloaded before import = 0Number of asset objects unloaded after import = 2

========================================================================
Received Import Request.
  Time since last request: 0.000028 seconds.
  path: Assets/Materials and Textures/Downloaded/YughuesFreeFlooringMaterials/Textures/T_YFFlM_10_d.tga
  artifactKey: Guid(0755e47b9a5be6f46b045f19db991e42) Importer(815301076,1909f56bfc062723c751e8b465ee728b)
Start importing Assets/Materials and Textures/Downloaded/YughuesFreeFlooringMaterials/Textures/T_YFFlM_10_d.tga using Guid(0755e47b9a5be6f46b045f19db991e42) Importer(815301076,1909f56bfc062723c751e8b465ee728b) (PreviewImporter) -> (artifact id: '8e04c63d7ae5a851e702ab2f9eff4dd9') in 0.0531636 seconds
Number of updated asset objects reloaded before import = 0Number of asset objects unloaded after import = 2

========================================================================
Received Import Request.
  Time since last request: 7.788806 seconds.
  path: Assets/Materials and Textures/Downloaded/YughuesFreeGroundMaterials/Materials/M_YFGM_GrassLeafs01.mat
  artifactKey: Guid(9664f0b8b9becfc40b5b338479727af0) Importer(815301076,1909f56bfc062723c751e8b465ee728b)
Start importing Assets/Materials and Textures/Downloaded/YughuesFreeGroundMaterials/Materials/M_YFGM_GrassLeafs01.mat using Guid(9664f0b8b9becfc40b5b338479727af0) Importer(815301076,1909f56bfc062723c751e8b465ee728b) (PreviewImporter) -> (artifact id: 'e6da8f65ecc9d5091a8816c7327e8b77') in 0.0712149 seconds
Number of updated asset objects reloaded before import = 0Number of asset objects unloaded after import = 4

========================================================================
Received Import Request.
  Time since last request: 36.742255 seconds.
  path: Assets/Materials and Textures/Downloaded/Checker_Tile/Tiles074.png
  artifactKey: Guid(3c5956d4acce58b4d9500884771e4df5) Importer(815301076,1909f56bfc062723c751e8b465ee728b)
Start importing Assets/Materials and Textures/Downloaded/Checker_Tile/Tiles074.png using Guid(3c5956d4acce58b4d9500884771e4df5) Importer(815301076,1909f56bfc062723c751e8b465ee728b) (PreviewImporter) -> (artifact id: 'c7cd55a3ce640e9b572aeb78f9ae789d') in 0.0565435 seconds
Number of updated asset objects reloaded before import = 0Number of asset objects unloaded after import = 2

Editor requested this worker to shutdown with reason: Scaling down because of idle timeout
AssetImportWorker is now disconnected from the server
Process exiting
Exiting without the bug reporter. Application will terminate with return code 0