Using pre-set license
Built from '2023.2/staging' branch; Version is '2023.2.20f1 (0e25a174756c) revision 927137'; Using compiler version '193431935'; Build Type 'Release'
OS: 'Windows 10  (10.0.19045) 64bit Professional' Language: 'en' Physical Memory: 16335 MB
BatchMode: 1, IsHumanControllingUs: 0, StartBugReporterOnCrash: 0, Is64bit: 1, IsPro: 1

COMMAND LINE ARGUMENTS:
F:\Programs\Unity\2023.2.20f1\Editor\Unity.exe
-adb2
-batchMode
-noUpm
-name
AssetImportWorker12
-projectPath
F:/Users/Nyx/QUT F Drive/Year 4/IGB101/Assignment_3/IGB101_MShaw_A3
-logFile
Logs/AssetImportWorker12.log
-srvPort
60800
-job-worker-count
5
-background-job-worker-count
8
-asset-garbage-collectors
1
Successfully changed project path to: F:/Users/Nyx/QUT F Drive/Year 4/IGB101/Assignment_3/IGB101_MShaw_A3
F:/Users/Nyx/QUT F Drive/Year 4/IGB101/Assignment_3/IGB101_MShaw_A3
[UnityMemory] Configuration Parameters - Can be set up in boot.config
    "memorysetup-bucket-allocator-granularity=16"
    "memorysetup-bucket-allocator-bucket-count=8"
    "memorysetup-bucket-allocator-block-size=33554432"
    "memorysetup-bucket-allocator-block-count=8"
    "memorysetup-main-allocator-block-size=16777216"
    "memorysetup-thread-allocator-block-size=16777216"
    "memorysetup-gfx-main-allocator-block-size=16777216"
    "memorysetup-gfx-thread-allocator-block-size=16777216"
    "memorysetup-cache-allocator-block-size=4194304"
    "memorysetup-typetree-allocator-block-size=2097152"
    "memorysetup-profiler-bucket-allocator-granularity=16"
    "memorysetup-profiler-bucket-allocator-bucket-count=8"
    "memorysetup-profiler-bucket-allocator-block-size=33554432"
    "memorysetup-profiler-bucket-allocator-block-count=8"
    "memorysetup-profiler-allocator-block-size=16777216"
    "memorysetup-profiler-editor-allocator-block-size=1048576"
    "memorysetup-temp-allocator-size-main=16777216"
    "memorysetup-job-temp-allocator-block-size=2097152"
    "memorysetup-job-temp-allocator-block-size-background=1048576"
    "memorysetup-job-temp-allocator-reduction-small-platforms=262144"
    "memorysetup-allocator-temp-initial-block-size-main=262144"
    "memorysetup-allocator-temp-initial-block-size-worker=262144"
    "memorysetup-temp-allocator-size-background-worker=32768"
    "memorysetup-temp-allocator-size-job-worker=262144"
    "memorysetup-temp-allocator-size-preload-manager=33554432"
    "memorysetup-temp-allocator-size-nav-mesh-worker=65536"
    "memorysetup-temp-allocator-size-audio-worker=65536"
    "memorysetup-temp-allocator-size-cloud-worker=32768"
    "memorysetup-temp-allocator-size-gi-baking-worker=262144"
    "memorysetup-temp-allocator-size-gi-baking-worker=262144"
    "memorysetup-temp-allocator-size-gi-baking-worker=262144"
    "memorysetup-temp-allocator-size-gi-baking-worker=262144"
    "memorysetup-temp-allocator-size-gfx=262144"
Player connection [23812] Host "[IP] 192.168.0.45 [Port] 0 [Flags] 2 [Guid] 638970788 [EditorId] 638970788 [Version] 1048832 [Id] WindowsEditor(7,DESKTOP-4IQ5BTU) [Debug] 1 [PackageName] WindowsEditor [ProjectName] Editor" joined multi-casting on [225.0.0.222:54997]...
Player connection [23812] Host "[IP] 192.168.0.45 [Port] 0 [Flags] 2 [Guid] 638970788 [EditorId] 638970788 [Version] 1048832 [Id] WindowsEditor(7,DESKTOP-4IQ5BTU) [Debug] 1 [PackageName] WindowsEditor [ProjectName] Editor" joined alternative multi-casting on [225.0.0.222:34997]...
JobSystem: Creating JobQueue using job-worker-count value 5
[Physics::Module] Initialized MultithreadedJobDispatcher with 5 workers.
Library Redirect Path: Library/
Refreshing native plugins compatible for Editor in 2.01 ms, found 3 plugins.
Preloading 0 native plugins for Editor in 0.00 ms.
Initialize engine version: 2023.2.20f1 (0e25a174756c)
[Subsystems] Discovering subsystems at path F:/Programs/Unity/2023.2.20f1/Editor/Data/Resources/UnitySubsystems
[Subsystems] Discovering subsystems at path F:/Users/Nyx/QUT F Drive/Year 4/IGB101/Assignment_3/IGB101_MShaw_A3/Assets
GfxDevice: creating device client; kGfxThreadingModeNonThreaded
Direct3D:
    Version:  Direct3D 11.0 [level 11.1]
    Renderer: NVIDIA GeForce GTX 1060 6GB (ID=0x1c03)
    Vendor:   NVIDIA
    VRAM:     6029 MB
    Driver:   32.0.15.6094
Initialize mono
Mono path[0] = 'F:/Programs/Unity/2023.2.20f1/Editor/Data/Managed'
Mono path[1] = 'F:/Programs/Unity/2023.2.20f1/Editor/Data/MonoBleedingEdge/lib/mono/unityjit-win32'
Mono config path = 'F:/Programs/Unity/2023.2.20f1/Editor/Data/MonoBleedingEdge/etc'
Using monoOptions --debugger-agent=transport=dt_socket,embedding=1,server=y,suspend=n,address=127.0.0.1:56164
Begin MonoManager ReloadAssembly
Registering precompiled unity dll's ...
Register platform support module: F:/Programs/Unity/2023.2.20f1/Editor/Data/PlaybackEngines/WindowsStandaloneSupport/UnityEditor.WindowsStandalone.Extensions.dll
Registered in 0.004485 seconds.
- Loaded All Assemblies, in  0.568 seconds
Native extension for WindowsStandalone target not found
Mono: successfully reloaded assembly
- Finished resetting the current domain, in  0.403 seconds
Domain Reload Profiling: 971ms
	BeginReloadAssembly (223ms)
		ExecutionOrderSort (0ms)
		DisableScriptedObjects (0ms)
		BackupInstance (0ms)
		ReleaseScriptingObjects (0ms)
		CreateAndSetChildDomain (1ms)
	RebuildCommonClasses (49ms)
	RebuildNativeTypeToScriptingClass (17ms)
	initialDomainReloadingComplete (64ms)
	LoadAllAssembliesAndSetupDomain (214ms)
		LoadAssemblies (222ms)
		RebuildTransferFunctionScriptingTraits (0ms)
		AnalyzeDomain (210ms)
			TypeCache.Refresh (208ms)
				TypeCache.ScanAssembly (192ms)
			BuildScriptInfoCaches (0ms)
			ResolveRequiredComponents (1ms)
	FinalizeReload (403ms)
		ReleaseScriptCaches (0ms)
		RebuildScriptCaches (0ms)
		SetupLoadedEditorAssemblies (331ms)
			LogAssemblyErrors (0ms)
			InitializePlatformSupportModulesInManaged (12ms)
			SetLoadedEditorAssemblies (6ms)
			BeforeProcessingInitializeOnLoad (6ms)
			ProcessInitializeOnLoadAttributes (246ms)
			ProcessInitializeOnLoadMethodAttributes (60ms)
			AfterProcessingInitializeOnLoad (0ms)
			EditorAssembliesLoaded (0ms)
		ExecutionOrderSort2 (0ms)
		AwakeInstancesAfterBackupRestoration (0ms)
========================================================================
Worker process is ready to serve import requests
Import Worker Mode flag is 0x00
Begin MonoManager ReloadAssembly
Symbol file LoadedFromMemory doesn't match image F:\Users\Nyx\QUT F Drive\Year 4\IGB101\Assignment_3\IGB101_MShaw_A3\Library\PackageCache\com.unity.visualscripting@1.8.0\Editor\VisualScripting.Core\Dependencies\YamlDotNet\Unity.VisualScripting.YamlDotNet.dll
Symbol file LoadedFromMemory doesn't match image F:\Users\Nyx\QUT F Drive\Year 4\IGB101\Assignment_3\IGB101_MShaw_A3\Library\PackageCache\com.unity.visualscripting@1.8.0\Editor\VisualScripting.Core\Dependencies\DotNetZip\Unity.VisualScripting.IonicZip.dll
- Loaded All Assemblies, in  1.370 seconds
Refreshing native plugins compatible for Editor in 1.17 ms, found 3 plugins.
Native extension for WindowsStandalone target not found
Mono: successfully reloaded assembly
- Finished resetting the current domain, in  0.854 seconds
Domain Reload Profiling: 2222ms
	BeginReloadAssembly (595ms)
		ExecutionOrderSort (0ms)
		DisableScriptedObjects (8ms)
		BackupInstance (0ms)
		ReleaseScriptingObjects (0ms)
		CreateAndSetChildDomain (35ms)
	RebuildCommonClasses (52ms)
	RebuildNativeTypeToScriptingClass (17ms)
	initialDomainReloadingComplete (51ms)
	LoadAllAssembliesAndSetupDomain (653ms)
		LoadAssemblies (504ms)
		RebuildTransferFunctionScriptingTraits (0ms)
		AnalyzeDomain (319ms)
			TypeCache.Refresh (265ms)
				TypeCache.ScanAssembly (248ms)
			BuildScriptInfoCaches (44ms)
			ResolveRequiredComponents (6ms)
	FinalizeReload (855ms)
		ReleaseScriptCaches (0ms)
		RebuildScriptCaches (0ms)
		SetupLoadedEditorAssemblies (601ms)
			LogAssemblyErrors (0ms)
			InitializePlatformSupportModulesInManaged (3ms)
			SetLoadedEditorAssemblies (5ms)
			BeforeProcessingInitializeOnLoad (62ms)
			ProcessInitializeOnLoadAttributes (487ms)
			ProcessInitializeOnLoadMethodAttributes (41ms)
			AfterProcessingInitializeOnLoad (3ms)
			EditorAssembliesLoaded (0ms)
		ExecutionOrderSort2 (0ms)
		AwakeInstancesAfterBackupRestoration (13ms)
Launched and connected shader compiler UnityShaderCompiler.exe after 0.01 seconds
Refreshing native plugins compatible for Editor in 1.14 ms, found 3 plugins.
Preloading 0 native plugins for Editor in 0.00 ms.
Unloading 110 Unused Serialized files (Serialized files now loaded: 0)
Unloading 5497 unused Assets / (6.2 MB). Loaded Objects now: 6111.
Memory consumption went from 152.0 MB to 145.9 MB.
Total: 10.882900 ms (FindLiveObjects: 0.786400 ms CreateObjectMapping: 1.012100 ms MarkObjects: 5.513000 ms  DeleteObjects: 3.569200 ms)

========================================================================
Received Prepare
Begin MonoManager ReloadAssembly
Symbol file LoadedFromMemory doesn't match image F:\Users\Nyx\QUT F Drive\Year 4\IGB101\Assignment_3\IGB101_MShaw_A3\Library\PackageCache\com.unity.visualscripting@1.8.0\Editor\VisualScripting.Core\Dependencies\YamlDotNet\Unity.VisualScripting.YamlDotNet.dll
Symbol file LoadedFromMemory doesn't match image F:\Users\Nyx\QUT F Drive\Year 4\IGB101\Assignment_3\IGB101_MShaw_A3\Library\PackageCache\com.unity.visualscripting@1.8.0\Editor\VisualScripting.Core\Dependencies\DotNetZip\Unity.VisualScripting.IonicZip.dll
- Loaded All Assemblies, in  1.009 seconds
Refreshing native plugins compatible for Editor in 1.34 ms, found 3 plugins.
Native extension for WindowsStandalone target not found
Mono: successfully reloaded assembly
- Finished resetting the current domain, in  0.904 seconds
Domain Reload Profiling: 1916ms
	BeginReloadAssembly (318ms)
		ExecutionOrderSort (0ms)
		DisableScriptedObjects (7ms)
		BackupInstance (0ms)
		ReleaseScriptingObjects (0ms)
		CreateAndSetChildDomain (59ms)
	RebuildCommonClasses (51ms)
	RebuildNativeTypeToScriptingClass (24ms)
	initialDomainReloadingComplete (42ms)
	LoadAllAssembliesAndSetupDomain (576ms)
		LoadAssemblies (528ms)
		RebuildTransferFunctionScriptingTraits (0ms)
		AnalyzeDomain (250ms)
			TypeCache.Refresh (9ms)
				TypeCache.ScanAssembly (0ms)
			BuildScriptInfoCaches (230ms)
			ResolveRequiredComponents (6ms)
	FinalizeReload (905ms)
		ReleaseScriptCaches (0ms)
		RebuildScriptCaches (0ms)
		SetupLoadedEditorAssemblies (636ms)
			LogAssemblyErrors (0ms)
			InitializePlatformSupportModulesInManaged (3ms)
			SetLoadedEditorAssemblies (5ms)
			BeforeProcessingInitializeOnLoad (79ms)
			ProcessInitializeOnLoadAttributes (506ms)
			ProcessInitializeOnLoadMethodAttributes (41ms)
			AfterProcessingInitializeOnLoad (3ms)
			EditorAssembliesLoaded (0ms)
		ExecutionOrderSort2 (0ms)
		AwakeInstancesAfterBackupRestoration (12ms)
Refreshing native plugins compatible for Editor in 1.46 ms, found 3 plugins.
Preloading 0 native plugins for Editor in 0.00 ms.
Unloading 31 Unused Serialized files (Serialized files now loaded: 0)
Unloading 5495 unused Assets / (6.0 MB). Loaded Objects now: 6112.
Memory consumption went from 135.6 MB to 129.6 MB.
Total: 11.970000 ms (FindLiveObjects: 0.927700 ms CreateObjectMapping: 0.615100 ms MarkObjects: 6.293800 ms  DeleteObjects: 4.131200 ms)

Prepare: number of updated asset objects reloaded= 0
========================================================================
Received Prepare
Begin MonoManager ReloadAssembly
Symbol file LoadedFromMemory doesn't match image F:\Users\Nyx\QUT F Drive\Year 4\IGB101\Assignment_3\IGB101_MShaw_A3\Library\PackageCache\com.unity.visualscripting@1.8.0\Editor\VisualScripting.Core\Dependencies\YamlDotNet\Unity.VisualScripting.YamlDotNet.dll
Symbol file LoadedFromMemory doesn't match image F:\Users\Nyx\QUT F Drive\Year 4\IGB101\Assignment_3\IGB101_MShaw_A3\Library\PackageCache\com.unity.visualscripting@1.8.0\Editor\VisualScripting.Core\Dependencies\DotNetZip\Unity.VisualScripting.IonicZip.dll
- Loaded All Assemblies, in  0.944 seconds
Refreshing native plugins compatible for Editor in 1.08 ms, found 3 plugins.
Native extension for WindowsStandalone target not found
Mono: successfully reloaded assembly
- Finished resetting the current domain, in  0.852 seconds
Domain Reload Profiling: 1798ms
	BeginReloadAssembly (286ms)
		ExecutionOrderSort (0ms)
		DisableScriptedObjects (6ms)
		BackupInstance (0ms)
		ReleaseScriptingObjects (0ms)
		CreateAndSetChildDomain (51ms)
	RebuildCommonClasses (56ms)
	RebuildNativeTypeToScriptingClass (23ms)
	initialDomainReloadingComplete (39ms)
	LoadAllAssembliesAndSetupDomain (541ms)
		LoadAssemblies (478ms)
		RebuildTransferFunctionScriptingTraits (0ms)
		AnalyzeDomain (246ms)
			TypeCache.Refresh (8ms)
				TypeCache.ScanAssembly (0ms)
			BuildScriptInfoCaches (228ms)
			ResolveRequiredComponents (6ms)
	FinalizeReload (852ms)
		ReleaseScriptCaches (0ms)
		RebuildScriptCaches (0ms)
		SetupLoadedEditorAssemblies (582ms)
			LogAssemblyErrors (0ms)
			InitializePlatformSupportModulesInManaged (3ms)
			SetLoadedEditorAssemblies (5ms)
			BeforeProcessingInitializeOnLoad (69ms)
			ProcessInitializeOnLoadAttributes (462ms)
			ProcessInitializeOnLoadMethodAttributes (40ms)
			AfterProcessingInitializeOnLoad (3ms)
			EditorAssembliesLoaded (0ms)
		ExecutionOrderSort2 (0ms)
		AwakeInstancesAfterBackupRestoration (12ms)
Refreshing native plugins compatible for Editor in 1.22 ms, found 3 plugins.
Preloading 0 native plugins for Editor in 0.00 ms.
Unloading 31 Unused Serialized files (Serialized files now loaded: 0)
Unloading 5495 unused Assets / (6.4 MB). Loaded Objects now: 6113.
Memory consumption went from 137.5 MB to 131.1 MB.
Total: 10.906000 ms (FindLiveObjects: 0.870600 ms CreateObjectMapping: 0.502400 ms MarkObjects: 5.659500 ms  DeleteObjects: 3.872300 ms)

Prepare: number of updated asset objects reloaded= 0
========================================================================
Received Prepare
Begin MonoManager ReloadAssembly
Symbol file LoadedFromMemory doesn't match image F:\Users\Nyx\QUT F Drive\Year 4\IGB101\Assignment_3\IGB101_MShaw_A3\Library\PackageCache\com.unity.visualscripting@1.8.0\Editor\VisualScripting.Core\Dependencies\YamlDotNet\Unity.VisualScripting.YamlDotNet.dll
Symbol file LoadedFromMemory doesn't match image F:\Users\Nyx\QUT F Drive\Year 4\IGB101\Assignment_3\IGB101_MShaw_A3\Library\PackageCache\com.unity.visualscripting@1.8.0\Editor\VisualScripting.Core\Dependencies\DotNetZip\Unity.VisualScripting.IonicZip.dll
- Loaded All Assemblies, in  1.050 seconds
Refreshing native plugins compatible for Editor in 1.27 ms, found 3 plugins.
Native extension for WindowsStandalone target not found
Mono: successfully reloaded assembly
- Finished resetting the current domain, in  1.225 seconds
Domain Reload Profiling: 2277ms
	BeginReloadAssembly (304ms)
		ExecutionOrderSort (0ms)
		DisableScriptedObjects (6ms)
		BackupInstance (0ms)
		ReleaseScriptingObjects (0ms)
		CreateAndSetChildDomain (61ms)
	RebuildCommonClasses (55ms)
	RebuildNativeTypeToScriptingClass (22ms)
	initialDomainReloadingComplete (38ms)
	LoadAllAssembliesAndSetupDomain (632ms)
		LoadAssemblies (573ms)
		RebuildTransferFunctionScriptingTraits (0ms)
		AnalyzeDomain (246ms)
			TypeCache.Refresh (7ms)
				TypeCache.ScanAssembly (0ms)
			BuildScriptInfoCaches (226ms)
			ResolveRequiredComponents (8ms)
	FinalizeReload (1226ms)
		ReleaseScriptCaches (0ms)
		RebuildScriptCaches (0ms)
		SetupLoadedEditorAssemblies (892ms)
			LogAssemblyErrors (0ms)
			InitializePlatformSupportModulesInManaged (3ms)
			SetLoadedEditorAssemblies (5ms)
			BeforeProcessingInitializeOnLoad (80ms)
			ProcessInitializeOnLoadAttributes (744ms)
			ProcessInitializeOnLoadMethodAttributes (55ms)
			AfterProcessingInitializeOnLoad (4ms)
			EditorAssembliesLoaded (0ms)
		ExecutionOrderSort2 (0ms)
		AwakeInstancesAfterBackupRestoration (14ms)
Refreshing native plugins compatible for Editor in 1.26 ms, found 3 plugins.
Preloading 0 native plugins for Editor in 0.00 ms.
Unloading 31 Unused Serialized files (Serialized files now loaded: 0)
Unloading 5495 unused Assets / (6.6 MB). Loaded Objects now: 6114.
Memory consumption went from 139.4 MB to 132.9 MB.
Total: 13.106000 ms (FindLiveObjects: 0.870400 ms CreateObjectMapping: 0.785400 ms MarkObjects: 7.428900 ms  DeleteObjects: 4.018600 ms)

Prepare: number of updated asset objects reloaded= 0
========================================================================
Received Prepare
Begin MonoManager ReloadAssembly
Symbol file LoadedFromMemory doesn't match image F:\Users\Nyx\QUT F Drive\Year 4\IGB101\Assignment_3\IGB101_MShaw_A3\Library\PackageCache\com.unity.visualscripting@1.8.0\Editor\VisualScripting.Core\Dependencies\YamlDotNet\Unity.VisualScripting.YamlDotNet.dll
Symbol file LoadedFromMemory doesn't match image F:\Users\Nyx\QUT F Drive\Year 4\IGB101\Assignment_3\IGB101_MShaw_A3\Library\PackageCache\com.unity.visualscripting@1.8.0\Editor\VisualScripting.Core\Dependencies\DotNetZip\Unity.VisualScripting.IonicZip.dll
- Loaded All Assemblies, in  0.941 seconds
Refreshing native plugins compatible for Editor in 1.59 ms, found 3 plugins.
Native extension for WindowsStandalone target not found
Mono: successfully reloaded assembly
- Finished resetting the current domain, in  0.989 seconds
Domain Reload Profiling: 1932ms
	BeginReloadAssembly (294ms)
		ExecutionOrderSort (0ms)
		DisableScriptedObjects (6ms)
		BackupInstance (0ms)
		ReleaseScriptingObjects (0ms)
		CreateAndSetChildDomain (54ms)
	RebuildCommonClasses (49ms)
	RebuildNativeTypeToScriptingClass (19ms)
	initialDomainReloadingComplete (36ms)
	LoadAllAssembliesAndSetupDomain (544ms)
		LoadAssemblies (483ms)
		RebuildTransferFunctionScriptingTraits (0ms)
		AnalyzeDomain (245ms)
			TypeCache.Refresh (8ms)
				TypeCache.ScanAssembly (0ms)
			BuildScriptInfoCaches (225ms)
			ResolveRequiredComponents (7ms)
	FinalizeReload (990ms)
		ReleaseScriptCaches (0ms)
		RebuildScriptCaches (0ms)
		SetupLoadedEditorAssemblies (718ms)
			LogAssemblyErrors (0ms)
			InitializePlatformSupportModulesInManaged (3ms)
			SetLoadedEditorAssemblies (5ms)
			BeforeProcessingInitializeOnLoad (75ms)
			ProcessInitializeOnLoadAttributes (588ms)
			ProcessInitializeOnLoadMethodAttributes (44ms)
			AfterProcessingInitializeOnLoad (3ms)
			EditorAssembliesLoaded (0ms)
		ExecutionOrderSort2 (0ms)
		AwakeInstancesAfterBackupRestoration (12ms)
Refreshing native plugins compatible for Editor in 1.23 ms, found 3 plugins.
Preloading 0 native plugins for Editor in 0.00 ms.
Unloading 31 Unused Serialized files (Serialized files now loaded: 0)
Unloading 5495 unused Assets / (6.3 MB). Loaded Objects now: 6115.
Memory consumption went from 141.4 MB to 135.1 MB.
Total: 11.075400 ms (FindLiveObjects: 1.025700 ms CreateObjectMapping: 0.702600 ms MarkObjects: 5.892600 ms  DeleteObjects: 3.452700 ms)

Prepare: number of updated asset objects reloaded= 0
========================================================================
Received Import Request.
  Time since last request: 28396.213385 seconds.
  path: Assets/Scripts/CameraMovement.cs
  artifactKey: Guid(2db5b5114a5fa774f8a1ed72c71ecf31) Importer(815301076,1909f56bfc062723c751e8b465ee728b)
Start importing Assets/Scripts/CameraMovement.cs using Guid(2db5b5114a5fa774f8a1ed72c71ecf31) Importer(815301076,1909f56bfc062723c751e8b465ee728b) (PreviewImporter) -> (artifact id: 'aad725fbe1782de3f72741c8a7683919') in 0.0367472 seconds
Number of updated asset objects reloaded before import = 0Number of asset objects unloaded after import = 0

========================================================================
Received Import Request.
  Time since last request: 12.824368 seconds.
  path: Assets/Scripts
  artifactKey: Guid(31b6c4d84213b1841880b1115159c7fd) Importer(815301076,1909f56bfc062723c751e8b465ee728b)
Start importing Assets/Scripts using Guid(31b6c4d84213b1841880b1115159c7fd) Importer(815301076,1909f56bfc062723c751e8b465ee728b) (PreviewImporter) -> (artifact id: 'a3124416edcdb8176abb5a05249dce63') in 0.0005519 seconds
Number of updated asset objects reloaded before import = 0Number of asset objects unloaded after import = 0

========================================================================
Received Prepare
Refreshing native plugins compatible for Editor in 1.21 ms, found 3 plugins.
Preloading 0 native plugins for Editor in 0.00 ms.
Unloading 31 Unused Serialized files (Serialized files now loaded: 0)
Unloading 5491 unused Assets / (6.6 MB). Loaded Objects now: 6118.
Memory consumption went from 142.1 MB to 135.5 MB.
Total: 12.455200 ms (FindLiveObjects: 0.946400 ms CreateObjectMapping: 0.607800 ms MarkObjects: 6.982000 ms  DeleteObjects: 3.917200 ms)

Prepare: number of updated asset objects reloaded= 0
========================================================================
Received Import Request.
  Time since last request: 17.158757 seconds.
  path: Assets/Scripts/GameManager.cs
  artifactKey: Guid(4f71099110d4ad64c90e95c2b4fe2618) Importer(815301076,1909f56bfc062723c751e8b465ee728b)
Start importing Assets/Scripts/GameManager.cs using Guid(4f71099110d4ad64c90e95c2b4fe2618) Importer(815301076,1909f56bfc062723c751e8b465ee728b) (PreviewImporter) -> (artifact id: '9f92e398ecfe65ed6cc67740a299f326') in 0.0046855 seconds
Number of updated asset objects reloaded before import = 0Number of asset objects unloaded after import = 0

========================================================================
Received Prepare
Begin MonoManager ReloadAssembly
Symbol file LoadedFromMemory doesn't match image F:\Users\Nyx\QUT F Drive\Year 4\IGB101\Assignment_3\IGB101_MShaw_A3\Library\PackageCache\com.unity.visualscripting@1.8.0\Editor\VisualScripting.Core\Dependencies\YamlDotNet\Unity.VisualScripting.YamlDotNet.dll
Symbol file LoadedFromMemory doesn't match image F:\Users\Nyx\QUT F Drive\Year 4\IGB101\Assignment_3\IGB101_MShaw_A3\Library\PackageCache\com.unity.visualscripting@1.8.0\Editor\VisualScripting.Core\Dependencies\DotNetZip\Unity.VisualScripting.IonicZip.dll
- Loaded All Assemblies, in  1.114 seconds
Refreshing native plugins compatible for Editor in 1.04 ms, found 3 plugins.
Native extension for WindowsStandalone target not found
Mono: successfully reloaded assembly
- Finished resetting the current domain, in  0.913 seconds
Domain Reload Profiling: 2031ms
	BeginReloadAssembly (311ms)
		ExecutionOrderSort (0ms)
		DisableScriptedObjects (6ms)
		BackupInstance (0ms)
		ReleaseScriptingObjects (0ms)
		CreateAndSetChildDomain (56ms)
	RebuildCommonClasses (60ms)
	RebuildNativeTypeToScriptingClass (23ms)
	initialDomainReloadingComplete (37ms)
	LoadAllAssembliesAndSetupDomain (686ms)
		LoadAssemblies (638ms)
		RebuildTransferFunctionScriptingTraits (0ms)
		AnalyzeDomain (244ms)
			TypeCache.Refresh (9ms)
				TypeCache.ScanAssembly (0ms)
			BuildScriptInfoCaches (223ms)
			ResolveRequiredComponents (7ms)
	FinalizeReload (914ms)
		ReleaseScriptCaches (0ms)
		RebuildScriptCaches (0ms)
		SetupLoadedEditorAssemblies (621ms)
			LogAssemblyErrors (0ms)
			InitializePlatformSupportModulesInManaged (4ms)
			SetLoadedEditorAssemblies (7ms)
			BeforeProcessingInitializeOnLoad (79ms)
			ProcessInitializeOnLoadAttributes (486ms)
			ProcessInitializeOnLoadMethodAttributes (42ms)
			AfterProcessingInitializeOnLoad (3ms)
			EditorAssembliesLoaded (0ms)
		ExecutionOrderSort2 (0ms)
		AwakeInstancesAfterBackupRestoration (15ms)
Refreshing native plugins compatible for Editor in 1.16 ms, found 3 plugins.
Preloading 0 native plugins for Editor in 0.00 ms.
Unloading 31 Unused Serialized files (Serialized files now loaded: 0)
Unloading 5496 unused Assets / (6.3 MB). Loaded Objects now: 6119.
Memory consumption went from 143.8 MB to 137.5 MB.
Total: 10.820800 ms (FindLiveObjects: 1.153700 ms CreateObjectMapping: 0.810300 ms MarkObjects: 5.464900 ms  DeleteObjects: 3.390300 ms)

Prepare: number of updated asset objects reloaded= 0
========================================================================
Received Prepare
Refreshing native plugins compatible for Editor in 1.63 ms, found 3 plugins.
Preloading 0 native plugins for Editor in 0.00 ms.
Unloading 31 Unused Serialized files (Serialized files now loaded: 0)
Unloading 5491 unused Assets / (6.5 MB). Loaded Objects now: 6119.
Memory consumption went from 144.0 MB to 137.6 MB.
Total: 15.746200 ms (FindLiveObjects: 0.915700 ms CreateObjectMapping: 1.484800 ms MarkObjects: 7.831900 ms  DeleteObjects: 5.511800 ms)

Prepare: number of updated asset objects reloaded= 0
========================================================================
Received Import Request.
  Time since last request: 364.222203 seconds.
  path: Assets/Scripts/GameManager.cs
  artifactKey: Guid(4f71099110d4ad64c90e95c2b4fe2618) Importer(815301076,1909f56bfc062723c751e8b465ee728b)
Start importing Assets/Scripts/GameManager.cs using Guid(4f71099110d4ad64c90e95c2b4fe2618) Importer(815301076,1909f56bfc062723c751e8b465ee728b) (PreviewImporter) -> (artifact id: '56f1f4bac6ed4289d851aca1528e1044') in 0.0255283 seconds
Number of updated asset objects reloaded before import = 0Number of asset objects unloaded after import = 0

========================================================================
Received Prepare
Refreshing native plugins compatible for Editor in 1.35 ms, found 3 plugins.
Preloading 0 native plugins for Editor in 0.00 ms.
Unloading 31 Unused Serialized files (Serialized files now loaded: 0)
Unloading 5491 unused Assets / (6.3 MB). Loaded Objects now: 6119.
Memory consumption went from 144.0 MB to 137.7 MB.
Total: 13.260700 ms (FindLiveObjects: 1.229500 ms CreateObjectMapping: 1.328300 ms MarkObjects: 6.309400 ms  DeleteObjects: 4.391400 ms)

Prepare: number of updated asset objects reloaded= 0
========================================================================
Received Prepare
Refreshing native plugins compatible for Editor in 1.13 ms, found 3 plugins.
Preloading 0 native plugins for Editor in 0.00 ms.
Unloading 31 Unused Serialized files (Serialized files now loaded: 0)
Unloading 5492 unused Assets / (6.0 MB). Loaded Objects now: 6120.
Memory consumption went from 144.0 MB to 138.1 MB.
Total: 11.083400 ms (FindLiveObjects: 1.122500 ms CreateObjectMapping: 0.850700 ms MarkObjects: 6.107600 ms  DeleteObjects: 3.001100 ms)

Prepare: number of updated asset objects reloaded= 0
========================================================================
Received Import Request.
  Time since last request: 182.027875 seconds.
  path: Assets/Scripts/Pickup.cs
  artifactKey: Guid(b1a7c54749b7d25409a127e8432e2123) Importer(815301076,1909f56bfc062723c751e8b465ee728b)
Start importing Assets/Scripts/Pickup.cs using Guid(b1a7c54749b7d25409a127e8432e2123) Importer(815301076,1909f56bfc062723c751e8b465ee728b) (PreviewImporter) -> (artifact id: 'ee0e847a2763476b2dcaeca72bc7584b') in 0.0144912 seconds
Number of updated asset objects reloaded before import = 0Number of asset objects unloaded after import = 0

========================================================================
Received Import Request.
  Time since last request: 4096.829139 seconds.
  path: Assets/Models & Prefabs/Prefabs
  artifactKey: Guid(fc58540e023115d4aa0b193f0016a3e1) Importer(815301076,1909f56bfc062723c751e8b465ee728b)
Start importing Assets/Models & Prefabs/Prefabs using Guid(fc58540e023115d4aa0b193f0016a3e1) Importer(815301076,1909f56bfc062723c751e8b465ee728b) (PreviewImporter) -> (artifact id: 'fd9338ea040721905c8824b01765ab0c') in 0.0017387 seconds
Number of updated asset objects reloaded before import = 0Number of asset objects unloaded after import = 0

========================================================================
Received Import Request.
  Time since last request: 2.218992 seconds.
  path: Assets/Models & Prefabs/Models/Original
  artifactKey: Guid(acf222d4c4a4ae14384388bfaf4d48a5) Importer(815301076,1909f56bfc062723c751e8b465ee728b)
Start importing Assets/Models & Prefabs/Models/Original using Guid(acf222d4c4a4ae14384388bfaf4d48a5) Importer(815301076,1909f56bfc062723c751e8b465ee728b) (PreviewImporter) -> (artifact id: 'b37f020dbae3cfd8a8d27444f7a81249') in 0.000806 seconds
Number of updated asset objects reloaded before import = 0Number of asset objects unloaded after import = 0

========================================================================
Received Import Request.
  Time since last request: 0.037608 seconds.
  path: Assets/Models & Prefabs/Models/Original/sign.fbx
  artifactKey: Guid(7a9b193a1a5e26d4ca762c43734e6079) Importer(815301076,1909f56bfc062723c751e8b465ee728b)
Start importing Assets/Models & Prefabs/Models/Original/sign.fbx using Guid(7a9b193a1a5e26d4ca762c43734e6079) Importer(815301076,1909f56bfc062723c751e8b465ee728b) (PreviewImporter) -> (artifact id: 'd6d3d66acb8133e8ce83a2542e0886ff') in 0.2737213 seconds
Number of updated asset objects reloaded before import = 0Number of asset objects unloaded after import = 27

========================================================================
Received Import Request.
  Time since last request: 32.656052 seconds.
  path: Assets/Models & Prefabs/Models/Original/magnifying_glass.fbx
  artifactKey: Guid(798b61c8a452f1644945b469c47d959a) Importer(815301076,1909f56bfc062723c751e8b465ee728b)
Start importing Assets/Models & Prefabs/Models/Original/magnifying_glass.fbx using Guid(798b61c8a452f1644945b469c47d959a) Importer(815301076,1909f56bfc062723c751e8b465ee728b) (PreviewImporter) -> (artifact id: 'b08e84ffb6c39d576dde7bf5b40bb7e5') in 0.079374 seconds
Number of updated asset objects reloaded before import = 0Number of asset objects unloaded after import = 8

========================================================================
Received Import Request.
  Time since last request: 43.206805 seconds.
  path: Assets/Models & Prefabs/Models/Original/magnifying_glass.fbx
  artifactKey: Guid(798b61c8a452f1644945b469c47d959a) Importer(815301076,1909f56bfc062723c751e8b465ee728b)
Start importing Assets/Models & Prefabs/Models/Original/magnifying_glass.fbx using Guid(798b61c8a452f1644945b469c47d959a) Importer(815301076,1909f56bfc062723c751e8b465ee728b) (PreviewImporter) -> (artifact id: '733c42b110410a9e9ca627fb6720b655') in 0.0247751 seconds
Number of updated asset objects reloaded before import = 0Number of asset objects unloaded after import = 8

========================================================================
Received Import Request.
  Time since last request: 49.697959 seconds.
  path: Assets/Materials and Textures/M_Mag_Glass.mat
  artifactKey: Guid(f7231865650cdd34a87f95cb5a831de6) Importer(815301076,1909f56bfc062723c751e8b465ee728b)
Start importing Assets/Materials and Textures/M_Mag_Glass.mat using Guid(f7231865650cdd34a87f95cb5a831de6) Importer(815301076,1909f56bfc062723c751e8b465ee728b) (PreviewImporter) -> (artifact id: '99faf9c48abc33d3b224a3a1969057e2') in 0.0158868 seconds
Number of updated asset objects reloaded before import = 0Number of asset objects unloaded after import = 1

========================================================================
Received Import Request.
  Time since last request: 12.480440 seconds.
  path: Assets/Materials and Textures
  artifactKey: Guid(02d6138f9d7de4441a5efeb3c5728dda) Importer(815301076,1909f56bfc062723c751e8b465ee728b)
Start importing Assets/Materials and Textures using Guid(02d6138f9d7de4441a5efeb3c5728dda) Importer(815301076,1909f56bfc062723c751e8b465ee728b) (PreviewImporter) -> (artifact id: '171beb233a3d316fd519600a6f2d6522') in 0.000724 seconds
Number of updated asset objects reloaded before import = 0Number of asset objects unloaded after import = 0

========================================================================
Received Import Request.
  Time since last request: 5.076034 seconds.
  path: Assets/Materials and Textures/Objects
  artifactKey: Guid(bfed19004115d4c40aeccf5e1f935d11) Importer(815301076,1909f56bfc062723c751e8b465ee728b)
Start importing Assets/Materials and Textures/Objects using Guid(bfed19004115d4c40aeccf5e1f935d11) Importer(815301076,1909f56bfc062723c751e8b465ee728b) (PreviewImporter) -> (artifact id: '8d906fb55c2ea36e835b3918023752bd') in 0.0006651 seconds
Number of updated asset objects reloaded before import = 0Number of asset objects unloaded after import = 0

========================================================================
Received Import Request.
  Time since last request: 1.055333 seconds.
  path: Assets/Materials and Textures/Objects/banana_material.mat
  artifactKey: Guid(795afeb46495fec4980918ff0d1b5f23) Importer(815301076,1909f56bfc062723c751e8b465ee728b)
Start importing Assets/Materials and Textures/Objects/banana_material.mat using Guid(795afeb46495fec4980918ff0d1b5f23) Importer(815301076,1909f56bfc062723c751e8b465ee728b) (PreviewImporter) -> (artifact id: '8c69dfd9ba1dd3993e1deb04bb32fdd2') in 0.0467056 seconds
Number of updated asset objects reloaded before import = 0Number of asset objects unloaded after import = 2

========================================================================
Received Import Request.
  Time since last request: 0.000027 seconds.
  path: Assets/Materials and Textures/Objects/Tape Base Colour.png
  artifactKey: Guid(94a7ede75311f1d4ca89970f1095dbd0) Importer(815301076,1909f56bfc062723c751e8b465ee728b)
Start importing Assets/Materials and Textures/Objects/Tape Base Colour.png using Guid(94a7ede75311f1d4ca89970f1095dbd0) Importer(815301076,1909f56bfc062723c751e8b465ee728b) (PreviewImporter) -> (artifact id: 'aee40320f4cf79aeb1f33eb2352a5214') in 0.0409758 seconds
Number of updated asset objects reloaded before import = 0Number of asset objects unloaded after import = 2

========================================================================
Received Import Request.
  Time since last request: 0.000023 seconds.
  path: Assets/Materials and Textures/Objects/Wheel.png
  artifactKey: Guid(4fd3c273439705040b791fd00e2ef7f5) Importer(815301076,1909f56bfc062723c751e8b465ee728b)
Start importing Assets/Materials and Textures/Objects/Wheel.png using Guid(4fd3c273439705040b791fd00e2ef7f5) Importer(815301076,1909f56bfc062723c751e8b465ee728b) (PreviewImporter) -> (artifact id: '85ca409b4a232b94b1dc4d7a10b99d97') in 0.0293464 seconds
Number of updated asset objects reloaded before import = 0Number of asset objects unloaded after import = 2

========================================================================
Received Import Request.
  Time since last request: 0.003063 seconds.
  path: Assets/Materials and Textures/Objects/banana_texture.png
  artifactKey: Guid(cb50b07405378554a9238a550e8f7f2e) Importer(815301076,1909f56bfc062723c751e8b465ee728b)
Start importing Assets/Materials and Textures/Objects/banana_texture.png using Guid(cb50b07405378554a9238a550e8f7f2e) Importer(815301076,1909f56bfc062723c751e8b465ee728b) (PreviewImporter) -> (artifact id: '1af782feb05a0d9b6196c50e188d5de9') in 0.0251227 seconds
Number of updated asset objects reloaded before import = 0Number of asset objects unloaded after import = 2

========================================================================
Received Import Request.
  Time since last request: 0.000023 seconds.
  path: Assets/Materials and Textures/Objects/Sign_Body_UV.png
  artifactKey: Guid(5b27e66cfa8ed1d4580483232fcba0ce) Importer(815301076,1909f56bfc062723c751e8b465ee728b)
Start importing Assets/Materials and Textures/Objects/Sign_Body_UV.png using Guid(5b27e66cfa8ed1d4580483232fcba0ce) Importer(815301076,1909f56bfc062723c751e8b465ee728b) (PreviewImporter) -> (artifact id: '2ced4c0387085f81a4c4b7b7fc4c0c0b') in 0.0258119 seconds
Number of updated asset objects reloaded before import = 0Number of asset objects unloaded after import = 2

========================================================================
Received Import Request.
  Time since last request: 11.956860 seconds.
  path: Assets/Materials and Textures/Objects/Glass_mat.png
  artifactKey: Guid(8f93b7e3c07c5134fbbbdbf7a3cbbb9e) Importer(815301076,1909f56bfc062723c751e8b465ee728b)
Start importing Assets/Materials and Textures/Objects/Glass_mat.png using Guid(8f93b7e3c07c5134fbbbdbf7a3cbbb9e) Importer(815301076,1909f56bfc062723c751e8b465ee728b) (PreviewImporter) -> (artifact id: '1da32b33818805f730690caf349068c2') in 0.0184735 seconds
Number of updated asset objects reloaded before import = 0Number of asset objects unloaded after import = 2

========================================================================
Received Import Request.
  Time since last request: 80.358362 seconds.
  path: Assets/Materials and Textures/Objects/M_Mag_Glass.mat
  artifactKey: Guid(f7231865650cdd34a87f95cb5a831de6) Importer(815301076,1909f56bfc062723c751e8b465ee728b)
Start importing Assets/Materials and Textures/Objects/M_Mag_Glass.mat using Guid(f7231865650cdd34a87f95cb5a831de6) Importer(815301076,1909f56bfc062723c751e8b465ee728b) (PreviewImporter) -> (artifact id: 'f05c31860d20a70416356501ee7d99c6') in 0.028614 seconds
Number of updated asset objects reloaded before import = 0Number of asset objects unloaded after import = 2

========================================================================
Received Prepare
Refreshing native plugins compatible for Editor in 2.40 ms, found 3 plugins.
Preloading 0 native plugins for Editor in 0.00 ms.
Unloading 31 Unused Serialized files (Serialized files now loaded: 0)
Unloading 5492 unused Assets / (6.2 MB). Loaded Objects now: 6167.
Memory consumption went from 144.9 MB to 138.7 MB.
Total: 39.734600 ms (FindLiveObjects: 1.106800 ms CreateObjectMapping: 0.461900 ms MarkObjects: 34.628900 ms  DeleteObjects: 3.534800 ms)

Prepare: number of updated asset objects reloaded= 0
========================================================================
Received Prepare
Refreshing native plugins compatible for Editor in 1.18 ms, found 3 plugins.
Preloading 0 native plugins for Editor in 0.00 ms.
Unloading 31 Unused Serialized files (Serialized files now loaded: 0)
Unloading 5492 unused Assets / (5.9 MB). Loaded Objects now: 6167.
Memory consumption went from 144.9 MB to 139.0 MB.
Total: 11.819800 ms (FindLiveObjects: 0.893000 ms CreateObjectMapping: 0.801800 ms MarkObjects: 7.096600 ms  DeleteObjects: 3.027000 ms)

Prepare: number of updated asset objects reloaded= 0
========================================================================
Received Prepare
Refreshing native plugins compatible for Editor in 1.42 ms, found 3 plugins.
Preloading 0 native plugins for Editor in 0.00 ms.
Unloading 31 Unused Serialized files (Serialized files now loaded: 0)
Unloading 5492 unused Assets / (6.5 MB). Loaded Objects now: 6167.
Memory consumption went from 144.9 MB to 138.4 MB.
Total: 14.810500 ms (FindLiveObjects: 0.988300 ms CreateObjectMapping: 0.753600 ms MarkObjects: 8.233000 ms  DeleteObjects: 4.833400 ms)

Prepare: number of updated asset objects reloaded= 0
========================================================================
Received Prepare
Refreshing native plugins compatible for Editor in 1.36 ms, found 3 plugins.
Preloading 0 native plugins for Editor in 0.00 ms.
Unloading 31 Unused Serialized files (Serialized files now loaded: 0)
Unloading 5492 unused Assets / (5.8 MB). Loaded Objects now: 6167.
Memory consumption went from 144.9 MB to 139.1 MB.
Total: 9.880100 ms (FindLiveObjects: 0.975000 ms CreateObjectMapping: 0.487500 ms MarkObjects: 5.744900 ms  DeleteObjects: 2.671400 ms)

Prepare: number of updated asset objects reloaded= 0
========================================================================
Received Prepare
Refreshing native plugins compatible for Editor in 1.36 ms, found 3 plugins.
Preloading 0 native plugins for Editor in 0.00 ms.
Unloading 31 Unused Serialized files (Serialized files now loaded: 0)
Unloading 5492 unused Assets / (6.6 MB). Loaded Objects now: 6167.
Memory consumption went from 144.9 MB to 138.3 MB.
Total: 21.312600 ms (FindLiveObjects: 0.998300 ms CreateObjectMapping: 1.661300 ms MarkObjects: 12.079400 ms  DeleteObjects: 6.571400 ms)

Prepare: number of updated asset objects reloaded= 0
========================================================================
Received Prepare
Begin MonoManager ReloadAssembly
Symbol file LoadedFromMemory doesn't match image F:\Users\Nyx\QUT F Drive\Year 4\IGB101\Assignment_3\IGB101_MShaw_A3\Library\PackageCache\com.unity.visualscripting@1.8.0\Editor\VisualScripting.Core\Dependencies\YamlDotNet\Unity.VisualScripting.YamlDotNet.dll
Symbol file LoadedFromMemory doesn't match image F:\Users\Nyx\QUT F Drive\Year 4\IGB101\Assignment_3\IGB101_MShaw_A3\Library\PackageCache\com.unity.visualscripting@1.8.0\Editor\VisualScripting.Core\Dependencies\DotNetZip\Unity.VisualScripting.IonicZip.dll
- Loaded All Assemblies, in 14.259 seconds
Refreshing native plugins compatible for Editor in 1.09 ms, found 3 plugins.
Native extension for WindowsStandalone target not found
Mono: successfully reloaded assembly
- Finished resetting the current domain, in  0.977 seconds
Domain Reload Profiling: 15238ms
	BeginReloadAssembly (1361ms)
		ExecutionOrderSort (0ms)
		DisableScriptedObjects (24ms)
		BackupInstance (0ms)
		ReleaseScriptingObjects (0ms)
		CreateAndSetChildDomain (284ms)
	RebuildCommonClasses (70ms)
	RebuildNativeTypeToScriptingClass (20ms)
	initialDomainReloadingComplete (49ms)
	LoadAllAssembliesAndSetupDomain (12759ms)
		LoadAssemblies (13308ms)
		RebuildTransferFunctionScriptingTraits (0ms)
		AnalyzeDomain (339ms)
			TypeCache.Refresh (16ms)
				TypeCache.ScanAssembly (0ms)
			BuildScriptInfoCaches (311ms)
			ResolveRequiredComponents (6ms)
	FinalizeReload (978ms)
		ReleaseScriptCaches (0ms)
		RebuildScriptCaches (0ms)
		SetupLoadedEditorAssemblies (668ms)
			LogAssemblyErrors (0ms)
			InitializePlatformSupportModulesInManaged (3ms)
			SetLoadedEditorAssemblies (34ms)
			BeforeProcessingInitializeOnLoad (96ms)
			ProcessInitializeOnLoadAttributes (483ms)
			ProcessInitializeOnLoadMethodAttributes (49ms)
			AfterProcessingInitializeOnLoad (3ms)
			EditorAssembliesLoaded (0ms)
		ExecutionOrderSort2 (0ms)
		AwakeInstancesAfterBackupRestoration (11ms)
Refreshing native plugins compatible for Editor in 1.22 ms, found 3 plugins.
Preloading 0 native plugins for Editor in 0.00 ms.
Unloading 31 Unused Serialized files (Serialized files now loaded: 0)
Unloading 5497 unused Assets / (6.4 MB). Loaded Objects now: 6167.
Memory consumption went from 146.3 MB to 139.9 MB.
Total: 9.221400 ms (FindLiveObjects: 0.837900 ms CreateObjectMapping: 0.359800 ms MarkObjects: 5.170400 ms  DeleteObjects: 2.851700 ms)

Prepare: number of updated asset objects reloaded= 0
========================================================================
Received Import Request.
  Time since last request: 765.063220 seconds.
  path: ProjectSettings/TagManager.asset
  artifactKey: Guid(00000000000000003000000000000000) Importer(815301076,1909f56bfc062723c751e8b465ee728b)
Start importing ProjectSettings/TagManager.asset using Guid(00000000000000003000000000000000) Importer(815301076,1909f56bfc062723c751e8b465ee728b) (PreviewImporter) -> (artifact id: 'cde2cb2a1803f308d6df54db0cbdb0b0') in 0.1039121 seconds
Number of updated asset objects reloaded before import = 0Number of asset objects unloaded after import = 0

========================================================================
Received Import Request.
  Time since last request: 27.386275 seconds.
  path: Assets/Scripts/Pickup.cs
  artifactKey: Guid(b1a7c54749b7d25409a127e8432e2123) Importer(815301076,1909f56bfc062723c751e8b465ee728b)
Start importing Assets/Scripts/Pickup.cs using Guid(b1a7c54749b7d25409a127e8432e2123) Importer(815301076,1909f56bfc062723c751e8b465ee728b) (PreviewImporter) -> (artifact id: 'd1a98b612ef11521c656db67e84ecb03') in 0.0093392 seconds
Number of updated asset objects reloaded before import = 0Number of asset objects unloaded after import = 0

========================================================================
Received Prepare
Refreshing native plugins compatible for Editor in 1.35 ms, found 3 plugins.
Preloading 0 native plugins for Editor in 0.00 ms.
Unloading 31 Unused Serialized files (Serialized files now loaded: 0)
Unloading 5493 unused Assets / (6.2 MB). Loaded Objects now: 6167.
Memory consumption went from 146.5 MB to 140.2 MB.
Total: 14.641100 ms (FindLiveObjects: 0.901900 ms CreateObjectMapping: 0.870300 ms MarkObjects: 8.589200 ms  DeleteObjects: 4.277800 ms)

Prepare: number of updated asset objects reloaded= 0
========================================================================
Received Prepare
Refreshing native plugins compatible for Editor in 1.45 ms, found 3 plugins.
Preloading 0 native plugins for Editor in 0.00 ms.
Unloading 31 Unused Serialized files (Serialized files now loaded: 0)
Unloading 5492 unused Assets / (6.3 MB). Loaded Objects now: 6167.
Memory consumption went from 146.5 MB to 140.2 MB.
Total: 15.412400 ms (FindLiveObjects: 0.945600 ms CreateObjectMapping: 1.331800 ms MarkObjects: 7.541400 ms  DeleteObjects: 5.592000 ms)

Prepare: number of updated asset objects reloaded= 0
========================================================================
Received Prepare
Begin MonoManager ReloadAssembly
Symbol file LoadedFromMemory doesn't match image F:\Users\Nyx\QUT F Drive\Year 4\IGB101\Assignment_3\IGB101_MShaw_A3\Library\PackageCache\com.unity.visualscripting@1.8.0\Editor\VisualScripting.Core\Dependencies\YamlDotNet\Unity.VisualScripting.YamlDotNet.dll
Symbol file LoadedFromMemory doesn't match image F:\Users\Nyx\QUT F Drive\Year 4\IGB101\Assignment_3\IGB101_MShaw_A3\Library\PackageCache\com.unity.visualscripting@1.8.0\Editor\VisualScripting.Core\Dependencies\DotNetZip\Unity.VisualScripting.IonicZip.dll
- Loaded All Assemblies, in  1.357 seconds
Refreshing native plugins compatible for Editor in 1.07 ms, found 3 plugins.
Native extension for WindowsStandalone target not found
Mono: successfully reloaded assembly
- Finished resetting the current domain, in  0.866 seconds
Domain Reload Profiling: 2224ms
	BeginReloadAssembly (341ms)
		ExecutionOrderSort (0ms)
		DisableScriptedObjects (6ms)
		BackupInstance (0ms)
		ReleaseScriptingObjects (0ms)
		CreateAndSetChildDomain (87ms)
	RebuildCommonClasses (53ms)
	RebuildNativeTypeToScriptingClass (19ms)
	initialDomainReloadingComplete (33ms)
	LoadAllAssembliesAndSetupDomain (912ms)
		LoadAssemblies (868ms)
		RebuildTransferFunctionScriptingTraits (0ms)
		AnalyzeDomain (245ms)
			TypeCache.Refresh (11ms)
				TypeCache.ScanAssembly (0ms)
			BuildScriptInfoCaches (224ms)
			ResolveRequiredComponents (6ms)
	FinalizeReload (866ms)
		ReleaseScriptCaches (0ms)
		RebuildScriptCaches (0ms)
		SetupLoadedEditorAssemblies (601ms)
			LogAssemblyErrors (0ms)
			InitializePlatformSupportModulesInManaged (3ms)
			SetLoadedEditorAssemblies (5ms)
			BeforeProcessingInitializeOnLoad (83ms)
			ProcessInitializeOnLoadAttributes (470ms)
			ProcessInitializeOnLoadMethodAttributes (38ms)
			AfterProcessingInitializeOnLoad (3ms)
			EditorAssembliesLoaded (0ms)
		ExecutionOrderSort2 (0ms)
		AwakeInstancesAfterBackupRestoration (12ms)
Refreshing native plugins compatible for Editor in 1.12 ms, found 3 plugins.
Preloading 0 native plugins for Editor in 0.00 ms.
Unloading 31 Unused Serialized files (Serialized files now loaded: 0)
Unloading 5497 unused Assets / (6.3 MB). Loaded Objects now: 6168.
Memory consumption went from 148.2 MB to 141.9 MB.
Total: 9.560000 ms (FindLiveObjects: 0.955300 ms CreateObjectMapping: 0.482000 ms MarkObjects: 5.188200 ms  DeleteObjects: 2.932700 ms)

Prepare: number of updated asset objects reloaded= 0
========================================================================
Received Prepare
Refreshing native plugins compatible for Editor in 1.52 ms, found 3 plugins.
Preloading 0 native plugins for Editor in 0.00 ms.
Unloading 31 Unused Serialized files (Serialized files now loaded: 0)
Unloading 5492 unused Assets / (6.3 MB). Loaded Objects now: 6168.
Memory consumption went from 148.4 MB to 142.1 MB.
Total: 11.917500 ms (FindLiveObjects: 0.886000 ms CreateObjectMapping: 0.863200 ms MarkObjects: 6.877500 ms  DeleteObjects: 3.288400 ms)

Prepare: number of updated asset objects reloaded= 0
========================================================================
Received Prepare
Refreshing native plugins compatible for Editor in 1.20 ms, found 3 plugins.
Preloading 0 native plugins for Editor in 0.00 ms.
Unloading 31 Unused Serialized files (Serialized files now loaded: 0)
Unloading 5492 unused Assets / (6.4 MB). Loaded Objects now: 6168.
Memory consumption went from 148.4 MB to 142.0 MB.
Total: 12.905500 ms (FindLiveObjects: 0.899600 ms CreateObjectMapping: 0.724900 ms MarkObjects: 7.273600 ms  DeleteObjects: 4.005100 ms)

Prepare: number of updated asset objects reloaded= 0
========================================================================
Received Prepare
Begin MonoManager ReloadAssembly
Symbol file LoadedFromMemory doesn't match image F:\Users\Nyx\QUT F Drive\Year 4\IGB101\Assignment_3\IGB101_MShaw_A3\Library\PackageCache\com.unity.visualscripting@1.8.0\Editor\VisualScripting.Core\Dependencies\YamlDotNet\Unity.VisualScripting.YamlDotNet.dll
Symbol file LoadedFromMemory doesn't match image F:\Users\Nyx\QUT F Drive\Year 4\IGB101\Assignment_3\IGB101_MShaw_A3\Library\PackageCache\com.unity.visualscripting@1.8.0\Editor\VisualScripting.Core\Dependencies\DotNetZip\Unity.VisualScripting.IonicZip.dll
- Loaded All Assemblies, in  0.978 seconds
Refreshing native plugins compatible for Editor in 1.21 ms, found 3 plugins.
Native extension for WindowsStandalone target not found
Mono: successfully reloaded assembly
- Finished resetting the current domain, in  0.888 seconds
Domain Reload Profiling: 1870ms
	BeginReloadAssembly (309ms)
		ExecutionOrderSort (0ms)
		DisableScriptedObjects (6ms)
		BackupInstance (0ms)
		ReleaseScriptingObjects (0ms)
		CreateAndSetChildDomain (73ms)
	RebuildCommonClasses (49ms)
	RebuildNativeTypeToScriptingClass (19ms)
	initialDomainReloadingComplete (37ms)
	LoadAllAssembliesAndSetupDomain (567ms)
		LoadAssemblies (500ms)
		RebuildTransferFunctionScriptingTraits (0ms)
		AnalyzeDomain (246ms)
			TypeCache.Refresh (10ms)
				TypeCache.ScanAssembly (0ms)
			BuildScriptInfoCaches (223ms)
			ResolveRequiredComponents (7ms)
	FinalizeReload (889ms)
		ReleaseScriptCaches (0ms)
		RebuildScriptCaches (0ms)
		SetupLoadedEditorAssemblies (601ms)
			LogAssemblyErrors (0ms)
			InitializePlatformSupportModulesInManaged (3ms)
			SetLoadedEditorAssemblies (6ms)
			BeforeProcessingInitializeOnLoad (81ms)
			ProcessInitializeOnLoadAttributes (468ms)
			ProcessInitializeOnLoadMethodAttributes (39ms)
			AfterProcessingInitializeOnLoad (3ms)
			EditorAssembliesLoaded (0ms)
		ExecutionOrderSort2 (0ms)
		AwakeInstancesAfterBackupRestoration (11ms)
Refreshing native plugins compatible for Editor in 1.50 ms, found 3 plugins.
Preloading 0 native plugins for Editor in 0.00 ms.
Unloading 31 Unused Serialized files (Serialized files now loaded: 0)
Unloading 5497 unused Assets / (5.8 MB). Loaded Objects now: 6169.
Memory consumption went from 150.1 MB to 144.3 MB.
Total: 9.690900 ms (FindLiveObjects: 0.834300 ms CreateObjectMapping: 0.496200 ms MarkObjects: 5.487600 ms  DeleteObjects: 2.871200 ms)

Prepare: number of updated asset objects reloaded= 0
========================================================================
Received Prepare
Refreshing native plugins compatible for Editor in 1.44 ms, found 3 plugins.
Preloading 0 native plugins for Editor in 0.00 ms.
Unloading 31 Unused Serialized files (Serialized files now loaded: 0)
Unloading 5492 unused Assets / (6.3 MB). Loaded Objects now: 6169.
Memory consumption went from 150.3 MB to 144.0 MB.
Total: 13.755500 ms (FindLiveObjects: 0.869300 ms CreateObjectMapping: 0.972900 ms MarkObjects: 7.541600 ms  DeleteObjects: 4.369800 ms)

Prepare: number of updated asset objects reloaded= 0
========================================================================
Received Import Request.
  Time since last request: 608.659099 seconds.
  path: Assets/Scripts/GameManager.cs
  artifactKey: Guid(4f71099110d4ad64c90e95c2b4fe2618) Importer(815301076,1909f56bfc062723c751e8b465ee728b)
Start importing Assets/Scripts/GameManager.cs using Guid(4f71099110d4ad64c90e95c2b4fe2618) Importer(815301076,1909f56bfc062723c751e8b465ee728b) (PreviewImporter) -> (artifact id: '403365c2298efb36fe99360650f82ffb') in 0.0538927 seconds
Number of updated asset objects reloaded before import = 0Number of asset objects unloaded after import = 0

========================================================================
Received Prepare
Begin MonoManager ReloadAssembly
Symbol file LoadedFromMemory doesn't match image F:\Users\Nyx\QUT F Drive\Year 4\IGB101\Assignment_3\IGB101_MShaw_A3\Library\PackageCache\com.unity.visualscripting@1.8.0\Editor\VisualScripting.Core\Dependencies\YamlDotNet\Unity.VisualScripting.YamlDotNet.dll
Symbol file LoadedFromMemory doesn't match image F:\Users\Nyx\QUT F Drive\Year 4\IGB101\Assignment_3\IGB101_MShaw_A3\Library\PackageCache\com.unity.visualscripting@1.8.0\Editor\VisualScripting.Core\Dependencies\DotNetZip\Unity.VisualScripting.IonicZip.dll
- Loaded All Assemblies, in  1.013 seconds
Refreshing native plugins compatible for Editor in 1.11 ms, found 3 plugins.
Native extension for WindowsStandalone target not found
Mono: successfully reloaded assembly
- Finished resetting the current domain, in  0.874 seconds
Domain Reload Profiling: 1890ms
	BeginReloadAssembly (333ms)
		ExecutionOrderSort (0ms)
		DisableScriptedObjects (7ms)
		BackupInstance (0ms)
		ReleaseScriptingObjects (0ms)
		CreateAndSetChildDomain (67ms)
	RebuildCommonClasses (51ms)
	RebuildNativeTypeToScriptingClass (20ms)
	initialDomainReloadingComplete (34ms)
	LoadAllAssembliesAndSetupDomain (578ms)
		LoadAssemblies (522ms)
		RebuildTransferFunctionScriptingTraits (0ms)
		AnalyzeDomain (264ms)
			TypeCache.Refresh (10ms)
				TypeCache.ScanAssembly (0ms)
			BuildScriptInfoCaches (242ms)
			ResolveRequiredComponents (6ms)
	FinalizeReload (874ms)
		ReleaseScriptCaches (0ms)
		RebuildScriptCaches (0ms)
		SetupLoadedEditorAssemblies (596ms)
			LogAssemblyErrors (0ms)
			InitializePlatformSupportModulesInManaged (3ms)
			SetLoadedEditorAssemblies (5ms)
			BeforeProcessingInitializeOnLoad (67ms)
			ProcessInitializeOnLoadAttributes (472ms)
			ProcessInitializeOnLoadMethodAttributes (44ms)
			AfterProcessingInitializeOnLoad (4ms)
			EditorAssembliesLoaded (0ms)
		ExecutionOrderSort2 (0ms)
		AwakeInstancesAfterBackupRestoration (11ms)
Refreshing native plugins compatible for Editor in 1.25 ms, found 3 plugins.
Preloading 0 native plugins for Editor in 0.00 ms.
Unloading 31 Unused Serialized files (Serialized files now loaded: 0)
Unloading 5497 unused Assets / (9.0 MB). Loaded Objects now: 6170.
Memory consumption went from 152.0 MB to 143.1 MB.
Total: 20.050300 ms (FindLiveObjects: 0.778300 ms CreateObjectMapping: 0.335500 ms MarkObjects: 5.088200 ms  DeleteObjects: 13.847300 ms)

Prepare: number of updated asset objects reloaded= 0
========================================================================
Received Prepare
Begin MonoManager ReloadAssembly
Symbol file LoadedFromMemory doesn't match image F:\Users\Nyx\QUT F Drive\Year 4\IGB101\Assignment_3\IGB101_MShaw_A3\Library\PackageCache\com.unity.visualscripting@1.8.0\Editor\VisualScripting.Core\Dependencies\YamlDotNet\Unity.VisualScripting.YamlDotNet.dll
Symbol file LoadedFromMemory doesn't match image F:\Users\Nyx\QUT F Drive\Year 4\IGB101\Assignment_3\IGB101_MShaw_A3\Library\PackageCache\com.unity.visualscripting@1.8.0\Editor\VisualScripting.Core\Dependencies\DotNetZip\Unity.VisualScripting.IonicZip.dll
- Loaded All Assemblies, in  0.957 seconds
Refreshing native plugins compatible for Editor in 1.08 ms, found 3 plugins.
Native extension for WindowsStandalone target not found
Mono: successfully reloaded assembly
- Finished resetting the current domain, in  0.851 seconds
Domain Reload Profiling: 1809ms
	BeginReloadAssembly (294ms)
		ExecutionOrderSort (0ms)
		DisableScriptedObjects (6ms)
		BackupInstance (0ms)
		ReleaseScriptingObjects (0ms)
		CreateAndSetChildDomain (67ms)
	RebuildCommonClasses (52ms)
	RebuildNativeTypeToScriptingClass (18ms)
	initialDomainReloadingComplete (35ms)
	LoadAllAssembliesAndSetupDomain (558ms)
		LoadAssemblies (487ms)
		RebuildTransferFunctionScriptingTraits (0ms)
		AnalyzeDomain (247ms)
			TypeCache.Refresh (7ms)
				TypeCache.ScanAssembly (0ms)
			BuildScriptInfoCaches (226ms)
			ResolveRequiredComponents (9ms)
	FinalizeReload (851ms)
		ReleaseScriptCaches (0ms)
		RebuildScriptCaches (0ms)
		SetupLoadedEditorAssemblies (591ms)
			LogAssemblyErrors (0ms)
			InitializePlatformSupportModulesInManaged (3ms)
			SetLoadedEditorAssemblies (5ms)
			BeforeProcessingInitializeOnLoad (75ms)
			ProcessInitializeOnLoadAttributes (460ms)
			ProcessInitializeOnLoadMethodAttributes (44ms)
			AfterProcessingInitializeOnLoad (3ms)
			EditorAssembliesLoaded (0ms)
		ExecutionOrderSort2 (0ms)
		AwakeInstancesAfterBackupRestoration (11ms)
Refreshing native plugins compatible for Editor in 1.25 ms, found 3 plugins.
Preloading 0 native plugins for Editor in 0.00 ms.
Unloading 31 Unused Serialized files (Serialized files now loaded: 0)
Unloading 5497 unused Assets / (6.7 MB). Loaded Objects now: 6171.
Memory consumption went from 154.0 MB to 147.3 MB.
Total: 17.588200 ms (FindLiveObjects: 0.783900 ms CreateObjectMapping: 0.333400 ms MarkObjects: 5.300900 ms  DeleteObjects: 11.168500 ms)

Prepare: number of updated asset objects reloaded= 0
========================================================================
Received Prepare
Begin MonoManager ReloadAssembly
Symbol file LoadedFromMemory doesn't match image F:\Users\Nyx\QUT F Drive\Year 4\IGB101\Assignment_3\IGB101_MShaw_A3\Library\PackageCache\com.unity.visualscripting@1.8.0\Editor\VisualScripting.Core\Dependencies\YamlDotNet\Unity.VisualScripting.YamlDotNet.dll
Symbol file LoadedFromMemory doesn't match image F:\Users\Nyx\QUT F Drive\Year 4\IGB101\Assignment_3\IGB101_MShaw_A3\Library\PackageCache\com.unity.visualscripting@1.8.0\Editor\VisualScripting.Core\Dependencies\DotNetZip\Unity.VisualScripting.IonicZip.dll
- Loaded All Assemblies, in  1.073 seconds
Refreshing native plugins compatible for Editor in 1.34 ms, found 3 plugins.
Native extension for WindowsStandalone target not found
Mono: successfully reloaded assembly
- Finished resetting the current domain, in  0.910 seconds
Domain Reload Profiling: 1983ms
	BeginReloadAssembly (311ms)
		ExecutionOrderSort (0ms)
		DisableScriptedObjects (7ms)
		BackupInstance (0ms)
		ReleaseScriptingObjects (0ms)
		CreateAndSetChildDomain (51ms)
	RebuildCommonClasses (70ms)
	RebuildNativeTypeToScriptingClass (20ms)
	initialDomainReloadingComplete (34ms)
	LoadAllAssembliesAndSetupDomain (638ms)
		LoadAssemblies (572ms)
		RebuildTransferFunctionScriptingTraits (0ms)
		AnalyzeDomain (272ms)
			TypeCache.Refresh (8ms)
				TypeCache.ScanAssembly (0ms)
			BuildScriptInfoCaches (251ms)
			ResolveRequiredComponents (8ms)
	FinalizeReload (910ms)
		ReleaseScriptCaches (0ms)
		RebuildScriptCaches (0ms)
		SetupLoadedEditorAssemblies (628ms)
			LogAssemblyErrors (0ms)
			InitializePlatformSupportModulesInManaged (3ms)
			SetLoadedEditorAssemblies (5ms)
			BeforeProcessingInitializeOnLoad (99ms)
			ProcessInitializeOnLoadAttributes (475ms)
			ProcessInitializeOnLoadMethodAttributes (44ms)
			AfterProcessingInitializeOnLoad (3ms)
			EditorAssembliesLoaded (0ms)
		ExecutionOrderSort2 (0ms)
		AwakeInstancesAfterBackupRestoration (12ms)
Refreshing native plugins compatible for Editor in 1.14 ms, found 3 plugins.
Preloading 0 native plugins for Editor in 0.00 ms.
Unloading 31 Unused Serialized files (Serialized files now loaded: 0)
Unloading 5497 unused Assets / (8.6 MB). Loaded Objects now: 6172.
Memory consumption went from 155.9 MB to 147.3 MB.
Total: 20.679400 ms (FindLiveObjects: 0.993500 ms CreateObjectMapping: 0.936000 ms MarkObjects: 5.422800 ms  DeleteObjects: 13.325700 ms)

Prepare: number of updated asset objects reloaded= 0
========================================================================
Received Prepare
Begin MonoManager ReloadAssembly
Symbol file LoadedFromMemory doesn't match image F:\Users\Nyx\QUT F Drive\Year 4\IGB101\Assignment_3\IGB101_MShaw_A3\Library\PackageCache\com.unity.visualscripting@1.8.0\Editor\VisualScripting.Core\Dependencies\YamlDotNet\Unity.VisualScripting.YamlDotNet.dll
Symbol file LoadedFromMemory doesn't match image F:\Users\Nyx\QUT F Drive\Year 4\IGB101\Assignment_3\IGB101_MShaw_A3\Library\PackageCache\com.unity.visualscripting@1.8.0\Editor\VisualScripting.Core\Dependencies\DotNetZip\Unity.VisualScripting.IonicZip.dll
- Loaded All Assemblies, in  0.979 seconds
Refreshing native plugins compatible for Editor in 1.13 ms, found 3 plugins.
Native extension for WindowsStandalone target not found
Mono: successfully reloaded assembly
- Finished resetting the current domain, in  0.946 seconds
Domain Reload Profiling: 1927ms
	BeginReloadAssembly (290ms)
		ExecutionOrderSort (0ms)
		DisableScriptedObjects (6ms)
		BackupInstance (0ms)
		ReleaseScriptingObjects (0ms)
		CreateAndSetChildDomain (50ms)
	RebuildCommonClasses (49ms)
	RebuildNativeTypeToScriptingClass (18ms)
	initialDomainReloadingComplete (34ms)
	LoadAllAssembliesAndSetupDomain (590ms)
		LoadAssemblies (508ms)
		RebuildTransferFunctionScriptingTraits (0ms)
		AnalyzeDomain (262ms)
			TypeCache.Refresh (8ms)
				TypeCache.ScanAssembly (0ms)
			BuildScriptInfoCaches (240ms)
			ResolveRequiredComponents (9ms)
	FinalizeReload (947ms)
		ReleaseScriptCaches (0ms)
		RebuildScriptCaches (0ms)
		SetupLoadedEditorAssemblies (646ms)
			LogAssemblyErrors (0ms)
			InitializePlatformSupportModulesInManaged (4ms)
			SetLoadedEditorAssemblies (5ms)
			BeforeProcessingInitializeOnLoad (78ms)
			ProcessInitializeOnLoadAttributes (507ms)
			ProcessInitializeOnLoadMethodAttributes (44ms)
			AfterProcessingInitializeOnLoad (7ms)
			EditorAssembliesLoaded (0ms)
		ExecutionOrderSort2 (0ms)
		AwakeInstancesAfterBackupRestoration (13ms)
Refreshing native plugins compatible for Editor in 1.15 ms, found 3 plugins.
Preloading 0 native plugins for Editor in 0.00 ms.
Unloading 31 Unused Serialized files (Serialized files now loaded: 0)
Unloading 5497 unused Assets / (6.4 MB). Loaded Objects now: 6173.
Memory consumption went from 157.8 MB to 151.4 MB.
Total: 18.863700 ms (FindLiveObjects: 0.783300 ms CreateObjectMapping: 0.354800 ms MarkObjects: 5.423500 ms  DeleteObjects: 12.299900 ms)

Prepare: number of updated asset objects reloaded= 0
========================================================================
Received Prepare
Refreshing native plugins compatible for Editor in 1.27 ms, found 3 plugins.
Preloading 0 native plugins for Editor in 0.00 ms.
Unloading 31 Unused Serialized files (Serialized files now loaded: 0)
Unloading 5493 unused Assets / (5.9 MB). Loaded Objects now: 6174.
Memory consumption went from 158.0 MB to 152.1 MB.
Total: 12.423600 ms (FindLiveObjects: 0.986900 ms CreateObjectMapping: 1.430400 ms MarkObjects: 6.955900 ms  DeleteObjects: 3.048800 ms)

Prepare: number of updated asset objects reloaded= 0
========================================================================
Received Import Request.
  Time since last request: 443.397677 seconds.
  path: Assets/Scripts/LevelSwitch.cs
  artifactKey: Guid(212f0095aa25339449ab30ce306e1765) Importer(815301076,1909f56bfc062723c751e8b465ee728b)
Start importing Assets/Scripts/LevelSwitch.cs using Guid(212f0095aa25339449ab30ce306e1765) Importer(815301076,1909f56bfc062723c751e8b465ee728b) (PreviewImporter) -> (artifact id: '467ac69385ef5ed68e92d236167eaed5') in 0.0341181 seconds
Number of updated asset objects reloaded before import = 0Number of asset objects unloaded after import = 0

========================================================================
Received Prepare
Refreshing native plugins compatible for Editor in 1.36 ms, found 3 plugins.
Preloading 0 native plugins for Editor in 0.00 ms.
Unloading 31 Unused Serialized files (Serialized files now loaded: 0)
Unloading 5493 unused Assets / (8.5 MB). Loaded Objects now: 6174.
Memory consumption went from 158.0 MB to 149.5 MB.
Total: 493.753900 ms (FindLiveObjects: 0.921800 ms CreateObjectMapping: 1.087900 ms MarkObjects: 9.180600 ms  DeleteObjects: 482.561700 ms)

Prepare: number of updated asset objects reloaded= 0
========================================================================
Received Prepare
Refreshing native plugins compatible for Editor in 1.23 ms, found 3 plugins.
Preloading 0 native plugins for Editor in 0.00 ms.
Unloading 31 Unused Serialized files (Serialized files now loaded: 0)
Unloading 5493 unused Assets / (6.7 MB). Loaded Objects now: 6174.
Memory consumption went from 158.0 MB to 151.4 MB.
Total: 42.376900 ms (FindLiveObjects: 0.889100 ms CreateObjectMapping: 0.430300 ms MarkObjects: 8.024200 ms  DeleteObjects: 33.032000 ms)

Prepare: number of updated asset objects reloaded= 0
========================================================================
Received Prepare
Refreshing native plugins compatible for Editor in 1.35 ms, found 3 plugins.
Preloading 0 native plugins for Editor in 0.00 ms.
Unloading 31 Unused Serialized files (Serialized files now loaded: 0)
Unloading 5493 unused Assets / (7.6 MB). Loaded Objects now: 6174.
Memory consumption went from 158.0 MB to 150.4 MB.
Total: 15.455900 ms (FindLiveObjects: 0.873600 ms CreateObjectMapping: 0.966700 ms MarkObjects: 7.517100 ms  DeleteObjects: 6.094300 ms)

Prepare: number of updated asset objects reloaded= 0
========================================================================
Received Import Request.
  Time since last request: 400.315028 seconds.
  path: Assets/Scripts/LevelSwitch.cs
  artifactKey: Guid(212f0095aa25339449ab30ce306e1765) Importer(815301076,1909f56bfc062723c751e8b465ee728b)
Start importing Assets/Scripts/LevelSwitch.cs using Guid(212f0095aa25339449ab30ce306e1765) Importer(815301076,1909f56bfc062723c751e8b465ee728b) (PreviewImporter) -> (artifact id: 'cb15c87380bcf61255a9eac35d653cb3') in 0.0157106 seconds
Number of updated asset objects reloaded before import = 0Number of asset objects unloaded after import = 0

========================================================================
Received Prepare
Refreshing native plugins compatible for Editor in 1.47 ms, found 3 plugins.
Preloading 0 native plugins for Editor in 0.00 ms.
Unloading 31 Unused Serialized files (Serialized files now loaded: 0)
Unloading 5493 unused Assets / (6.6 MB). Loaded Objects now: 6174.
Memory consumption went from 158.0 MB to 151.4 MB.
Total: 15.583700 ms (FindLiveObjects: 0.998200 ms CreateObjectMapping: 1.210300 ms MarkObjects: 7.490500 ms  DeleteObjects: 5.882700 ms)

Prepare: number of updated asset objects reloaded= 0
========================================================================
Received Import Request.
  Time since last request: 107.659591 seconds.
  path: Assets/Scripts/LevelSwitch.cs
  artifactKey: Guid(212f0095aa25339449ab30ce306e1765) Importer(815301076,1909f56bfc062723c751e8b465ee728b)
Start importing Assets/Scripts/LevelSwitch.cs using Guid(212f0095aa25339449ab30ce306e1765) Importer(815301076,1909f56bfc062723c751e8b465ee728b) (PreviewImporter) -> (artifact id: '4d78842df1014f2d98e40775d3345d36') in 0.0201808 seconds
Number of updated asset objects reloaded before import = 0Number of asset objects unloaded after import = 0

========================================================================
Received Import Request.
  Time since last request: 5.284239 seconds.
  path: Assets/Scripts/LevelSwitch.cs
  artifactKey: Guid(212f0095aa25339449ab30ce306e1765) Importer(815301076,1909f56bfc062723c751e8b465ee728b)
Start importing Assets/Scripts/LevelSwitch.cs using Guid(212f0095aa25339449ab30ce306e1765) Importer(815301076,1909f56bfc062723c751e8b465ee728b) (PreviewImporter) -> (artifact id: '4d78842df1014f2d98e40775d3345d36') in 0.0007098 seconds
Number of updated asset objects reloaded before import = 0Number of asset objects unloaded after import = 0

========================================================================
Received Import Request.
  Time since last request: 234.912869 seconds.
  path: Assets/Scripts/LevelSwitch.cs
  artifactKey: Guid(212f0095aa25339449ab30ce306e1765) Importer(815301076,1909f56bfc062723c751e8b465ee728b)
Start importing Assets/Scripts/LevelSwitch.cs using Guid(212f0095aa25339449ab30ce306e1765) Importer(815301076,1909f56bfc062723c751e8b465ee728b) (PreviewImporter) -> (artifact id: '4d78842df1014f2d98e40775d3345d36') in 0.0006899 seconds
Number of updated asset objects reloaded before import = 0Number of asset objects unloaded after import = 0

========================================================================
Received Import Request.
  Time since last request: 19.538173 seconds.
  path: Assets/Scripts/LevelSwitch.cs
  artifactKey: Guid(212f0095aa25339449ab30ce306e1765) Importer(815301076,1909f56bfc062723c751e8b465ee728b)
Start importing Assets/Scripts/LevelSwitch.cs using Guid(212f0095aa25339449ab30ce306e1765) Importer(815301076,1909f56bfc062723c751e8b465ee728b) (PreviewImporter) -> (artifact id: '4d78842df1014f2d98e40775d3345d36') in 0.0005957 seconds
Number of updated asset objects reloaded before import = 0Number of asset objects unloaded after import = 0

========================================================================
Received Import Request.
  Time since last request: 241.021611 seconds.
  path: Assets/Materials and Textures/Downloaded/YughuesFreeGroundMaterials/Textures/T_YFGM_SoilMoss_s.tga
  artifactKey: Guid(730f7aaee8d559747b406f57e335ea07) Importer(815301076,1909f56bfc062723c751e8b465ee728b)
Start importing Assets/Materials and Textures/Downloaded/YughuesFreeGroundMaterials/Textures/T_YFGM_SoilMoss_s.tga using Guid(730f7aaee8d559747b406f57e335ea07) Importer(815301076,1909f56bfc062723c751e8b465ee728b) (PreviewImporter) -> (artifact id: '8f231748a31b2df6395b36f23fcaf240') in 0.0899608 seconds
Number of updated asset objects reloaded before import = 0Number of asset objects unloaded after import = 2

========================================================================
Received Import Request.
  Time since last request: 0.016369 seconds.
  path: Assets/Models & Prefabs/Models/Downloaded_Assets/Awesome_Lamp_Collection/Modells/Materials/Lamp_14.mat
  artifactKey: Guid(cf9d800560d292648901173fa071a3ca) Importer(815301076,1909f56bfc062723c751e8b465ee728b)
Start importing Assets/Models & Prefabs/Models/Downloaded_Assets/Awesome_Lamp_Collection/Modells/Materials/Lamp_14.mat using Guid(cf9d800560d292648901173fa071a3ca) Importer(815301076,1909f56bfc062723c751e8b465ee728b) (PreviewImporter) -> (artifact id: '4f583dabad3ed6c1b7d183d360a8e3a1') in 0.0833744 seconds
Number of updated asset objects reloaded before import = 0Number of asset objects unloaded after import = 1

========================================================================
Received Import Request.
  Time since last request: 0.008104 seconds.
  path: Assets/Models & Prefabs/Models/Downloaded_Assets/Wooden Double Door front handle entrance/Materials
  artifactKey: Guid(e0d0ad4a8bd89f849bcafa68736958c3) Importer(815301076,1909f56bfc062723c751e8b465ee728b)
Start importing Assets/Models & Prefabs/Models/Downloaded_Assets/Wooden Double Door front handle entrance/Materials using Guid(e0d0ad4a8bd89f849bcafa68736958c3) Importer(815301076,1909f56bfc062723c751e8b465ee728b) (PreviewImporter) -> (artifact id: '5e09f9bcc0fdbc3adb26c46f11d11085') in 0.0010545 seconds
Number of updated asset objects reloaded before import = 0Number of asset objects unloaded after import = 0

========================================================================
Received Import Request.
  Time since last request: 0.014339 seconds.
  path: Assets/Models & Prefabs/Models/Downloaded_Assets/Wooden Double Door front handle entrance/Textures/T_door1_medium_MetallicSmoothness.png
  artifactKey: Guid(4ec0fee7e37ce024f8948d7e7d4a1799) Importer(815301076,1909f56bfc062723c751e8b465ee728b)
Start importing Assets/Models & Prefabs/Models/Downloaded_Assets/Wooden Double Door front handle entrance/Textures/T_door1_medium_MetallicSmoothness.png using Guid(4ec0fee7e37ce024f8948d7e7d4a1799) Importer(815301076,1909f56bfc062723c751e8b465ee728b) (PreviewImporter) -> (artifact id: 'c5f4701c8e98c1d615870108158756a5') in 0.0335138 seconds
Number of updated asset objects reloaded before import = 0Number of asset objects unloaded after import = 2

========================================================================
Received Import Request.
  Time since last request: 0.004969 seconds.
  path: Assets/Models & Prefabs/Walls and Floors/Models/Wood/materials/Door-Wood-Model-02.png
  artifactKey: Guid(605b52fe3aa7e4f4e88e7e23f776d940) Importer(815301076,1909f56bfc062723c751e8b465ee728b)
Start importing Assets/Models & Prefabs/Walls and Floors/Models/Wood/materials/Door-Wood-Model-02.png using Guid(605b52fe3aa7e4f4e88e7e23f776d940) Importer(815301076,1909f56bfc062723c751e8b465ee728b) (PreviewImporter) -> (artifact id: 'f099ab1a439d0bfd80860183b13a47e1') in 0.0143161 seconds
Number of updated asset objects reloaded before import = 0Number of asset objects unloaded after import = 2

========================================================================
Received Import Request.
  Time since last request: 0.018337 seconds.
  path: Assets/Materials and Textures/Downloaded/YughuesFreeGroundMaterials/Textures/T_YFGM_Salt_s.tga
  artifactKey: Guid(d309075cafb1a764481f2e953c146d4b) Importer(815301076,1909f56bfc062723c751e8b465ee728b)
Start importing Assets/Materials and Textures/Downloaded/YughuesFreeGroundMaterials/Textures/T_YFGM_Salt_s.tga using Guid(d309075cafb1a764481f2e953c146d4b) Importer(815301076,1909f56bfc062723c751e8b465ee728b) (PreviewImporter) -> (artifact id: 'e349899c2d324530b7190e1d0a119172') in 0.0174872 seconds
Number of updated asset objects reloaded before import = 0Number of asset objects unloaded after import = 2

========================================================================
Received Import Request.
  Time since last request: 0.004493 seconds.
  path: Assets/Models & Prefabs/Walls and Floors/Models/Stone/materials/Floor-Stone-Model-02.mat
  artifactKey: Guid(5ef5271cc1e75574995ddec7d0186fc6) Importer(815301076,1909f56bfc062723c751e8b465ee728b)
Start importing Assets/Models & Prefabs/Walls and Floors/Models/Stone/materials/Floor-Stone-Model-02.mat using Guid(5ef5271cc1e75574995ddec7d0186fc6) Importer(815301076,1909f56bfc062723c751e8b465ee728b) (PreviewImporter) -> (artifact id: 'b01617f7f30d656d26e4155d5a7dc9c6') in 0.0342842 seconds
Number of updated asset objects reloaded before import = 0Number of asset objects unloaded after import = 2

========================================================================
Received Import Request.
  Time since last request: 0.029918 seconds.
  path: Assets/Models & Prefabs/Models/Downloaded_Assets/Korea_TreasureProps/Materials
  artifactKey: Guid(57365d012ab3e7042b8f98f9073e7885) Importer(815301076,1909f56bfc062723c751e8b465ee728b)
Start importing Assets/Models & Prefabs/Models/Downloaded_Assets/Korea_TreasureProps/Materials using Guid(57365d012ab3e7042b8f98f9073e7885) Importer(815301076,1909f56bfc062723c751e8b465ee728b) (PreviewImporter) -> (artifact id: '2c8bc1610ea2b2ed562673d1ed088724') in 0.0008263 seconds
Number of updated asset objects reloaded before import = 0Number of asset objects unloaded after import = 0

========================================================================
Received Import Request.
  Time since last request: 0.013043 seconds.
  path: Assets/Models & Prefabs/Models/Downloaded_Assets/Awesome_Lamp_Collection/Textures/Lamp16.1/Lamp16.1_Emission.png
  artifactKey: Guid(1a3fbbafca59cb645a523be1ce2ad618) Importer(815301076,1909f56bfc062723c751e8b465ee728b)
Start importing Assets/Models & Prefabs/Models/Downloaded_Assets/Awesome_Lamp_Collection/Textures/Lamp16.1/Lamp16.1_Emission.png using Guid(1a3fbbafca59cb645a523be1ce2ad618) Importer(815301076,1909f56bfc062723c751e8b465ee728b) (PreviewImporter) -> (artifact id: '68ed7bc09743344cecea9b8141eac726') in 0.0271762 seconds
Number of updated asset objects reloaded before import = 0Number of asset objects unloaded after import = 2

========================================================================
Received Import Request.
  Time since last request: 0.004239 seconds.
  path: Assets/TextMesh Pro/Resources/LineBreaking Following Characters.txt
  artifactKey: Guid(fade42e8bc714b018fac513c043d323b) Importer(815301076,1909f56bfc062723c751e8b465ee728b)
Start importing Assets/TextMesh Pro/Resources/LineBreaking Following Characters.txt using Guid(fade42e8bc714b018fac513c043d323b) Importer(815301076,1909f56bfc062723c751e8b465ee728b) (PreviewImporter) -> (artifact id: 'ab104d025ed226ae1708e4bbb8be6b27') in 0.0019881 seconds
Number of updated asset objects reloaded before import = 0Number of asset objects unloaded after import = 1

========================================================================
Received Import Request.
  Time since last request: 0.002957 seconds.
  path: Assets/Models & Prefabs/Models/Downloaded_Assets/Wooden Double Door front handle entrance/Geometry
  artifactKey: Guid(e6bb8f8349b5f584688022dbb7ebf7e6) Importer(815301076,1909f56bfc062723c751e8b465ee728b)
Start importing Assets/Models & Prefabs/Models/Downloaded_Assets/Wooden Double Door front handle entrance/Geometry using Guid(e6bb8f8349b5f584688022dbb7ebf7e6) Importer(815301076,1909f56bfc062723c751e8b465ee728b) (PreviewImporter) -> (artifact id: 'deb399d106870f072b943cf93fb52523') in 0.0005871 seconds
Number of updated asset objects reloaded before import = 0Number of asset objects unloaded after import = 0

========================================================================
Received Import Request.
  Time since last request: 0.014619 seconds.
  path: Assets/Models & Prefabs/Models/Downloaded_Assets/Korea_TreasureProps/Prefabs/Sets/SM_095_Incense_BurnerSet.prefab
  artifactKey: Guid(cfdde07dc4af2aa4c93c180db0fe9a1b) Importer(815301076,1909f56bfc062723c751e8b465ee728b)
Start importing Assets/Models & Prefabs/Models/Downloaded_Assets/Korea_TreasureProps/Prefabs/Sets/SM_095_Incense_BurnerSet.prefab using Guid(cfdde07dc4af2aa4c93c180db0fe9a1b) Importer(815301076,1909f56bfc062723c751e8b465ee728b) (PreviewImporter) -> (artifact id: '748ec46c2357a63c4bf9555fb781769c') in 0.0122454 seconds
Number of updated asset objects reloaded before import = 0Number of asset objects unloaded after import = 8

========================================================================
Received Import Request.
  Time since last request: 0.003819 seconds.
  path: Assets/Models & Prefabs/Walls and Floors/Models/Wood/materials/Wall-Wood-Model-07.mat
  artifactKey: Guid(ac519ce1f0b9273469231f091560a86a) Importer(815301076,1909f56bfc062723c751e8b465ee728b)
Start importing Assets/Models & Prefabs/Walls and Floors/Models/Wood/materials/Wall-Wood-Model-07.mat using Guid(ac519ce1f0b9273469231f091560a86a) Importer(815301076,1909f56bfc062723c751e8b465ee728b) (PreviewImporter) -> (artifact id: 'f0bc6bc95acc5ea433d0a34f2d691aa7') in 0.0365543 seconds
Number of updated asset objects reloaded before import = 0Number of asset objects unloaded after import = 3

========================================================================
Received Import Request.
  Time since last request: 0.005031 seconds.
  path: Assets/Models & Prefabs/Walls and Floors/Models/Stone/materials/Corner-Stone-Model-03.png
  artifactKey: Guid(b5b67259540d6bf4b9e825e43b59b410) Importer(815301076,1909f56bfc062723c751e8b465ee728b)
Start importing Assets/Models & Prefabs/Walls and Floors/Models/Stone/materials/Corner-Stone-Model-03.png using Guid(b5b67259540d6bf4b9e825e43b59b410) Importer(815301076,1909f56bfc062723c751e8b465ee728b) (PreviewImporter) -> (artifact id: 'c5e21e2c9aaa4a649ba35a2cc260af7d') in 0.0161797 seconds
Number of updated asset objects reloaded before import = 0Number of asset objects unloaded after import = 2

========================================================================
Received Import Request.
  Time since last request: 0.006537 seconds.
  path: Assets/Skybox/QMS - Cartoon Skybox Pack FREE/Textures/Sky0006_NightMoon.png
  artifactKey: Guid(00817bec0fc275d41897c8ba9937c695) Importer(815301076,1909f56bfc062723c751e8b465ee728b)
Start importing Assets/Skybox/QMS - Cartoon Skybox Pack FREE/Textures/Sky0006_NightMoon.png using Guid(00817bec0fc275d41897c8ba9937c695) Importer(815301076,1909f56bfc062723c751e8b465ee728b) (PreviewImporter) -> (artifact id: '07aaa128042e461924b23207326db397') in 0.0194514 seconds
Number of updated asset objects reloaded before import = 0Number of asset objects unloaded after import = 2

========================================================================
Received Import Request.
  Time since last request: 0.004979 seconds.
  path: Assets/Models & Prefabs/Models/Downloaded_Assets/OlegWER/SkeletonsFreeSet/Prefabs/SM_fish_midpoly.prefab
  artifactKey: Guid(2b7e1ccaa678fcd4eae53a87a298c8a3) Importer(815301076,1909f56bfc062723c751e8b465ee728b)
Start importing Assets/Models & Prefabs/Models/Downloaded_Assets/OlegWER/SkeletonsFreeSet/Prefabs/SM_fish_midpoly.prefab using Guid(2b7e1ccaa678fcd4eae53a87a298c8a3) Importer(815301076,1909f56bfc062723c751e8b465ee728b) (PreviewImporter) -> (artifact id: '056ccedf306daf34e2b03a9bef58789b') in 0.0431684 seconds
Number of updated asset objects reloaded before import = 0Number of asset objects unloaded after import = 11

========================================================================
Received Import Request.
  Time since last request: 0.012971 seconds.
  path: Assets/Materials and Textures/Downloaded/YughuesFreeGroundMaterials/Textures/T_YFGM_GrassLeafs01_n.tga
  artifactKey: Guid(059e1218734df0843b511081194fc6c0) Importer(815301076,1909f56bfc062723c751e8b465ee728b)
Start importing Assets/Materials and Textures/Downloaded/YughuesFreeGroundMaterials/Textures/T_YFGM_GrassLeafs01_n.tga using Guid(059e1218734df0843b511081194fc6c0) Importer(815301076,1909f56bfc062723c751e8b465ee728b) (PreviewImporter) -> (artifact id: '4f32f33dd16adb83ae9fa4bbf83b9899') in 0.0302592 seconds
Number of updated asset objects reloaded before import = 0Number of asset objects unloaded after import = 2

========================================================================
Received Import Request.
  Time since last request: 0.015215 seconds.
  path: Assets/Models & Prefabs/Models/Downloaded_Assets/Wooden Double Door front handle entrance/Textures
  artifactKey: Guid(f22fee53efabd7d49abdf1d1b30225b1) Importer(815301076,1909f56bfc062723c751e8b465ee728b)
Start importing Assets/Models & Prefabs/Models/Downloaded_Assets/Wooden Double Door front handle entrance/Textures using Guid(f22fee53efabd7d49abdf1d1b30225b1) Importer(815301076,1909f56bfc062723c751e8b465ee728b) (PreviewImporter) -> (artifact id: 'ca942bbc4965e398c4840d6ab54a3ac9') in 0.000839 seconds
Number of updated asset objects reloaded before import = 0Number of asset objects unloaded after import = 0

========================================================================
Received Import Request.
  Time since last request: 0.016594 seconds.
  path: Assets/Models & Prefabs/Walls and Floors/Models/Wood/materials/Wall-Wood-Model-09.png
  artifactKey: Guid(a7dceb2629f36ce4ea00b2c8324419e5) Importer(815301076,1909f56bfc062723c751e8b465ee728b)
Start importing Assets/Models & Prefabs/Walls and Floors/Models/Wood/materials/Wall-Wood-Model-09.png using Guid(a7dceb2629f36ce4ea00b2c8324419e5) Importer(815301076,1909f56bfc062723c751e8b465ee728b) (PreviewImporter) -> (artifact id: 'ddf671958936324a8afa22acd0fda6a3') in 0.0155091 seconds
Number of updated asset objects reloaded before import = 0Number of asset objects unloaded after import = 2

========================================================================
Received Import Request.
  Time since last request: 0.004986 seconds.
  path: Assets/Materials and Textures/Downloaded/YughuesFreeGroundMaterials/Preview/LS_Preview.lighting
  artifactKey: Guid(ccec32ba4c90132428bb47b82677a2c1) Importer(815301076,1909f56bfc062723c751e8b465ee728b)
Start importing Assets/Materials and Textures/Downloaded/YughuesFreeGroundMaterials/Preview/LS_Preview.lighting using Guid(ccec32ba4c90132428bb47b82677a2c1) Importer(815301076,1909f56bfc062723c751e8b465ee728b) (PreviewImporter) -> (artifact id: 'b2b70d9cf36428af5fda620cd2b6f8a7') in 0.0020351 seconds
Number of updated asset objects reloaded before import = 0Number of asset objects unloaded after import = 1

========================================================================
Received Import Request.
  Time since last request: 0.004331 seconds.
  path: Assets/Models & Prefabs/Models/Downloaded_Assets/ithappy/Animals_FREE/Animations/Animation_Controllers/Tiger.controller
  artifactKey: Guid(2a9f6ed7e1a7d62488f3aef53523abe7) Importer(815301076,1909f56bfc062723c751e8b465ee728b)
Start importing Assets/Models & Prefabs/Models/Downloaded_Assets/ithappy/Animals_FREE/Animations/Animation_Controllers/Tiger.controller using Guid(2a9f6ed7e1a7d62488f3aef53523abe7) Importer(815301076,1909f56bfc062723c751e8b465ee728b) (PreviewImporter) -> (artifact id: '56d708d4d3e0d35b9535e142a408918a') in 0.0133542 seconds
Number of updated asset objects reloaded before import = 0Number of asset objects unloaded after import = 6

========================================================================
Received Import Request.
  Time since last request: 0.016502 seconds.
  path: Assets/Models & Prefabs/Walls and Floors/Models/Stone/materials/Wall-Stone-Model-10.png
  artifactKey: Guid(b7290229929885845b1665e4c7d323fb) Importer(815301076,1909f56bfc062723c751e8b465ee728b)
Start importing Assets/Models & Prefabs/Walls and Floors/Models/Stone/materials/Wall-Stone-Model-10.png using Guid(b7290229929885845b1665e4c7d323fb) Importer(815301076,1909f56bfc062723c751e8b465ee728b) (PreviewImporter) -> (artifact id: 'e740775eec8499ad35a4bb4e2056d198') in 0.0173833 seconds
Number of updated asset objects reloaded before import = 0Number of asset objects unloaded after import = 2

========================================================================
Received Import Request.
  Time since last request: 0.004679 seconds.
  path: Assets/Models & Prefabs/Walls and Floors/Prefabs/Stone/Walls/Wall-Stone (3).prefab
  artifactKey: Guid(04e6a0d45eab6a24180f11ac74ab0e71) Importer(815301076,1909f56bfc062723c751e8b465ee728b)
Start importing Assets/Models & Prefabs/Walls and Floors/Prefabs/Stone/Walls/Wall-Stone (3).prefab using Guid(04e6a0d45eab6a24180f11ac74ab0e71) Importer(815301076,1909f56bfc062723c751e8b465ee728b) (PreviewImporter) -> (artifact id: '40ab5b983cf3ccb0d76eb876fb4b2914') in 0.0191879 seconds
Number of updated asset objects reloaded before import = 0Number of asset objects unloaded after import = 10

========================================================================
Received Import Request.
  Time since last request: 0.005965 seconds.
  path: Assets/Models & Prefabs/Models/Downloaded_Assets/Awesome_Lamp_Collection/Textures/Lamp17.1/Lamp17.1_AlbedoTransparency.png
  artifactKey: Guid(ad4d7fa59b2bd0e47a0ba9aeb6fb393d) Importer(815301076,1909f56bfc062723c751e8b465ee728b)
Start importing Assets/Models & Prefabs/Models/Downloaded_Assets/Awesome_Lamp_Collection/Textures/Lamp17.1/Lamp17.1_AlbedoTransparency.png using Guid(ad4d7fa59b2bd0e47a0ba9aeb6fb393d) Importer(815301076,1909f56bfc062723c751e8b465ee728b) (PreviewImporter) -> (artifact id: '09c907891be98a8e3456b500d1eb155f') in 0.0207752 seconds
Number of updated asset objects reloaded before import = 0Number of asset objects unloaded after import = 2

========================================================================
Received Import Request.
  Time since last request: 0.012912 seconds.
  path: Assets/Materials and Textures/Downloaded/YughuesFreeGroundMaterials/Preview/T_Checker.tga
  artifactKey: Guid(8cddbf286c62e33438853d8aef16bdab) Importer(815301076,1909f56bfc062723c751e8b465ee728b)
Start importing Assets/Materials and Textures/Downloaded/YughuesFreeGroundMaterials/Preview/T_Checker.tga using Guid(8cddbf286c62e33438853d8aef16bdab) Importer(815301076,1909f56bfc062723c751e8b465ee728b) (PreviewImporter) -> (artifact id: 'bc7ab2e633b4252382585073ea6e6a5d') in 0.0161595 seconds
Number of updated asset objects reloaded before import = 0Number of asset objects unloaded after import = 2

========================================================================
Received Import Request.
  Time since last request: 0.005254 seconds.
  path: Assets/Models & Prefabs/Walls and Floors/Models/Stone/materials/Door-Stone-Model-01.mat
  artifactKey: Guid(204b0ea5595393c4d950b931f84f64a9) Importer(815301076,1909f56bfc062723c751e8b465ee728b)
Start importing Assets/Models & Prefabs/Walls and Floors/Models/Stone/materials/Door-Stone-Model-01.mat using Guid(204b0ea5595393c4d950b931f84f64a9) Importer(815301076,1909f56bfc062723c751e8b465ee728b) (PreviewImporter) -> (artifact id: '74bc73075bf8cf8a60a6dd96659c2e1f') in 0.0178759 seconds
Number of updated asset objects reloaded before import = 0Number of asset objects unloaded after import = 2

========================================================================
Received Import Request.
  Time since last request: 0.004714 seconds.
  path: Assets/Models & Prefabs/Models/Downloaded_Assets/ithappy/Animals_FREE/Meshes/Horse.controller
  artifactKey: Guid(e1df190c94b085842a7a611d5a88d691) Importer(815301076,1909f56bfc062723c751e8b465ee728b)
Start importing Assets/Models & Prefabs/Models/Downloaded_Assets/ithappy/Animals_FREE/Meshes/Horse.controller using Guid(e1df190c94b085842a7a611d5a88d691) Importer(815301076,1909f56bfc062723c751e8b465ee728b) (PreviewImporter) -> (artifact id: '37118826501c7b3db6e7c76e7db58f57') in 0.0024967 seconds
Number of updated asset objects reloaded before import = 0Number of asset objects unloaded after import = 4

========================================================================
Received Import Request.
  Time since last request: 0.004229 seconds.
  path: Assets/Models & Prefabs/Models/Downloaded_Assets/DungeonModularPack/Prefabs/Pillar_A.prefab
  artifactKey: Guid(1211a8a70ccbf8941b4f049e54df814a) Importer(815301076,1909f56bfc062723c751e8b465ee728b)
Start importing Assets/Models & Prefabs/Models/Downloaded_Assets/DungeonModularPack/Prefabs/Pillar_A.prefab using Guid(1211a8a70ccbf8941b4f049e54df814a) Importer(815301076,1909f56bfc062723c751e8b465ee728b) (PreviewImporter) -> (artifact id: '07f89812755ba4f6f61e7c697ca36038') in 0.0288821 seconds
Number of updated asset objects reloaded before import = 0Number of asset objects unloaded after import = 19

========================================================================
Received Import Request.
  Time since last request: 0.004190 seconds.
  path: Assets/Models & Prefabs/Walls and Floors/Models/Wood/materials/Wall-Wood-Model-09.mat
  artifactKey: Guid(d2f1f4dfae73a07429b743c02246c9c6) Importer(815301076,1909f56bfc062723c751e8b465ee728b)
Start importing Assets/Models & Prefabs/Walls and Floors/Models/Wood/materials/Wall-Wood-Model-09.mat using Guid(d2f1f4dfae73a07429b743c02246c9c6) Importer(815301076,1909f56bfc062723c751e8b465ee728b) (PreviewImporter) -> (artifact id: 'ddb4f85acb65cd21f2b143945ffcff6a') in 0.0187805 seconds
Number of updated asset objects reloaded before import = 0Number of asset objects unloaded after import = 3

========================================================================
Received Import Request.
  Time since last request: 0.004962 seconds.
  path: Assets/Models & Prefabs/Walls and Floors/Models/Wood/materials/Corner-Wood-Model-04.png
  artifactKey: Guid(9de0e56a53043984da41f0e4271bdf85) Importer(815301076,1909f56bfc062723c751e8b465ee728b)
Start importing Assets/Models & Prefabs/Walls and Floors/Models/Wood/materials/Corner-Wood-Model-04.png using Guid(9de0e56a53043984da41f0e4271bdf85) Importer(815301076,1909f56bfc062723c751e8b465ee728b) (PreviewImporter) -> (artifact id: 'ce1a1e383ecaff588354b34d95bd5e4e') in 0.0164677 seconds
Number of updated asset objects reloaded before import = 0Number of asset objects unloaded after import = 2

========================================================================
Received Import Request.
  Time since last request: 0.028899 seconds.
  path: Assets/Models & Prefabs/Models/Downloaded_Assets/Korea_TreasureProps/Textures/T_039_Pot_BC.png
  artifactKey: Guid(abc00000000003009866623074095060) Importer(815301076,1909f56bfc062723c751e8b465ee728b)
Start importing Assets/Models & Prefabs/Models/Downloaded_Assets/Korea_TreasureProps/Textures/T_039_Pot_BC.png using Guid(abc00000000003009866623074095060) Importer(815301076,1909f56bfc062723c751e8b465ee728b) (PreviewImporter) -> (artifact id: '52455b836e7a3184b081c6d8b7424c1b') in 0.018845 seconds
Number of updated asset objects reloaded before import = 0Number of asset objects unloaded after import = 2

========================================================================
Received Import Request.
  Time since last request: 0.009505 seconds.
  path: Assets/Models & Prefabs/Walls and Floors/Models/Wood/materials/Wall-Wood-Model-01.png
  artifactKey: Guid(6756ab5e51914e149817b2ecf1b96c93) Importer(815301076,1909f56bfc062723c751e8b465ee728b)
Start importing Assets/Models & Prefabs/Walls and Floors/Models/Wood/materials/Wall-Wood-Model-01.png using Guid(6756ab5e51914e149817b2ecf1b96c93) Importer(815301076,1909f56bfc062723c751e8b465ee728b) (PreviewImporter) -> (artifact id: '8189636f9d43faf3b85fbfbe0126da52') in 0.0157249 seconds
Number of updated asset objects reloaded before import = 0Number of asset objects unloaded after import = 2

========================================================================
Received Import Request.
  Time since last request: 0.004623 seconds.
  path: Assets/TextMesh Pro/Shaders/TMP_Bitmap-Custom-Atlas.shader
  artifactKey: Guid(48bb5f55d8670e349b6e614913f9d910) Importer(815301076,1909f56bfc062723c751e8b465ee728b)
Start importing Assets/TextMesh Pro/Shaders/TMP_Bitmap-Custom-Atlas.shader using Guid(48bb5f55d8670e349b6e614913f9d910) Importer(815301076,1909f56bfc062723c751e8b465ee728b) (PreviewImporter) -> (artifact id: '113dd096b1e2e88ca1017c5c7e22a477') in 0.0009465 seconds
Number of updated asset objects reloaded before import = 0Number of asset objects unloaded after import = 0

========================================================================
Received Import Request.
  Time since last request: 0.034805 seconds.
  path: Assets/Models & Prefabs/Models/Downloaded_Assets/Korea_TreasureProps/Textures/T_009_Statue_of_the_Buddha_NM.png
  artifactKey: Guid(abc00000000001940339160971912300) Importer(815301076,1909f56bfc062723c751e8b465ee728b)
Start importing Assets/Models & Prefabs/Models/Downloaded_Assets/Korea_TreasureProps/Textures/T_009_Statue_of_the_Buddha_NM.png using Guid(abc00000000001940339160971912300) Importer(815301076,1909f56bfc062723c751e8b465ee728b) (PreviewImporter) -> (artifact id: '527a5add70740cb28a63205be5252ce1') in 0.0206624 seconds
Number of updated asset objects reloaded before import = 0Number of asset objects unloaded after import = 2

========================================================================
Received Import Request.
  Time since last request: 0.004598 seconds.
  path: Assets/Models & Prefabs/Walls and Floors/Prefabs/Wood/Walls/Wall-Wood (5).prefab
  artifactKey: Guid(88c0dc4641e543d4a9bbecbdd5f11f47) Importer(815301076,1909f56bfc062723c751e8b465ee728b)
Start importing Assets/Models & Prefabs/Walls and Floors/Prefabs/Wood/Walls/Wall-Wood (5).prefab using Guid(88c0dc4641e543d4a9bbecbdd5f11f47) Importer(815301076,1909f56bfc062723c751e8b465ee728b) (PreviewImporter) -> (artifact id: '678f36ae33d81eede8a0250b1606f5a3') in 0.0025518 seconds
Number of updated asset objects reloaded before import = 0Number of asset objects unloaded after import = 7

========================================================================
Received Import Request.
  Time since last request: 0.009535 seconds.
  path: Assets/Materials and Textures/Downloaded/YughuesFreeGroundMaterials/Textures/T_YFGM_GrassLeafs02_n.tga
  artifactKey: Guid(8df39d8dccecf6e48bdc943b719d0d95) Importer(815301076,1909f56bfc062723c751e8b465ee728b)
Start importing Assets/Materials and Textures/Downloaded/YughuesFreeGroundMaterials/Textures/T_YFGM_GrassLeafs02_n.tga using Guid(8df39d8dccecf6e48bdc943b719d0d95) Importer(815301076,1909f56bfc062723c751e8b465ee728b) (PreviewImporter) -> (artifact id: '532e4a0748566024d0060727e52777ff') in 0.0179136 seconds
Number of updated asset objects reloaded before import = 0Number of asset objects unloaded after import = 2

========================================================================
Received Import Request.
  Time since last request: 0.013606 seconds.
  path: Assets/Materials and Textures/Downloaded/YughuesFreeGroundMaterials/Textures/T_YFGM_GrassLeafs02_s.tga
  artifactKey: Guid(6791db998a19c3f4e8e35844475a1dc9) Importer(815301076,1909f56bfc062723c751e8b465ee728b)
Start importing Assets/Materials and Textures/Downloaded/YughuesFreeGroundMaterials/Textures/T_YFGM_GrassLeafs02_s.tga using Guid(6791db998a19c3f4e8e35844475a1dc9) Importer(815301076,1909f56bfc062723c751e8b465ee728b) (PreviewImporter) -> (artifact id: '8f90f387b61934670fdc6aebb72565da') in 0.016968 seconds
Number of updated asset objects reloaded before import = 0Number of asset objects unloaded after import = 2

========================================================================
Received Import Request.
  Time since last request: 0.004398 seconds.
  path: Assets/TextMesh Pro/Resources/Style Sheets/Default Style Sheet.asset
  artifactKey: Guid(f952c082cb03451daed3ee968ac6c63e) Importer(815301076,1909f56bfc062723c751e8b465ee728b)
Start importing Assets/TextMesh Pro/Resources/Style Sheets/Default Style Sheet.asset using Guid(f952c082cb03451daed3ee968ac6c63e) Importer(815301076,1909f56bfc062723c751e8b465ee728b) (PreviewImporter) -> (artifact id: 'c012b1d9b81eb27f4903da59f4f33b8e') in 0.0022356 seconds
Number of updated asset objects reloaded before import = 0Number of asset objects unloaded after import = 1

========================================================================
Received Import Request.
  Time since last request: 0.012809 seconds.
  path: Assets/Models & Prefabs/Models/Downloaded_Assets/Awesome_Lamp_Collection/Materials
  artifactKey: Guid(25487a647485c444ba0487dd370525a7) Importer(815301076,1909f56bfc062723c751e8b465ee728b)
Start importing Assets/Models & Prefabs/Models/Downloaded_Assets/Awesome_Lamp_Collection/Materials using Guid(25487a647485c444ba0487dd370525a7) Importer(815301076,1909f56bfc062723c751e8b465ee728b) (PreviewImporter) -> (artifact id: '07a430a3a9a05b95f46faeb566cc3953') in 0.0006196 seconds
Number of updated asset objects reloaded before import = 0Number of asset objects unloaded after import = 0

========================================================================
Received Import Request.
  Time since last request: 0.020995 seconds.
  path: Assets/Materials and Textures/Downloaded/YughuesFreeGroundMaterials/Textures/T_YFGM_SandySoil_d.tga
  artifactKey: Guid(8a06fe727d9f49649a17b6ae4dbb0875) Importer(815301076,1909f56bfc062723c751e8b465ee728b)
Start importing Assets/Materials and Textures/Downloaded/YughuesFreeGroundMaterials/Textures/T_YFGM_SandySoil_d.tga using Guid(8a06fe727d9f49649a17b6ae4dbb0875) Importer(815301076,1909f56bfc062723c751e8b465ee728b) (PreviewImporter) -> (artifact id: '69121efacfee245aed148fbcd9c65f6b') in 0.0170839 seconds
Number of updated asset objects reloaded before import = 0Number of asset objects unloaded after import = 2

========================================================================
Received Import Request.
  Time since last request: 0.024387 seconds.
  path: Assets/Models & Prefabs/Models/Downloaded_Assets/DungeonModularPack/Textures/T_Tile_ORM.tga
  artifactKey: Guid(e3eec45936305f24fa61fa050cb03514) Importer(815301076,1909f56bfc062723c751e8b465ee728b)
Start importing Assets/Models & Prefabs/Models/Downloaded_Assets/DungeonModularPack/Textures/T_Tile_ORM.tga using Guid(e3eec45936305f24fa61fa050cb03514) Importer(815301076,1909f56bfc062723c751e8b465ee728b) (PreviewImporter) -> (artifact id: '00a546094c37ae7f70870f2db0107107') in 0.0151738 seconds
Number of updated asset objects reloaded before import = 0Number of asset objects unloaded after import = 2

========================================================================
Received Import Request.
  Time since last request: 0.027105 seconds.
  path: Assets/Models & Prefabs/Models/Downloaded_Assets/Awesome_Lamp_Collection/Textures/Lamp20.3/Lamp20.3_MetallicSmoothness.png
  artifactKey: Guid(2ef1017f0614ce549964fb65f592a777) Importer(815301076,1909f56bfc062723c751e8b465ee728b)
Start importing Assets/Models & Prefabs/Models/Downloaded_Assets/Awesome_Lamp_Collection/Textures/Lamp20.3/Lamp20.3_MetallicSmoothness.png using Guid(2ef1017f0614ce549964fb65f592a777) Importer(815301076,1909f56bfc062723c751e8b465ee728b) (PreviewImporter) -> (artifact id: '0d9a7d9d8cf0ba26ea14e4b66791b3a4') in 0.019674 seconds
Number of updated asset objects reloaded before import = 0Number of asset objects unloaded after import = 2

========================================================================
Received Import Request.
  Time since last request: 0.005845 seconds.
  path: Assets/Animation/Motions/male03_1.controller
  artifactKey: Guid(eaa0141902c495c40afbf432a84d00af) Importer(815301076,1909f56bfc062723c751e8b465ee728b)
Start importing Assets/Animation/Motions/male03_1.controller using Guid(eaa0141902c495c40afbf432a84d00af) Importer(815301076,1909f56bfc062723c751e8b465ee728b) (PreviewImporter) -> (artifact id: 'f737c17655a667751d3a30d30dfafdca') in 0.0275932 seconds
Number of updated asset objects reloaded before import = 0Number of asset objects unloaded after import = 4

========================================================================
Received Import Request.
  Time since last request: 0.016178 seconds.
  path: Assets/Materials and Textures/Downloaded/YughuesFreeFlooringMaterials/Preview/Sc_YFFlM_Preview/ReflectionProbe-0.exr
  artifactKey: Guid(9730fd0b56f1ba148aad2b2fdf2aa8ef) Importer(815301076,1909f56bfc062723c751e8b465ee728b)
Start importing Assets/Materials and Textures/Downloaded/YughuesFreeFlooringMaterials/Preview/Sc_YFFlM_Preview/ReflectionProbe-0.exr using Guid(9730fd0b56f1ba148aad2b2fdf2aa8ef) Importer(815301076,1909f56bfc062723c751e8b465ee728b) (PreviewImporter) -> (artifact id: '329976b32e59af470e07c9b80a45d887') in 0.0503739 seconds
Number of updated asset objects reloaded before import = 0Number of asset objects unloaded after import = 1

========================================================================
Received Import Request.
  Time since last request: 0.001579 seconds.
  path: Assets/Models & Prefabs/Models/Downloaded_Assets/Greek Statue
  artifactKey: Guid(8f78069a92991c043931008f9c30886a) Importer(815301076,1909f56bfc062723c751e8b465ee728b)
Start importing Assets/Models & Prefabs/Models/Downloaded_Assets/Greek Statue using Guid(8f78069a92991c043931008f9c30886a) Importer(815301076,1909f56bfc062723c751e8b465ee728b) (PreviewImporter) -> (artifact id: 'd4e4ecbe19756f86accaaf1c84de565b') in 0.0006181 seconds
Number of updated asset objects reloaded before import = 0Number of asset objects unloaded after import = 0

========================================================================
Received Import Request.
  Time since last request: 0.008283 seconds.
  path: Assets/Models & Prefabs/Models/Downloaded_Assets/Korea_TreasureProps/Textures/T_011_Statue_of_the_Buddha_002_AO.png
  artifactKey: Guid(abc00000000007496307429049970324) Importer(815301076,1909f56bfc062723c751e8b465ee728b)
Start importing Assets/Models & Prefabs/Models/Downloaded_Assets/Korea_TreasureProps/Textures/T_011_Statue_of_the_Buddha_002_AO.png using Guid(abc00000000007496307429049970324) Importer(815301076,1909f56bfc062723c751e8b465ee728b) (PreviewImporter) -> (artifact id: 'a2343bb56a4d713abb83c018b1ec4813') in 0.0176761 seconds
Number of updated asset objects reloaded before import = 0Number of asset objects unloaded after import = 2

========================================================================
Received Import Request.
  Time since last request: 0.004574 seconds.
  path: Assets/Models & Prefabs/Models/Downloaded_Assets/ithappy/Animals_FREE/Meshes/Penguin_3.controller
  artifactKey: Guid(ccbf9a094f1b04d498a96455ac7329de) Importer(815301076,1909f56bfc062723c751e8b465ee728b)
Start importing Assets/Models & Prefabs/Models/Downloaded_Assets/ithappy/Animals_FREE/Meshes/Penguin_3.controller using Guid(ccbf9a094f1b04d498a96455ac7329de) Importer(815301076,1909f56bfc062723c751e8b465ee728b) (PreviewImporter) -> (artifact id: 'be1be8100b31088c81263f838ad05d4c') in 0.0021565 seconds
Number of updated asset objects reloaded before import = 0Number of asset objects unloaded after import = 4

========================================================================
Received Import Request.
  Time since last request: 0.015235 seconds.
  path: Assets/Materials and Textures/Downloaded/YughuesFreeGroundMaterials/Textures/T_YFGM_Ground01_d.tga
  artifactKey: Guid(e4fb8d46a614f454d8c5486d7cb56dcf) Importer(815301076,1909f56bfc062723c751e8b465ee728b)
Start importing Assets/Materials and Textures/Downloaded/YughuesFreeGroundMaterials/Textures/T_YFGM_Ground01_d.tga using Guid(e4fb8d46a614f454d8c5486d7cb56dcf) Importer(815301076,1909f56bfc062723c751e8b465ee728b) (PreviewImporter) -> (artifact id: '4758a0f116d9e4d8ba16114c42767d44') in 0.0168986 seconds
Number of updated asset objects reloaded before import = 0Number of asset objects unloaded after import = 2

========================================================================
Received Import Request.
  Time since last request: 0.003422 seconds.
  path: Assets/Models & Prefabs/Models/IGB101_Assets
  artifactKey: Guid(1a0ba94803e8f114285f1dd258813bd0) Importer(815301076,1909f56bfc062723c751e8b465ee728b)
Start importing Assets/Models & Prefabs/Models/IGB101_Assets using Guid(1a0ba94803e8f114285f1dd258813bd0) Importer(815301076,1909f56bfc062723c751e8b465ee728b) (PreviewImporter) -> (artifact id: '5384b8defa9f839dba449d5862165e2f') in 0.0364945 seconds
Number of updated asset objects reloaded before import = 0Number of asset objects unloaded after import = 0

========================================================================
Received Import Request.
  Time since last request: 0.019900 seconds.
  path: Assets/Models & Prefabs/Walls and Floors/Models/Wood/materials/Wall-Wood-Model-11.mat
  artifactKey: Guid(d045384b4238cf64a90f3daefdacdff2) Importer(815301076,1909f56bfc062723c751e8b465ee728b)
Start importing Assets/Models & Prefabs/Walls and Floors/Models/Wood/materials/Wall-Wood-Model-11.mat using Guid(d045384b4238cf64a90f3daefdacdff2) Importer(815301076,1909f56bfc062723c751e8b465ee728b) (PreviewImporter) -> (artifact id: '021cf63ac277aca6231ed1667d7728c7') in 0.0170942 seconds
Number of updated asset objects reloaded before import = 0Number of asset objects unloaded after import = 2

========================================================================
Received Import Request.
  Time since last request: 0.005270 seconds.
  path: Assets/TextMesh Pro/Sprites/EmojiOne.png
  artifactKey: Guid(dffef66376be4fa480fb02b19edbe903) Importer(815301076,1909f56bfc062723c751e8b465ee728b)
Start importing Assets/TextMesh Pro/Sprites/EmojiOne.png using Guid(dffef66376be4fa480fb02b19edbe903) Importer(815301076,1909f56bfc062723c751e8b465ee728b) (PreviewImporter) -> (artifact id: '6de843a2e2a43a8de288b4c15ff5cb14') in 0.0180982 seconds
Number of updated asset objects reloaded before import = 0Number of asset objects unloaded after import = 2

========================================================================
Received Import Request.
  Time since last request: 0.012750 seconds.
  path: Assets/Models & Prefabs/Models/Downloaded_Assets/Korea_TreasureProps/Textures/T_040_A_Ceramic_Bottle_AO.png
  artifactKey: Guid(abc00000000009710528680993025058) Importer(815301076,1909f56bfc062723c751e8b465ee728b)
Start importing Assets/Models & Prefabs/Models/Downloaded_Assets/Korea_TreasureProps/Textures/T_040_A_Ceramic_Bottle_AO.png using Guid(abc00000000009710528680993025058) Importer(815301076,1909f56bfc062723c751e8b465ee728b) (PreviewImporter) -> (artifact id: '3cbdf3422e0cef5dd69e0d6e5b367355') in 0.0172902 seconds
Number of updated asset objects reloaded before import = 0Number of asset objects unloaded after import = 2

========================================================================
Received Import Request.
  Time since last request: 0.004336 seconds.
  path: Assets/Models & Prefabs/Models/Downloaded_Assets/ithappy/Animals_FREE/Scripts/ThirdPersonCamera.cs
  artifactKey: Guid(b7f4329458cdb464796191393167d4f9) Importer(815301076,1909f56bfc062723c751e8b465ee728b)
Start importing Assets/Models & Prefabs/Models/Downloaded_Assets/ithappy/Animals_FREE/Scripts/ThirdPersonCamera.cs using Guid(b7f4329458cdb464796191393167d4f9) Importer(815301076,1909f56bfc062723c751e8b465ee728b) (PreviewImporter) -> (artifact id: '832cd599aa8dabcb2e9f401177b89c66') in 0.0009041 seconds
Number of updated asset objects reloaded before import = 0Number of asset objects unloaded after import = 0

========================================================================
Received Import Request.
  Time since last request: 0.011206 seconds.
  path: Assets/Materials and Textures/Downloaded/YughuesFreeGroundMaterials/Textures/T_YFGM_Grass06_s.tga
  artifactKey: Guid(6ee093493cd3a0646899bd0689c96e69) Importer(815301076,1909f56bfc062723c751e8b465ee728b)
Start importing Assets/Materials and Textures/Downloaded/YughuesFreeGroundMaterials/Textures/T_YFGM_Grass06_s.tga using Guid(6ee093493cd3a0646899bd0689c96e69) Importer(815301076,1909f56bfc062723c751e8b465ee728b) (PreviewImporter) -> (artifact id: '876c1ec53da194a307a908c5103ef3b5') in 0.0195539 seconds
Number of updated asset objects reloaded before import = 0Number of asset objects unloaded after import = 2

========================================================================
Received Import Request.
  Time since last request: 0.023440 seconds.
  path: Assets/Models & Prefabs/Walls and Floors/Models/Stone/Wall-Stone-Model-11.fbx
  artifactKey: Guid(1fab21d8bb67e0b459ca60b8a9601342) Importer(815301076,1909f56bfc062723c751e8b465ee728b)
Start importing Assets/Models & Prefabs/Walls and Floors/Models/Stone/Wall-Stone-Model-11.fbx using Guid(1fab21d8bb67e0b459ca60b8a9601342) Importer(815301076,1909f56bfc062723c751e8b465ee728b) (PreviewImporter) -> (artifact id: 'ccc8c599a763579187d03352a4257142') in 0.0304261 seconds
Number of updated asset objects reloaded before import = 0Number of asset objects unloaded after import = 9

========================================================================
Received Import Request.
  Time since last request: 0.004730 seconds.
  path: Assets/Models & Prefabs/Walls and Floors/Prefabs/Stone/Walls/Wall-Stone (1).prefab
  artifactKey: Guid(e72f1a178c825f84bac03b6f867c7dcf) Importer(815301076,1909f56bfc062723c751e8b465ee728b)
Start importing Assets/Models & Prefabs/Walls and Floors/Prefabs/Stone/Walls/Wall-Stone (1).prefab using Guid(e72f1a178c825f84bac03b6f867c7dcf) Importer(815301076,1909f56bfc062723c751e8b465ee728b) (PreviewImporter) -> (artifact id: '053625cab5b8b8316f5d64518e63c3dd') in 0.0176519 seconds
Number of updated asset objects reloaded before import = 0Number of asset objects unloaded after import = 10

========================================================================
Received Import Request.
  Time since last request: 0.012662 seconds.
  path: Assets/Models & Prefabs/Models/Downloaded_Assets/Korea_TreasureProps/Textures/T_068_Kettle_RN.png
  artifactKey: Guid(abc00000000004171045322708536345) Importer(815301076,1909f56bfc062723c751e8b465ee728b)
Start importing Assets/Models & Prefabs/Models/Downloaded_Assets/Korea_TreasureProps/Textures/T_068_Kettle_RN.png using Guid(abc00000000004171045322708536345) Importer(815301076,1909f56bfc062723c751e8b465ee728b) (PreviewImporter) -> (artifact id: '6f7491d901880940cd18626da4ed7679') in 0.0205485 seconds
Number of updated asset objects reloaded before import = 0Number of asset objects unloaded after import = 2

========================================================================
Received Import Request.
  Time since last request: 0.004485 seconds.
  path: Assets/Models & Prefabs/Models/Downloaded_Assets/Korea_TreasureProps/Prefabs/Sets/SM_045_Incense_BurnerSet.prefab
  artifactKey: Guid(d67ed50c0e9fa1e468bc2b903c4d7c0a) Importer(815301076,1909f56bfc062723c751e8b465ee728b)
Start importing Assets/Models & Prefabs/Models/Downloaded_Assets/Korea_TreasureProps/Prefabs/Sets/SM_045_Incense_BurnerSet.prefab using Guid(d67ed50c0e9fa1e468bc2b903c4d7c0a) Importer(815301076,1909f56bfc062723c751e8b465ee728b) (PreviewImporter) -> (artifact id: '29ba9df0c571bd46e9a8b486c439c30e') in 0.0029014 seconds
Number of updated asset objects reloaded before import = 0Number of asset objects unloaded after import = 8

========================================================================
Received Import Request.
  Time since last request: 0.009841 seconds.
  path: Assets/Models & Prefabs/Models/Downloaded_Assets/Korea_TreasureProps/Textures/T_039_Pot_NM.png
  artifactKey: Guid(abc00000000008384741235946406994) Importer(815301076,1909f56bfc062723c751e8b465ee728b)
Start importing Assets/Models & Prefabs/Models/Downloaded_Assets/Korea_TreasureProps/Textures/T_039_Pot_NM.png using Guid(abc00000000008384741235946406994) Importer(815301076,1909f56bfc062723c751e8b465ee728b) (PreviewImporter) -> (artifact id: '25c8e019022f518b2bf037a39f870b71') in 0.0219291 seconds
Number of updated asset objects reloaded before import = 0Number of asset objects unloaded after import = 2

========================================================================
Received Import Request.
  Time since last request: 0.009486 seconds.
  path: Assets/Animation/Motions/Idle.anim
  artifactKey: Guid(54405093a04dbac4b9935016e6ba77fc) Importer(815301076,1909f56bfc062723c751e8b465ee728b)
Start importing Assets/Animation/Motions/Idle.anim using Guid(54405093a04dbac4b9935016e6ba77fc) Importer(815301076,1909f56bfc062723c751e8b465ee728b) (PreviewImporter) -> (artifact id: '9086df4377f205cc9aa43de51419cfbf') in 0.0367546 seconds
Number of updated asset objects reloaded before import = 0Number of asset objects unloaded after import = 1

========================================================================
Received Import Request.
  Time since last request: 0.003739 seconds.
  path: Assets/Models & Prefabs/Models/Downloaded_Assets/Awesome_Lamp_Collection/Modells/Materials/Lamp_17.mat
  artifactKey: Guid(08d449f9bae67ae47b355316b057519b) Importer(815301076,1909f56bfc062723c751e8b465ee728b)
Start importing Assets/Models & Prefabs/Models/Downloaded_Assets/Awesome_Lamp_Collection/Modells/Materials/Lamp_17.mat using Guid(08d449f9bae67ae47b355316b057519b) Importer(815301076,1909f56bfc062723c751e8b465ee728b) (PreviewImporter) -> (artifact id: 'f4ae1a1c0e91624652b6aafd71200243') in 0.0347657 seconds
Number of updated asset objects reloaded before import = 0Number of asset objects unloaded after import = 5

========================================================================
Received Import Request.
  Time since last request: 0.004667 seconds.
  path: Assets/Models & Prefabs/Models/Downloaded_Assets/Awesome_Lamp_Collection/Modells/Materials/Lamp_08.mat
  artifactKey: Guid(503a067b82cc41641843f4d8ae1a121c) Importer(815301076,1909f56bfc062723c751e8b465ee728b)
Start importing Assets/Models & Prefabs/Models/Downloaded_Assets/Awesome_Lamp_Collection/Modells/Materials/Lamp_08.mat using Guid(503a067b82cc41641843f4d8ae1a121c) Importer(815301076,1909f56bfc062723c751e8b465ee728b) (PreviewImporter) -> (artifact id: 'ec7a48b83749381d635ca90eeb309c9b') in 0.0068685 seconds
Number of updated asset objects reloaded before import = 0Number of asset objects unloaded after import = 1

========================================================================
Received Import Request.
  Time since last request: 0.013026 seconds.
  path: Assets/Materials and Textures/Downloaded/YughuesFreeGroundMaterials/Textures/T_YFGM_MossStones_s.tga
  artifactKey: Guid(e94f0ca1418543548ba29967f1807145) Importer(815301076,1909f56bfc062723c751e8b465ee728b)
Start importing Assets/Materials and Textures/Downloaded/YughuesFreeGroundMaterials/Textures/T_YFGM_MossStones_s.tga using Guid(e94f0ca1418543548ba29967f1807145) Importer(815301076,1909f56bfc062723c751e8b465ee728b) (PreviewImporter) -> (artifact id: 'adb1b5c39b46379cb8798a43728a8bf3') in 0.0168324 seconds
Number of updated asset objects reloaded before import = 0Number of asset objects unloaded after import = 2

========================================================================
Received Import Request.
  Time since last request: 0.011749 seconds.
  path: Assets/Materials and Textures/Downloaded/YughuesFreeGroundMaterials/Textures/T_YFGM_Lava_n.tga
  artifactKey: Guid(37b941f29bc240347ad7b5f87abae36f) Importer(815301076,1909f56bfc062723c751e8b465ee728b)
Start importing Assets/Materials and Textures/Downloaded/YughuesFreeGroundMaterials/Textures/T_YFGM_Lava_n.tga using Guid(37b941f29bc240347ad7b5f87abae36f) Importer(815301076,1909f56bfc062723c751e8b465ee728b) (PreviewImporter) -> (artifact id: '88f0448e2592bb83894b23f46c6e7f40') in 0.0185704 seconds
Number of updated asset objects reloaded before import = 0Number of asset objects unloaded after import = 2

========================================================================
Received Import Request.
  Time since last request: 0.018396 seconds.
  path: Assets/Models & Prefabs/Models/Downloaded_Assets/Greek Statue/Materials/GreekStatue_LOD0.png
  artifactKey: Guid(f02f7e8caa994dd49a9c187a7f18059b) Importer(815301076,1909f56bfc062723c751e8b465ee728b)
Start importing Assets/Models & Prefabs/Models/Downloaded_Assets/Greek Statue/Materials/GreekStatue_LOD0.png using Guid(f02f7e8caa994dd49a9c187a7f18059b) Importer(815301076,1909f56bfc062723c751e8b465ee728b) (PreviewImporter) -> (artifact id: 'e04d2a8db263afa90ccbe4ed06bd1bb8') in 0.023002 seconds
Number of updated asset objects reloaded before import = 0Number of asset objects unloaded after import = 2

========================================================================
Received Import Request.
  Time since last request: 0.014026 seconds.
  path: Assets/Models & Prefabs/Models/Downloaded_Assets/Korea_TreasureProps/Textures/T_068_Kettle_NM.png
  artifactKey: Guid(abc00000000011705072427030559252) Importer(815301076,1909f56bfc062723c751e8b465ee728b)
Start importing Assets/Models & Prefabs/Models/Downloaded_Assets/Korea_TreasureProps/Textures/T_068_Kettle_NM.png using Guid(abc00000000011705072427030559252) Importer(815301076,1909f56bfc062723c751e8b465ee728b) (PreviewImporter) -> (artifact id: '58ff39e19c63fc6024901b45405ab7a5') in 0.021235 seconds
Number of updated asset objects reloaded before import = 0Number of asset objects unloaded after import = 2

========================================================================
Received Import Request.
  Time since last request: 0.015296 seconds.
  path: Assets/Skybox/QMS - Cartoon Skybox Pack FREE/Textures
  artifactKey: Guid(8158974bfeadd8444be7be7da4e40b73) Importer(815301076,1909f56bfc062723c751e8b465ee728b)
Start importing Assets/Skybox/QMS - Cartoon Skybox Pack FREE/Textures using Guid(8158974bfeadd8444be7be7da4e40b73) Importer(815301076,1909f56bfc062723c751e8b465ee728b) (PreviewImporter) -> (artifact id: '668fac125b5656d7964ed5b1ca50b0ad') in 0.0007704 seconds
Number of updated asset objects reloaded before import = 0Number of asset objects unloaded after import = 0

========================================================================
Received Import Request.
  Time since last request: 0.010750 seconds.
  path: Assets/Materials and Textures/Downloaded/YughuesFreeGroundMaterials/Textures/T_YFGM_Mars_d.tga
  artifactKey: Guid(7c61c5b95e07eea4e82b324a3b83e838) Importer(815301076,1909f56bfc062723c751e8b465ee728b)
Start importing Assets/Materials and Textures/Downloaded/YughuesFreeGroundMaterials/Textures/T_YFGM_Mars_d.tga using Guid(7c61c5b95e07eea4e82b324a3b83e838) Importer(815301076,1909f56bfc062723c751e8b465ee728b) (PreviewImporter) -> (artifact id: '4bff8572d518d2f23fef35ef1677b275') in 0.016787 seconds
Number of updated asset objects reloaded before import = 0Number of asset objects unloaded after import = 2

========================================================================
Received Import Request.
  Time since last request: 0.010616 seconds.
  path: Assets/Models & Prefabs/Walls and Floors/Models/Wood/materials/Door-Wood-Model-01.mat
  artifactKey: Guid(549e14b0782f578449d1f6c4ab6094ff) Importer(815301076,1909f56bfc062723c751e8b465ee728b)
Start importing Assets/Models & Prefabs/Walls and Floors/Models/Wood/materials/Door-Wood-Model-01.mat using Guid(549e14b0782f578449d1f6c4ab6094ff) Importer(815301076,1909f56bfc062723c751e8b465ee728b) (PreviewImporter) -> (artifact id: '1af3d6e999b1a9b9511274a2c529b351') in 0.0192196 seconds
Number of updated asset objects reloaded before import = 0Number of asset objects unloaded after import = 3

========================================================================
Received Import Request.
  Time since last request: 0.006453 seconds.
  path: Assets/Models & Prefabs/Models/Downloaded_Assets/Awesome_Lamp_Collection/Textures/Lamp16.1/Lamp16.1_AlbedoTransparency.png
  artifactKey: Guid(269751db0fa682045a091ca9a70438a3) Importer(815301076,1909f56bfc062723c751e8b465ee728b)
Start importing Assets/Models & Prefabs/Models/Downloaded_Assets/Awesome_Lamp_Collection/Textures/Lamp16.1/Lamp16.1_AlbedoTransparency.png using Guid(269751db0fa682045a091ca9a70438a3) Importer(815301076,1909f56bfc062723c751e8b465ee728b) (PreviewImporter) -> (artifact id: '1d3c5881f50c440f61ecba8440a1ad1e') in 0.0196576 seconds
Number of updated asset objects reloaded before import = 0Number of asset objects unloaded after import = 2

========================================================================
Received Import Request.
  Time since last request: 0.022781 seconds.
  path: Assets/Models & Prefabs/Models/Downloaded_Assets/DungeonModularPack/Textures/T_Wall_N.tga
  artifactKey: Guid(91e2e7c2962f7654f8bbd059ea66cfd1) Importer(815301076,1909f56bfc062723c751e8b465ee728b)
Start importing Assets/Models & Prefabs/Models/Downloaded_Assets/DungeonModularPack/Textures/T_Wall_N.tga using Guid(91e2e7c2962f7654f8bbd059ea66cfd1) Importer(815301076,1909f56bfc062723c751e8b465ee728b) (PreviewImporter) -> (artifact id: '12d391c40dfe9f8412e518791edd68d1') in 0.0184017 seconds
Number of updated asset objects reloaded before import = 0Number of asset objects unloaded after import = 2

========================================================================
Received Import Request.
  Time since last request: 0.024487 seconds.
  path: Assets/Materials and Textures/Downloaded/YughuesFreeGroundMaterials/Textures/T_YFGM_Lava_e.tga
  artifactKey: Guid(51f08c58cadbcdb4b87d5d44565cfb43) Importer(815301076,1909f56bfc062723c751e8b465ee728b)
Start importing Assets/Materials and Textures/Downloaded/YughuesFreeGroundMaterials/Textures/T_YFGM_Lava_e.tga using Guid(51f08c58cadbcdb4b87d5d44565cfb43) Importer(815301076,1909f56bfc062723c751e8b465ee728b) (PreviewImporter) -> (artifact id: 'bf5081e2d1d7645942b5cb142c3b3049') in 0.0175803 seconds
Number of updated asset objects reloaded before import = 0Number of asset objects unloaded after import = 2

========================================================================
Received Import Request.
  Time since last request: 0.005254 seconds.
  path: Assets/Models & Prefabs/Models/Downloaded_Assets/Awesome_Lamp_Collection/Materials/Lamp_17/Lamp_17.1.mat
  artifactKey: Guid(04efa2678bda196428d24055ff4ac9d6) Importer(815301076,1909f56bfc062723c751e8b465ee728b)
Start importing Assets/Models & Prefabs/Models/Downloaded_Assets/Awesome_Lamp_Collection/Materials/Lamp_17/Lamp_17.1.mat using Guid(04efa2678bda196428d24055ff4ac9d6) Importer(815301076,1909f56bfc062723c751e8b465ee728b) (PreviewImporter) -> (artifact id: '2c3c58e91101c24ff3ba733d2c31f37d') in 0.0302514 seconds
Number of updated asset objects reloaded before import = 0Number of asset objects unloaded after import = 5

========================================================================
Received Import Request.
  Time since last request: 0.010029 seconds.
  path: Assets/Models & Prefabs/Walls and Floors/Prefabs/Stone/Walls/Wall-Stone (5).prefab
  artifactKey: Guid(25b1fa3957978c8458406dc7cd54fdf8) Importer(815301076,1909f56bfc062723c751e8b465ee728b)
Start importing Assets/Models & Prefabs/Walls and Floors/Prefabs/Stone/Walls/Wall-Stone (5).prefab using Guid(25b1fa3957978c8458406dc7cd54fdf8) Importer(815301076,1909f56bfc062723c751e8b465ee728b) (PreviewImporter) -> (artifact id: 'a5e064729ec9f571fe043d52980378c5') in 0.0203247 seconds
Number of updated asset objects reloaded before import = 0Number of asset objects unloaded after import = 10

========================================================================
Received Import Request.
  Time since last request: 0.050674 seconds.
  path: Assets/Skybox/QMS - Cartoon Skybox Pack FREE/Scripts
  artifactKey: Guid(0da73d892d68b024b93c2b8d2ff36159) Importer(815301076,1909f56bfc062723c751e8b465ee728b)
Start importing Assets/Skybox/QMS - Cartoon Skybox Pack FREE/Scripts using Guid(0da73d892d68b024b93c2b8d2ff36159) Importer(815301076,1909f56bfc062723c751e8b465ee728b) (PreviewImporter) -> (artifact id: '1e997a46dee6159e6a0bb4cd9b575e29') in 0.0008195 seconds
Number of updated asset objects reloaded before import = 0Number of asset objects unloaded after import = 0

========================================================================
Received Import Request.
  Time since last request: 0.049979 seconds.
  path: Assets/Models & Prefabs/Models/Downloaded_Assets/DungeonModularPack/Meshes/Torch_B.fbx
  artifactKey: Guid(67d6aacb22be9ef47bdd4e314e6528db) Importer(815301076,1909f56bfc062723c751e8b465ee728b)
Start importing Assets/Models & Prefabs/Models/Downloaded_Assets/DungeonModularPack/Meshes/Torch_B.fbx using Guid(67d6aacb22be9ef47bdd4e314e6528db) Importer(815301076,1909f56bfc062723c751e8b465ee728b) (PreviewImporter) -> (artifact id: 'c67d798422697b072be9a7ff039550cb') in 0.0288456 seconds
Number of updated asset objects reloaded before import = 0Number of asset objects unloaded after import = 9

========================================================================
Received Import Request.
  Time since last request: 0.021948 seconds.
  path: Assets/Materials and Textures/Downloaded/YughuesFreeGroundMaterials/Textures/T_YFGM_SoilGravel01_n.tga
  artifactKey: Guid(ec73f91e9407c3c4a941519a019c780b) Importer(815301076,1909f56bfc062723c751e8b465ee728b)
Start importing Assets/Materials and Textures/Downloaded/YughuesFreeGroundMaterials/Textures/T_YFGM_SoilGravel01_n.tga using Guid(ec73f91e9407c3c4a941519a019c780b) Importer(815301076,1909f56bfc062723c751e8b465ee728b) (PreviewImporter) -> (artifact id: '0ceb6ae15fc058f6c6712609363d0ad6') in 0.0189032 seconds
Number of updated asset objects reloaded before import = 0Number of asset objects unloaded after import = 2

========================================================================
Received Import Request.
  Time since last request: 0.006040 seconds.
  path: Assets/Models & Prefabs/Walls and Floors/Models/Wood
  artifactKey: Guid(56f6d154b1380054b88468b9ba8e3a1e) Importer(815301076,1909f56bfc062723c751e8b465ee728b)
Start importing Assets/Models & Prefabs/Walls and Floors/Models/Wood using Guid(56f6d154b1380054b88468b9ba8e3a1e) Importer(815301076,1909f56bfc062723c751e8b465ee728b) (PreviewImporter) -> (artifact id: 'fbc0c6854b7d1be756d87781516a3721') in 0.0006948 seconds
Number of updated asset objects reloaded before import = 0Number of asset objects unloaded after import = 0

========================================================================
Received Import Request.
  Time since last request: 0.014931 seconds.
  path: Assets/Models & Prefabs/Walls and Floors/Models/Stone/materials/Wall-Stone-Model-03.png
  artifactKey: Guid(ce1573c7ae88f1743a2e76e73e14c534) Importer(815301076,1909f56bfc062723c751e8b465ee728b)
Start importing Assets/Models & Prefabs/Walls and Floors/Models/Stone/materials/Wall-Stone-Model-03.png using Guid(ce1573c7ae88f1743a2e76e73e14c534) Importer(815301076,1909f56bfc062723c751e8b465ee728b) (PreviewImporter) -> (artifact id: 'cfe6afd200afd1df82fd97a398a92980') in 0.0153672 seconds
Number of updated asset objects reloaded before import = 0Number of asset objects unloaded after import = 2

========================================================================
Received Import Request.
  Time since last request: 0.024869 seconds.
  path: Assets/Models & Prefabs/Models/Downloaded_Assets/ithappy/Animals_FREE/Animations/Other_Animations/Deer_001_run.anim
  artifactKey: Guid(8b9eba2a00730af449116fe786dba1da) Importer(815301076,1909f56bfc062723c751e8b465ee728b)
Start importing Assets/Models & Prefabs/Models/Downloaded_Assets/ithappy/Animals_FREE/Animations/Other_Animations/Deer_001_run.anim using Guid(8b9eba2a00730af449116fe786dba1da) Importer(815301076,1909f56bfc062723c751e8b465ee728b) (PreviewImporter) -> (artifact id: '9e76969a22dccbcf212ec6b37c93d166') in 0.0065245 seconds
Number of updated asset objects reloaded before import = 0Number of asset objects unloaded after import = 1

========================================================================
Received Import Request.
  Time since last request: 0.004999 seconds.
  path: Assets/Models & Prefabs/Models/Downloaded_Assets/Awesome_Lamp_Collection/Textures/Lamp17.1/Lamp17.1_Emission.png
  artifactKey: Guid(a847b260f4a33ef4f8e4d18be446aa64) Importer(815301076,1909f56bfc062723c751e8b465ee728b)
Start importing Assets/Models & Prefabs/Models/Downloaded_Assets/Awesome_Lamp_Collection/Textures/Lamp17.1/Lamp17.1_Emission.png using Guid(a847b260f4a33ef4f8e4d18be446aa64) Importer(815301076,1909f56bfc062723c751e8b465ee728b) (PreviewImporter) -> (artifact id: 'e0664001ae54410eb3505616fc223f2a') in 0.019298 seconds
Number of updated asset objects reloaded before import = 0Number of asset objects unloaded after import = 2

========================================================================
Received Import Request.
  Time since last request: 0.004652 seconds.
  path: Assets/TextMesh Pro/Sprites/EmojiOne.json
  artifactKey: Guid(8f05276190cf498a8153f6cbe761d4e6) Importer(815301076,1909f56bfc062723c751e8b465ee728b)
Start importing Assets/TextMesh Pro/Sprites/EmojiOne.json using Guid(8f05276190cf498a8153f6cbe761d4e6) Importer(815301076,1909f56bfc062723c751e8b465ee728b) (PreviewImporter) -> (artifact id: 'eaa020f770af562a629fc4b333e869de') in 0.0012717 seconds
Number of updated asset objects reloaded before import = 0Number of asset objects unloaded after import = 1

========================================================================
Received Import Request.
  Time since last request: 0.004089 seconds.
  path: Assets/Models & Prefabs/Walls and Floors/Models/Stone/materials/Wall-Stone-Model-05.png
  artifactKey: Guid(b118ab368c4a4b846910231f83304da9) Importer(815301076,1909f56bfc062723c751e8b465ee728b)
Start importing Assets/Models & Prefabs/Walls and Floors/Models/Stone/materials/Wall-Stone-Model-05.png using Guid(b118ab368c4a4b846910231f83304da9) Importer(815301076,1909f56bfc062723c751e8b465ee728b) (PreviewImporter) -> (artifact id: 'a3556aaaaa6964ca38f4938774e4872c') in 0.0136258 seconds
Number of updated asset objects reloaded before import = 0Number of asset objects unloaded after import = 2

========================================================================
Received Import Request.
  Time since last request: 0.010217 seconds.
  path: Assets/Materials and Textures/Downloaded/YughuesFreeGroundMaterials/Textures/T_YFGM_Burnt_e.tga
  artifactKey: Guid(84a4b0bfc992fc84b8f203f84a3587f3) Importer(815301076,1909f56bfc062723c751e8b465ee728b)
Start importing Assets/Materials and Textures/Downloaded/YughuesFreeGroundMaterials/Textures/T_YFGM_Burnt_e.tga using Guid(84a4b0bfc992fc84b8f203f84a3587f3) Importer(815301076,1909f56bfc062723c751e8b465ee728b) (PreviewImporter) -> (artifact id: 'e990551978b1115a246b82c079f1985e') in 0.0166666 seconds
Number of updated asset objects reloaded before import = 0Number of asset objects unloaded after import = 2

========================================================================
Received Import Request.
  Time since last request: 0.013150 seconds.
  path: Assets/Models & Prefabs/Walls and Floors/Models/Stone/materials/Floor-Stone-Model-04.png
  artifactKey: Guid(19fa909af79051c45bc53491eb301c34) Importer(815301076,1909f56bfc062723c751e8b465ee728b)
Start importing Assets/Models & Prefabs/Walls and Floors/Models/Stone/materials/Floor-Stone-Model-04.png using Guid(19fa909af79051c45bc53491eb301c34) Importer(815301076,1909f56bfc062723c751e8b465ee728b) (PreviewImporter) -> (artifact id: '2e394a499dae82e13ef5e49bea78a133') in 0.0150454 seconds
Number of updated asset objects reloaded before import = 0Number of asset objects unloaded after import = 2

========================================================================
Received Import Request.
  Time since last request: 0.021679 seconds.
  path: Assets/Models & Prefabs/Models/Downloaded_Assets/DungeonModularPack/Textures/T_Tile_C.tga
  artifactKey: Guid(a11b2c0e6f64955408d951301e189b17) Importer(815301076,1909f56bfc062723c751e8b465ee728b)
Start importing Assets/Models & Prefabs/Models/Downloaded_Assets/DungeonModularPack/Textures/T_Tile_C.tga using Guid(a11b2c0e6f64955408d951301e189b17) Importer(815301076,1909f56bfc062723c751e8b465ee728b) (PreviewImporter) -> (artifact id: 'd365580c81219c4c7d578c35c79cdeb0') in 0.0174289 seconds
Number of updated asset objects reloaded before import = 0Number of asset objects unloaded after import = 2

========================================================================
Received Import Request.
  Time since last request: 0.005302 seconds.
  path: Assets/Models & Prefabs/Walls and Floors/Models/Stone/Wall-Stone-Model-04.fbx
  artifactKey: Guid(f631627b7ea6bd94b84ea500530c87bd) Importer(815301076,1909f56bfc062723c751e8b465ee728b)
Start importing Assets/Models & Prefabs/Walls and Floors/Models/Stone/Wall-Stone-Model-04.fbx using Guid(f631627b7ea6bd94b84ea500530c87bd) Importer(815301076,1909f56bfc062723c751e8b465ee728b) (PreviewImporter) -> (artifact id: '3322a2393a014b07d53f5bd5c2bf73db') in 0.0223021 seconds
Number of updated asset objects reloaded before import = 0Number of asset objects unloaded after import = 9

========================================================================
Received Import Request.
  Time since last request: 0.010206 seconds.
  path: Assets/Materials and Textures/Downloaded/YughuesFreeGroundMaterials/Textures/T_YFGM_Dry03_n.tga
  artifactKey: Guid(33550cb31f213dd448202e375e4cd6c4) Importer(815301076,1909f56bfc062723c751e8b465ee728b)
Start importing Assets/Materials and Textures/Downloaded/YughuesFreeGroundMaterials/Textures/T_YFGM_Dry03_n.tga using Guid(33550cb31f213dd448202e375e4cd6c4) Importer(815301076,1909f56bfc062723c751e8b465ee728b) (PreviewImporter) -> (artifact id: '18e1828c6c869415790e220b23ded212') in 0.0179013 seconds
Number of updated asset objects reloaded before import = 0Number of asset objects unloaded after import = 2

========================================================================
Received Import Request.
  Time since last request: 0.005031 seconds.
  path: Assets/Models & Prefabs/Models/Downloaded_Assets/Korea_TreasureProps/Prefabs/Sets/SM_020_SaliguSet.prefab
  artifactKey: Guid(e9ff563cca1a73a4ea3b6094a4292372) Importer(815301076,1909f56bfc062723c751e8b465ee728b)
Start importing Assets/Models & Prefabs/Models/Downloaded_Assets/Korea_TreasureProps/Prefabs/Sets/SM_020_SaliguSet.prefab using Guid(e9ff563cca1a73a4ea3b6094a4292372) Importer(815301076,1909f56bfc062723c751e8b465ee728b) (PreviewImporter) -> (artifact id: 'c5d7027553c6fcadc42e967d96acff84') in 0.0031955 seconds
Number of updated asset objects reloaded before import = 0Number of asset objects unloaded after import = 10

========================================================================
Received Import Request.
  Time since last request: 0.004363 seconds.
  path: Assets/Models & Prefabs/Walls and Floors/Models/Stone/Wall-Stone-Model-12.fbx
  artifactKey: Guid(5c200c38000f07048916f11d852df3d7) Importer(815301076,1909f56bfc062723c751e8b465ee728b)
Start importing Assets/Models & Prefabs/Walls and Floors/Models/Stone/Wall-Stone-Model-12.fbx using Guid(5c200c38000f07048916f11d852df3d7) Importer(815301076,1909f56bfc062723c751e8b465ee728b) (PreviewImporter) -> (artifact id: '6e7830bbc7835c5b73d2d50f631b6011') in 0.0403934 seconds
Number of updated asset objects reloaded before import = 0Number of asset objects unloaded after import = 9

========================================================================
Received Import Request.
  Time since last request: 0.018215 seconds.
  path: Assets/Models & Prefabs/Walls and Floors/Models/Wood/materials/Corner-Wood-Model-02.png
  artifactKey: Guid(e7be35ddf1e796d479fef702b9d323e2) Importer(815301076,1909f56bfc062723c751e8b465ee728b)
Start importing Assets/Models & Prefabs/Walls and Floors/Models/Wood/materials/Corner-Wood-Model-02.png using Guid(e7be35ddf1e796d479fef702b9d323e2) Importer(815301076,1909f56bfc062723c751e8b465ee728b) (PreviewImporter) -> (artifact id: '3ffc978e9dd6a1366e119238ffa237dd') in 0.0177983 seconds
Number of updated asset objects reloaded before import = 0Number of asset objects unloaded after import = 2

========================================================================
Received Import Request.
  Time since last request: 0.011707 seconds.
  path: Assets/Materials and Textures/Downloaded/YughuesFreeGroundMaterials/Textures/T_YFGM_Ground01_n.tga
  artifactKey: Guid(b54a5a26745ec57419da3accb29bc55d) Importer(815301076,1909f56bfc062723c751e8b465ee728b)
Start importing Assets/Materials and Textures/Downloaded/YughuesFreeGroundMaterials/Textures/T_YFGM_Ground01_n.tga using Guid(b54a5a26745ec57419da3accb29bc55d) Importer(815301076,1909f56bfc062723c751e8b465ee728b) (PreviewImporter) -> (artifact id: '957e9677b941b80d19f4c5938528f34c') in 0.0200231 seconds
Number of updated asset objects reloaded before import = 0Number of asset objects unloaded after import = 2

========================================================================
Received Import Request.
  Time since last request: 0.005102 seconds.
  path: Assets/Models & Prefabs/Walls and Floors/Prefabs/Wood/Walls/Wall-Wood (11).prefab
  artifactKey: Guid(cd2d9b8d851255a4998f9cab44e6d514) Importer(815301076,1909f56bfc062723c751e8b465ee728b)
Start importing Assets/Models & Prefabs/Walls and Floors/Prefabs/Wood/Walls/Wall-Wood (11).prefab using Guid(cd2d9b8d851255a4998f9cab44e6d514) Importer(815301076,1909f56bfc062723c751e8b465ee728b) (PreviewImporter) -> (artifact id: '5906783dc0920f1563a1bf6b0486efb7') in 0.0037376 seconds
Number of updated asset objects reloaded before import = 0Number of asset objects unloaded after import = 7

========================================================================
Received Import Request.
  Time since last request: 0.018935 seconds.
  path: Assets/Models & Prefabs/Models/Downloaded_Assets/DungeonModularPack/Textures/T_Pillar_C.tga
  artifactKey: Guid(01ce197200b6ad64c8f1187ffc2dd0ad) Importer(815301076,1909f56bfc062723c751e8b465ee728b)
Start importing Assets/Models & Prefabs/Models/Downloaded_Assets/DungeonModularPack/Textures/T_Pillar_C.tga using Guid(01ce197200b6ad64c8f1187ffc2dd0ad) Importer(815301076,1909f56bfc062723c751e8b465ee728b) (PreviewImporter) -> (artifact id: '525c7d4d2f00c0fb93bc64f03e6c6805') in 0.0195901 seconds
Number of updated asset objects reloaded before import = 0Number of asset objects unloaded after import = 2

========================================================================
Received Import Request.
  Time since last request: 0.004794 seconds.
  path: Assets/Models & Prefabs/Walls and Floors/Models/Wood/materials/Corner-Wood-Model-03.png
  artifactKey: Guid(c5d56663d295b3e44a03bb4f9e9dad87) Importer(815301076,1909f56bfc062723c751e8b465ee728b)
Start importing Assets/Models & Prefabs/Walls and Floors/Models/Wood/materials/Corner-Wood-Model-03.png using Guid(c5d56663d295b3e44a03bb4f9e9dad87) Importer(815301076,1909f56bfc062723c751e8b465ee728b) (PreviewImporter) -> (artifact id: 'd510b2ab26cb2dacce0320fe25762476') in 0.0165617 seconds
Number of updated asset objects reloaded before import = 0Number of asset objects unloaded after import = 2

========================================================================
Received Import Request.
  Time since last request: 0.022519 seconds.
  path: Assets/Models & Prefabs/Models/Downloaded_Assets/Awesome_Lamp_Collection/Modells/Plug_01.fbx
  artifactKey: Guid(6a004c422a8f1684e9a63f0b907dc427) Importer(815301076,1909f56bfc062723c751e8b465ee728b)
Start importing Assets/Models & Prefabs/Models/Downloaded_Assets/Awesome_Lamp_Collection/Modells/Plug_01.fbx using Guid(6a004c422a8f1684e9a63f0b907dc427) Importer(815301076,1909f56bfc062723c751e8b465ee728b) (PreviewImporter) -> (artifact id: 'a8eefdb52cf8e060b920699c4a873f42') in 0.0235618 seconds
Number of updated asset objects reloaded before import = 0Number of asset objects unloaded after import = 8

========================================================================
Received Import Request.
  Time since last request: 0.022857 seconds.
  path: Assets/Materials and Textures/Downloaded/YughuesFreeGroundMaterials/Textures/T_YFGM_Grass02_d.tga
  artifactKey: Guid(502f952cfa766ce4385ec69b3c1a51c0) Importer(815301076,1909f56bfc062723c751e8b465ee728b)
Start importing Assets/Materials and Textures/Downloaded/YughuesFreeGroundMaterials/Textures/T_YFGM_Grass02_d.tga using Guid(502f952cfa766ce4385ec69b3c1a51c0) Importer(815301076,1909f56bfc062723c751e8b465ee728b) (PreviewImporter) -> (artifact id: '0c83516c7cd7602c75750aa1cb2a2452') in 0.0204625 seconds
Number of updated asset objects reloaded before import = 0Number of asset objects unloaded after import = 2

========================================================================
Received Import Request.
  Time since last request: 0.004723 seconds.
  path: Assets/Models & Prefabs/Models/Downloaded_Assets/Korea_TreasureProps/Prefabs/Sets/SM_096_Incense_BurnerSet.prefab
  artifactKey: Guid(82b6159cdd3033f45ac2ce4f0ced4732) Importer(815301076,1909f56bfc062723c751e8b465ee728b)
Start importing Assets/Models & Prefabs/Models/Downloaded_Assets/Korea_TreasureProps/Prefabs/Sets/SM_096_Incense_BurnerSet.prefab using Guid(82b6159cdd3033f45ac2ce4f0ced4732) Importer(815301076,1909f56bfc062723c751e8b465ee728b) (PreviewImporter) -> (artifact id: '53abedb600286e13203721c71bfd5fbc') in 0.0028504 seconds
Number of updated asset objects reloaded before import = 0Number of asset objects unloaded after import = 8

========================================================================
Received Import Request.
  Time since last request: 0.004698 seconds.
  path: Assets/Models & Prefabs/Walls and Floors/Models/Stone/materials/Wall-Stone-Model-08.png
  artifactKey: Guid(6c463b2c91c1e2c47b18f0c6196fa837) Importer(815301076,1909f56bfc062723c751e8b465ee728b)
Start importing Assets/Models & Prefabs/Walls and Floors/Models/Stone/materials/Wall-Stone-Model-08.png using Guid(6c463b2c91c1e2c47b18f0c6196fa837) Importer(815301076,1909f56bfc062723c751e8b465ee728b) (PreviewImporter) -> (artifact id: 'c545c13029f03dba2278077b68c70c8d') in 0.0169677 seconds
Number of updated asset objects reloaded before import = 0Number of asset objects unloaded after import = 2

========================================================================
Received Import Request.
  Time since last request: 0.005069 seconds.
  path: Assets/Models & Prefabs/Models/Downloaded_Assets/Awesome_Lamp_Collection/Modells/Materials/Lamp_09.mat
  artifactKey: Guid(e9f88d95242bdcd49821d5893fd46dd0) Importer(815301076,1909f56bfc062723c751e8b465ee728b)
Start importing Assets/Models & Prefabs/Models/Downloaded_Assets/Awesome_Lamp_Collection/Modells/Materials/Lamp_09.mat using Guid(e9f88d95242bdcd49821d5893fd46dd0) Importer(815301076,1909f56bfc062723c751e8b465ee728b) (PreviewImporter) -> (artifact id: '11825ffc8e22619db668c93b0ce390a0') in 0.0090007 seconds
Number of updated asset objects reloaded before import = 0Number of asset objects unloaded after import = 1

========================================================================
Received Import Request.
  Time since last request: 0.004857 seconds.
  path: Assets/Models & Prefabs/Models/Downloaded_Assets/Korea_TreasureProps/Prefabs/Sets/SM_022_Saligu_003Set.prefab
  artifactKey: Guid(3ea32fd7888b10945b111c12ae370bbf) Importer(815301076,1909f56bfc062723c751e8b465ee728b)
Start importing Assets/Models & Prefabs/Models/Downloaded_Assets/Korea_TreasureProps/Prefabs/Sets/SM_022_Saligu_003Set.prefab using Guid(3ea32fd7888b10945b111c12ae370bbf) Importer(815301076,1909f56bfc062723c751e8b465ee728b) (PreviewImporter) -> (artifact id: '3dbdabf0b05f7c0d520175a25b7960cc') in 0.0024786 seconds
Number of updated asset objects reloaded before import = 0Number of asset objects unloaded after import = 8

========================================================================
Received Import Request.
  Time since last request: 0.003771 seconds.
  path: Assets/Models & Prefabs/Walls and Floors/Models/Wood/materials/Corner-Wood-Model-02.mat
  artifactKey: Guid(0fc3020a2505de74fab37954d521ed71) Importer(815301076,1909f56bfc062723c751e8b465ee728b)
Start importing Assets/Models & Prefabs/Walls and Floors/Models/Wood/materials/Corner-Wood-Model-02.mat using Guid(0fc3020a2505de74fab37954d521ed71) Importer(815301076,1909f56bfc062723c751e8b465ee728b) (PreviewImporter) -> (artifact id: '1b8305e36928b4014ca20446798bc7b8') in 0.0167231 seconds
Number of updated asset objects reloaded before import = 0Number of asset objects unloaded after import = 2

========================================================================
Received Import Request.
  Time since last request: 0.003368 seconds.
  path: Assets/Models & Prefabs/Walls and Floors/Prefabs/Stone/Walls
  artifactKey: Guid(88efc33540c0ac84f9de8537e82275a4) Importer(815301076,1909f56bfc062723c751e8b465ee728b)
Start importing Assets/Models & Prefabs/Walls and Floors/Prefabs/Stone/Walls using Guid(88efc33540c0ac84f9de8537e82275a4) Importer(815301076,1909f56bfc062723c751e8b465ee728b) (PreviewImporter) -> (artifact id: 'dd02769abd2bbcbcab9213ffbfcd2d61') in 0.0006598 seconds
Number of updated asset objects reloaded before import = 0Number of asset objects unloaded after import = 0

========================================================================
Received Import Request.
  Time since last request: 0.002701 seconds.
  path: Assets/Materials and Textures/Downloaded/YughuesFreeGroundMaterials/Preview
  artifactKey: Guid(0dfca88d961c91f41abf6e1578363601) Importer(815301076,1909f56bfc062723c751e8b465ee728b)
Start importing Assets/Materials and Textures/Downloaded/YughuesFreeGroundMaterials/Preview using Guid(0dfca88d961c91f41abf6e1578363601) Importer(815301076,1909f56bfc062723c751e8b465ee728b) (PreviewImporter) -> (artifact id: '99951524057ee26d6a801a44b83652b6') in 0.0006298 seconds
Number of updated asset objects reloaded before import = 0Number of asset objects unloaded after import = 0

========================================================================
Received Import Request.
  Time since last request: 0.006433 seconds.
  path: Assets/Models & Prefabs/Models/Downloaded_Assets/Awesome_Lamp_Collection/Modells/Plug_02.fbx
  artifactKey: Guid(26d7cd75ab2ba2645aeaadfc0eb37ac6) Importer(815301076,1909f56bfc062723c751e8b465ee728b)
Start importing Assets/Models & Prefabs/Models/Downloaded_Assets/Awesome_Lamp_Collection/Modells/Plug_02.fbx using Guid(26d7cd75ab2ba2645aeaadfc0eb37ac6) Importer(815301076,1909f56bfc062723c751e8b465ee728b) (PreviewImporter) -> (artifact id: 'cc045ef531fe4ad666229f92a9353ae4') in 0.0186781 seconds
Number of updated asset objects reloaded before import = 0Number of asset objects unloaded after import = 8

========================================================================
Received Import Request.
  Time since last request: 0.014335 seconds.
  path: Assets/Models & Prefabs/Walls and Floors/Models/Wood/materials/Floor-Wood-Model-01.png
  artifactKey: Guid(c5a633fc94d366f4d8f603eec5105535) Importer(815301076,1909f56bfc062723c751e8b465ee728b)
Start importing Assets/Models & Prefabs/Walls and Floors/Models/Wood/materials/Floor-Wood-Model-01.png using Guid(c5a633fc94d366f4d8f603eec5105535) Importer(815301076,1909f56bfc062723c751e8b465ee728b) (PreviewImporter) -> (artifact id: 'd53aae5498a75f3c94a3b8d25fb829a4') in 0.0159833 seconds
Number of updated asset objects reloaded before import = 0Number of asset objects unloaded after import = 2

========================================================================
Received Import Request.
  Time since last request: 0.003155 seconds.
  path: Assets/TextMesh Pro/Documentation
  artifactKey: Guid(8e7e8f5a82a3a134e91c54efd2274ea9) Importer(815301076,1909f56bfc062723c751e8b465ee728b)
Start importing Assets/TextMesh Pro/Documentation using Guid(8e7e8f5a82a3a134e91c54efd2274ea9) Importer(815301076,1909f56bfc062723c751e8b465ee728b) (PreviewImporter) -> (artifact id: '4b2b5c7d94e49c3ebc6140f00c250e5f') in 0.0006839 seconds
Number of updated asset objects reloaded before import = 0Number of asset objects unloaded after import = 0

========================================================================
Received Import Request.
  Time since last request: 0.003914 seconds.
  path: Assets/Models & Prefabs/Walls and Floors/Prefabs/Wood/Walls/Wall-Wood (7).prefab
  artifactKey: Guid(bb2119431d358ce419859bfad1efe79d) Importer(815301076,1909f56bfc062723c751e8b465ee728b)
Start importing Assets/Models & Prefabs/Walls and Floors/Prefabs/Wood/Walls/Wall-Wood (7).prefab using Guid(bb2119431d358ce419859bfad1efe79d) Importer(815301076,1909f56bfc062723c751e8b465ee728b) (PreviewImporter) -> (artifact id: '37ecf7d1cd20b502151c6f3c9bb02c15') in 0.0185537 seconds
Number of updated asset objects reloaded before import = 0Number of asset objects unloaded after import = 11

========================================================================
Received Import Request.
  Time since last request: 0.008737 seconds.
  path: Assets/Models & Prefabs/Walls and Floors/Models/Stone/materials/Wall-Stone-Model-09.png
  artifactKey: Guid(f5b32c79491e7384e93e8526af9c0f51) Importer(815301076,1909f56bfc062723c751e8b465ee728b)
Start importing Assets/Models & Prefabs/Walls and Floors/Models/Stone/materials/Wall-Stone-Model-09.png using Guid(f5b32c79491e7384e93e8526af9c0f51) Importer(815301076,1909f56bfc062723c751e8b465ee728b) (PreviewImporter) -> (artifact id: 'f61242946bd875cceb836651360f50d4') in 0.0152548 seconds
Number of updated asset objects reloaded before import = 0Number of asset objects unloaded after import = 2

========================================================================
Received Import Request.
  Time since last request: 0.015480 seconds.
  path: Assets/Materials and Textures/Downloaded/YughuesFreeGroundMaterials/YughuesFreeGroundMaterials_HDRP.unitypackage
  artifactKey: Guid(0c169ab9d33bbf7418d3f1e8f4c0b1b2) Importer(815301076,1909f56bfc062723c751e8b465ee728b)
Start importing Assets/Materials and Textures/Downloaded/YughuesFreeGroundMaterials/YughuesFreeGroundMaterials_HDRP.unitypackage using Guid(0c169ab9d33bbf7418d3f1e8f4c0b1b2) Importer(815301076,1909f56bfc062723c751e8b465ee728b) (PreviewImporter) -> (artifact id: '21d1e280ce92a596c7a69c5d75b65127') in 0.0014398 seconds
Number of updated asset objects reloaded before import = 0Number of asset objects unloaded after import = 1

========================================================================
Received Import Request.
  Time since last request: 0.008632 seconds.
  path: Assets/Models & Prefabs/Models/Downloaded_Assets/Korea_TreasureProps/Prefabs/Sets/SM_022_Saligu_001Set.prefab
  artifactKey: Guid(931a66f0ec29acf4e8235a94446ee70d) Importer(815301076,1909f56bfc062723c751e8b465ee728b)
Start importing Assets/Models & Prefabs/Models/Downloaded_Assets/Korea_TreasureProps/Prefabs/Sets/SM_022_Saligu_001Set.prefab using Guid(931a66f0ec29acf4e8235a94446ee70d) Importer(815301076,1909f56bfc062723c751e8b465ee728b) (PreviewImporter) -> (artifact id: '422be2fb89866f31cd015ed29d473505') in 0.002029 seconds
Number of updated asset objects reloaded before import = 0Number of asset objects unloaded after import = 8

========================================================================
Received Import Request.
  Time since last request: 0.004168 seconds.
  path: Assets/TextMesh Pro/Shaders/TMP_SDF-Mobile Masking.shader
  artifactKey: Guid(bc1ede39bf3643ee8e493720e4259791) Importer(815301076,1909f56bfc062723c751e8b465ee728b)
Start importing Assets/TextMesh Pro/Shaders/TMP_SDF-Mobile Masking.shader using Guid(bc1ede39bf3643ee8e493720e4259791) Importer(815301076,1909f56bfc062723c751e8b465ee728b) (PreviewImporter) -> (artifact id: 'aac336f3ebe4890024766c093acb7530') in 0.0008395 seconds
Number of updated asset objects reloaded before import = 0Number of asset objects unloaded after import = 0

========================================================================
Received Import Request.
  Time since last request: 0.008505 seconds.
  path: Assets/Models & Prefabs/Models/Downloaded_Assets/Korea_TreasureProps/Prefabs/Sets/SM_097_Incense_BurnerSet.prefab
  artifactKey: Guid(5b2198b89b3470b47b40726addf7820a) Importer(815301076,1909f56bfc062723c751e8b465ee728b)
Start importing Assets/Models & Prefabs/Models/Downloaded_Assets/Korea_TreasureProps/Prefabs/Sets/SM_097_Incense_BurnerSet.prefab using Guid(5b2198b89b3470b47b40726addf7820a) Importer(815301076,1909f56bfc062723c751e8b465ee728b) (PreviewImporter) -> (artifact id: 'a9f90e831f3bb598efd3e2c915e6229c') in 0.0030321 seconds
Number of updated asset objects reloaded before import = 0Number of asset objects unloaded after import = 8

========================================================================
Received Import Request.
  Time since last request: 0.005524 seconds.
  path: Assets/Materials and Textures/Platform(Seemless_rock)/rock texture seamless.jpg
  artifactKey: Guid(2cefb0698442ce1428061f87c5a3d933) Importer(815301076,1909f56bfc062723c751e8b465ee728b)
Start importing Assets/Materials and Textures/Platform(Seemless_rock)/rock texture seamless.jpg using Guid(2cefb0698442ce1428061f87c5a3d933) Importer(815301076,1909f56bfc062723c751e8b465ee728b) (PreviewImporter) -> (artifact id: 'beb73fd32e613f91093d2cbab1132e74') in 0.0171436 seconds
Number of updated asset objects reloaded before import = 0Number of asset objects unloaded after import = 2

========================================================================
Received Import Request.
  Time since last request: 0.004248 seconds.
  path: Assets/TextMesh Pro/Shaders/TMPro_Mobile.cginc
  artifactKey: Guid(c334973cef89a9840b0b0c507e0377ab) Importer(815301076,1909f56bfc062723c751e8b465ee728b)
Start importing Assets/TextMesh Pro/Shaders/TMPro_Mobile.cginc using Guid(c334973cef89a9840b0b0c507e0377ab) Importer(815301076,1909f56bfc062723c751e8b465ee728b) (PreviewImporter) -> (artifact id: 'c985fa80ab08092354ef83d668a6d415') in 0.0101367 seconds
Number of updated asset objects reloaded before import = 0Number of asset objects unloaded after import = 1

========================================================================
Received Import Request.
  Time since last request: 0.020394 seconds.
  path: Assets/Models & Prefabs/Models/Downloaded_Assets/Awesome_Lamp_Collection/Textures/Lamp20.3
  artifactKey: Guid(99dac02f83829224a839b8dd7e519074) Importer(815301076,1909f56bfc062723c751e8b465ee728b)
Start importing Assets/Models & Prefabs/Models/Downloaded_Assets/Awesome_Lamp_Collection/Textures/Lamp20.3 using Guid(99dac02f83829224a839b8dd7e519074) Importer(815301076,1909f56bfc062723c751e8b465ee728b) (PreviewImporter) -> (artifact id: '495aa1e8dd02da61ae9e664419313a0d') in 0.0005606 seconds
Number of updated asset objects reloaded before import = 0Number of asset objects unloaded after import = 0

========================================================================
Received Import Request.
  Time since last request: 0.004215 seconds.
  path: Assets/Models & Prefabs/Models/Downloaded_Assets/ithappy/Animals_FREE/Animations/Other_Animations/Tiger_001_idle.anim
  artifactKey: Guid(ba2ada3a8c3d8c24aa892e241da34421) Importer(815301076,1909f56bfc062723c751e8b465ee728b)
Start importing Assets/Models & Prefabs/Models/Downloaded_Assets/ithappy/Animals_FREE/Animations/Other_Animations/Tiger_001_idle.anim using Guid(ba2ada3a8c3d8c24aa892e241da34421) Importer(815301076,1909f56bfc062723c751e8b465ee728b) (PreviewImporter) -> (artifact id: 'f28a3d68bddc2fd5d71ac2cf886d0a33') in 0.003824 seconds
Number of updated asset objects reloaded before import = 0Number of asset objects unloaded after import = 1

========================================================================
Received Import Request.
  Time since last request: 0.004342 seconds.
  path: Assets/Models & Prefabs/Models/Downloaded_Assets/DungeonModularPack/Meshes/Wall_A.fbx
  artifactKey: Guid(a179947a5e31cc0428e706c0841d3277) Importer(815301076,1909f56bfc062723c751e8b465ee728b)
Start importing Assets/Models & Prefabs/Models/Downloaded_Assets/DungeonModularPack/Meshes/Wall_A.fbx using Guid(a179947a5e31cc0428e706c0841d3277) Importer(815301076,1909f56bfc062723c751e8b465ee728b) (PreviewImporter) -> (artifact id: 'fe70590ae630d4a5b0cfcdc44106aa09') in 0.018536 seconds
Number of updated asset objects reloaded before import = 0Number of asset objects unloaded after import = 7

========================================================================
Received Import Request.
  Time since last request: 0.004520 seconds.
  path: Assets/Models & Prefabs/Walls and Floors/Models/Wood/materials/Wall-Wood-Model-04.png
  artifactKey: Guid(35e570733089da449b0108e0a643df02) Importer(815301076,1909f56bfc062723c751e8b465ee728b)
Start importing Assets/Models & Prefabs/Walls and Floors/Models/Wood/materials/Wall-Wood-Model-04.png using Guid(35e570733089da449b0108e0a643df02) Importer(815301076,1909f56bfc062723c751e8b465ee728b) (PreviewImporter) -> (artifact id: '542124a5bfc812f4072a221e0a8430d0') in 0.015276 seconds
Number of updated asset objects reloaded before import = 0Number of asset objects unloaded after import = 2

========================================================================
Received Import Request.
  Time since last request: 0.006393 seconds.
  path: Assets/Models & Prefabs/Models/Downloaded_Assets/DungeonModularPack/Textures/T_Torch_ORM.tga
  artifactKey: Guid(b8f773bb1110e5949aef3758500af6a1) Importer(815301076,1909f56bfc062723c751e8b465ee728b)
Start importing Assets/Models & Prefabs/Models/Downloaded_Assets/DungeonModularPack/Textures/T_Torch_ORM.tga using Guid(b8f773bb1110e5949aef3758500af6a1) Importer(815301076,1909f56bfc062723c751e8b465ee728b) (PreviewImporter) -> (artifact id: '0e62181c595e6e21fdc86d29d3b61bd0') in 0.0162744 seconds
Number of updated asset objects reloaded before import = 0Number of asset objects unloaded after import = 2

========================================================================
Received Import Request.
  Time since last request: 0.028353 seconds.
  path: Assets/Models & Prefabs/Walls and Floors/Models/Stone/materials/Floor-Stone-Model-04.mat
  artifactKey: Guid(3b751f6271dce7747ab89d83050d6315) Importer(815301076,1909f56bfc062723c751e8b465ee728b)
Start importing Assets/Models & Prefabs/Walls and Floors/Models/Stone/materials/Floor-Stone-Model-04.mat using Guid(3b751f6271dce7747ab89d83050d6315) Importer(815301076,1909f56bfc062723c751e8b465ee728b) (PreviewImporter) -> (artifact id: '097ad3b9f9581f73438c8a07bad201df') in 0.0204483 seconds
Number of updated asset objects reloaded before import = 0Number of asset objects unloaded after import = 2

========================================================================
Received Import Request.
  Time since last request: 0.004586 seconds.
  path: Assets/Models & Prefabs/Models/Downloaded_Assets/DungeonModularPack/Prefabs/Torch_B.prefab
  artifactKey: Guid(3f24c80895a77fa4bba15f9bd599a41b) Importer(815301076,1909f56bfc062723c751e8b465ee728b)
Start importing Assets/Models & Prefabs/Models/Downloaded_Assets/DungeonModularPack/Prefabs/Torch_B.prefab using Guid(3f24c80895a77fa4bba15f9bd599a41b) Importer(815301076,1909f56bfc062723c751e8b465ee728b) (PreviewImporter) -> (artifact id: 'f9214e5376a9bf85e34ca6a33d6dbcc0') in 0.0196472 seconds
Number of updated asset objects reloaded before import = 0Number of asset objects unloaded after import = 22

========================================================================
Received Import Request.
  Time since last request: 0.011187 seconds.
  path: Assets/Materials and Textures/Downloaded/YughuesFreeGroundMaterials/Textures/T_YFGM_Grass03_n.tga
  artifactKey: Guid(1e424af2aacc6ca4ca099f17a5bc27b1) Importer(815301076,1909f56bfc062723c751e8b465ee728b)
Start importing Assets/Materials and Textures/Downloaded/YughuesFreeGroundMaterials/Textures/T_YFGM_Grass03_n.tga using Guid(1e424af2aacc6ca4ca099f17a5bc27b1) Importer(815301076,1909f56bfc062723c751e8b465ee728b) (PreviewImporter) -> (artifact id: '3adb4ea7908c927077e589617dc9751f') in 0.0181063 seconds
Number of updated asset objects reloaded before import = 0Number of asset objects unloaded after import = 2

========================================================================
Received Import Request.
  Time since last request: 0.010033 seconds.
  path: Assets/Models & Prefabs/Models/Downloaded_Assets/OlegWER/SkeletonsFreeSet/Prefabs/SM_dino_midpoly.prefab
  artifactKey: Guid(bdc72ce32fb02ad4fa12049947fa01f7) Importer(815301076,1909f56bfc062723c751e8b465ee728b)
Start importing Assets/Models & Prefabs/Models/Downloaded_Assets/OlegWER/SkeletonsFreeSet/Prefabs/SM_dino_midpoly.prefab using Guid(bdc72ce32fb02ad4fa12049947fa01f7) Importer(815301076,1909f56bfc062723c751e8b465ee728b) (PreviewImporter) -> (artifact id: '3c00cb843067367f864bebd8a875ab45') in 0.025242 seconds
Number of updated asset objects reloaded before import = 0Number of asset objects unloaded after import = 11

========================================================================
Received Import Request.
  Time since last request: 0.003391 seconds.
  path: Assets/Models & Prefabs/Walls and Floors/Models/Stone/materials
  artifactKey: Guid(c3b2584f839cc8e48a34494a162a2556) Importer(815301076,1909f56bfc062723c751e8b465ee728b)
Start importing Assets/Models & Prefabs/Walls and Floors/Models/Stone/materials using Guid(c3b2584f839cc8e48a34494a162a2556) Importer(815301076,1909f56bfc062723c751e8b465ee728b) (PreviewImporter) -> (artifact id: '04628b8c767ad11a794a4fcb9f264f33') in 0.0006642 seconds
Number of updated asset objects reloaded before import = 0Number of asset objects unloaded after import = 0

========================================================================
Received Import Request.
  Time since last request: 0.028841 seconds.
  path: Assets/Models & Prefabs/Models/Downloaded_Assets/DungeonModularPack/Textures/T_Arch_ORM.tga
  artifactKey: Guid(e0a61c3d8f6378947a5117f75d0d1e9b) Importer(815301076,1909f56bfc062723c751e8b465ee728b)
Start importing Assets/Models & Prefabs/Models/Downloaded_Assets/DungeonModularPack/Textures/T_Arch_ORM.tga using Guid(e0a61c3d8f6378947a5117f75d0d1e9b) Importer(815301076,1909f56bfc062723c751e8b465ee728b) (PreviewImporter) -> (artifact id: 'c8dcc4b10516ff49659f0ef30d884774') in 0.0156683 seconds
Number of updated asset objects reloaded before import = 0Number of asset objects unloaded after import = 2

========================================================================
Received Import Request.
  Time since last request: 0.013749 seconds.
  path: Assets/Models & Prefabs/Models/Downloaded_Assets/Korea_TreasureProps/Textures/T_039_Pot_RN.png
  artifactKey: Guid(abc00000000007032964784931158739) Importer(815301076,1909f56bfc062723c751e8b465ee728b)
Start importing Assets/Models & Prefabs/Models/Downloaded_Assets/Korea_TreasureProps/Textures/T_039_Pot_RN.png using Guid(abc00000000007032964784931158739) Importer(815301076,1909f56bfc062723c751e8b465ee728b) (PreviewImporter) -> (artifact id: '9c1159660d3913f87d7e2e1eca36de58') in 0.0205121 seconds
Number of updated asset objects reloaded before import = 0Number of asset objects unloaded after import = 2

========================================================================
Received Import Request.
  Time since last request: 0.031133 seconds.
  path: Assets/TextMesh Pro/Resources/TMP Settings.asset
  artifactKey: Guid(3f5b5dff67a942289a9defa416b206f3) Importer(815301076,1909f56bfc062723c751e8b465ee728b)
Start importing Assets/TextMesh Pro/Resources/TMP Settings.asset using Guid(3f5b5dff67a942289a9defa416b206f3) Importer(815301076,1909f56bfc062723c751e8b465ee728b) (PreviewImporter) -> (artifact id: 'ff2a00d5caf121d3244dea7f36f35775') in 0.0401706 seconds
Number of updated asset objects reloaded before import = 0Number of asset objects unloaded after import = 15

========================================================================
Received Import Request.
  Time since last request: 0.024321 seconds.
  path: Assets/Models & Prefabs/Models/IGB101_Assets/Third Person Controller/Robot Kyle/Textures/Robot_Color.tga
  artifactKey: Guid(0a0e8af2869fa45f78e25460db578482) Importer(815301076,1909f56bfc062723c751e8b465ee728b)
Start importing Assets/Models & Prefabs/Models/IGB101_Assets/Third Person Controller/Robot Kyle/Textures/Robot_Color.tga using Guid(0a0e8af2869fa45f78e25460db578482) Importer(815301076,1909f56bfc062723c751e8b465ee728b) (PreviewImporter) -> (artifact id: 'e299b780d8fd99dba2e55afe85ff9c65') in 0.0165887 seconds
Number of updated asset objects reloaded before import = 0Number of asset objects unloaded after import = 2

========================================================================
Received Import Request.
  Time since last request: 0.004385 seconds.
  path: Assets/Models & Prefabs/Walls and Floors/Models/Wood/materials/Corner-Wood-Model-04.mat
  artifactKey: Guid(da7f4587877a06f4bb0021fd666bdccc) Importer(815301076,1909f56bfc062723c751e8b465ee728b)
Start importing Assets/Models & Prefabs/Walls and Floors/Models/Wood/materials/Corner-Wood-Model-04.mat using Guid(da7f4587877a06f4bb0021fd666bdccc) Importer(815301076,1909f56bfc062723c751e8b465ee728b) (PreviewImporter) -> (artifact id: '3e5c9ea95115b4f7a77106d5125cad39') in 0.0168332 seconds
Number of updated asset objects reloaded before import = 0Number of asset objects unloaded after import = 2

========================================================================
Received Import Request.
  Time since last request: 0.023980 seconds.
  path: Assets/Materials and Textures/Downloaded/YughuesFreeGroundMaterials/Preview/Sc_Preview
  artifactKey: Guid(77fc99a7eb32fc4428067c0eda0f7bde) Importer(815301076,1909f56bfc062723c751e8b465ee728b)
Start importing Assets/Materials and Textures/Downloaded/YughuesFreeGroundMaterials/Preview/Sc_Preview using Guid(77fc99a7eb32fc4428067c0eda0f7bde) Importer(815301076,1909f56bfc062723c751e8b465ee728b) (PreviewImporter) -> (artifact id: 'c125cca8495da4c2afea85f2f30aaa38') in 0.0007372 seconds
Number of updated asset objects reloaded before import = 0Number of asset objects unloaded after import = 0

========================================================================
Received Import Request.
  Time since last request: 0.051978 seconds.
  path: Assets/Models & Prefabs/Models/Downloaded_Assets/Korea_TreasureProps/Prefabs/SM_009_Statue_of_the_Buddha.prefab
  artifactKey: Guid(a82857197c4abfd429d08d99329b141f) Importer(815301076,1909f56bfc062723c751e8b465ee728b)
Start importing Assets/Models & Prefabs/Models/Downloaded_Assets/Korea_TreasureProps/Prefabs/SM_009_Statue_of_the_Buddha.prefab using Guid(a82857197c4abfd429d08d99329b141f) Importer(815301076,1909f56bfc062723c751e8b465ee728b) (PreviewImporter) -> (artifact id: '62807877a06395f8ae2ae29eda25e8d8') in 0.0396892 seconds
Number of updated asset objects reloaded before import = 0Number of asset objects unloaded after import = 12

========================================================================
Received Import Request.
  Time since last request: 0.004395 seconds.
  path: Assets/Models & Prefabs/Walls and Floors/Prefabs/Wood/Walls/Wall-Wood (8).prefab
  artifactKey: Guid(33a04dd4d2bfd7c43bc362d02404c1c9) Importer(815301076,1909f56bfc062723c751e8b465ee728b)
Start importing Assets/Models & Prefabs/Walls and Floors/Prefabs/Wood/Walls/Wall-Wood (8).prefab using Guid(33a04dd4d2bfd7c43bc362d02404c1c9) Importer(815301076,1909f56bfc062723c751e8b465ee728b) (PreviewImporter) -> (artifact id: 'a5babfe796bdc9cf0305e766c9a98131') in 0.0198664 seconds
Number of updated asset objects reloaded before import = 0Number of asset objects unloaded after import = 11

========================================================================
Received Import Request.
  Time since last request: 0.008930 seconds.
  path: Assets/Models & Prefabs/Models/Downloaded_Assets/Korea_TreasureProps/Prefabs/Sets/SM_025_CupSet.prefab
  artifactKey: Guid(04c382941e5d801468de1debdabef02f) Importer(815301076,1909f56bfc062723c751e8b465ee728b)
Start importing Assets/Models & Prefabs/Models/Downloaded_Assets/Korea_TreasureProps/Prefabs/Sets/SM_025_CupSet.prefab using Guid(04c382941e5d801468de1debdabef02f) Importer(815301076,1909f56bfc062723c751e8b465ee728b) (PreviewImporter) -> (artifact id: '5091f2bc1cf1953ad17cba7def9373f8') in 0.0025647 seconds
Number of updated asset objects reloaded before import = 0Number of asset objects unloaded after import = 10

========================================================================
Received Import Request.
  Time since last request: 0.007550 seconds.
  path: Assets/Models & Prefabs/Models/Downloaded_Assets/Korea_TreasureProps/Textures/T_068_Kettle_AO.png
  artifactKey: Guid(abc00000000015333724331498742845) Importer(815301076,1909f56bfc062723c751e8b465ee728b)
Start importing Assets/Models & Prefabs/Models/Downloaded_Assets/Korea_TreasureProps/Textures/T_068_Kettle_AO.png using Guid(abc00000000015333724331498742845) Importer(815301076,1909f56bfc062723c751e8b465ee728b) (PreviewImporter) -> (artifact id: 'e2125e91f2cde2371e32db13f6ff0266') in 0.0194412 seconds
Number of updated asset objects reloaded before import = 0Number of asset objects unloaded after import = 2

========================================================================
Received Import Request.
  Time since last request: 0.004248 seconds.
  path: Assets/Models & Prefabs/Models/Downloaded_Assets/ithappy/Animals_FREE/Prefabs
  artifactKey: Guid(ad5150cde97f0f44585577eccbc61626) Importer(815301076,1909f56bfc062723c751e8b465ee728b)
Start importing Assets/Models & Prefabs/Models/Downloaded_Assets/ithappy/Animals_FREE/Prefabs using Guid(ad5150cde97f0f44585577eccbc61626) Importer(815301076,1909f56bfc062723c751e8b465ee728b) (PreviewImporter) -> (artifact id: '442332209ada7ddfbf1effe64ac613fb') in 0.0008646 seconds
Number of updated asset objects reloaded before import = 0Number of asset objects unloaded after import = 0

========================================================================
Received Import Request.
  Time since last request: 0.016356 seconds.
  path: Assets/TextMesh Pro/Documentation/TextMesh Pro User Guide 2016.pdf
  artifactKey: Guid(1b8d251f9af63b746bf2f7ffe00ebb9b) Importer(815301076,1909f56bfc062723c751e8b465ee728b)
Start importing Assets/TextMesh Pro/Documentation/TextMesh Pro User Guide 2016.pdf using Guid(1b8d251f9af63b746bf2f7ffe00ebb9b) Importer(815301076,1909f56bfc062723c751e8b465ee728b) (PreviewImporter) -> (artifact id: '4c5357f10304d0b2b063ab52b5debb2e') in 0.001212 seconds
Number of updated asset objects reloaded before import = 0Number of asset objects unloaded after import = 1

========================================================================
Received Import Request.
  Time since last request: 0.044342 seconds.
  path: Assets/Materials and Textures/Downloaded/YughuesFreeGroundMaterials/Textures/T_YFGM_SoilGravel04_n.tga
  artifactKey: Guid(d607b1319cf3627478fb652f952fd41f) Importer(815301076,1909f56bfc062723c751e8b465ee728b)
Start importing Assets/Materials and Textures/Downloaded/YughuesFreeGroundMaterials/Textures/T_YFGM_SoilGravel04_n.tga using Guid(d607b1319cf3627478fb652f952fd41f) Importer(815301076,1909f56bfc062723c751e8b465ee728b) (PreviewImporter) -> (artifact id: 'e5ccbfce286ac20b790e3167eb335c65') in 0.0283202 seconds
Number of updated asset objects reloaded before import = 0Number of asset objects unloaded after import = 2

========================================================================
Received Import Request.
  Time since last request: 0.012957 seconds.
  path: Assets/Materials and Textures/Downloaded/YughuesFreeGroundMaterials/Textures/T_YFGM_MossStones_n.tga
  artifactKey: Guid(bb9e6ba3181d99b4fb5a281a4b74e212) Importer(815301076,1909f56bfc062723c751e8b465ee728b)
Start importing Assets/Materials and Textures/Downloaded/YughuesFreeGroundMaterials/Textures/T_YFGM_MossStones_n.tga using Guid(bb9e6ba3181d99b4fb5a281a4b74e212) Importer(815301076,1909f56bfc062723c751e8b465ee728b) (PreviewImporter) -> (artifact id: '79a39b14914e0b4f2e4d9104e4b88401') in 0.0218583 seconds
Number of updated asset objects reloaded before import = 0Number of asset objects unloaded after import = 2

========================================================================
Received Import Request.
  Time since last request: 0.124974 seconds.
  path: Assets/Models & Prefabs/Models/Downloaded_Assets/Floreswa/Materials/Dark Gray.mat
  artifactKey: Guid(0a86f11c94723d548a97e49c4224d54a) Importer(815301076,1909f56bfc062723c751e8b465ee728b)
Start importing Assets/Models & Prefabs/Models/Downloaded_Assets/Floreswa/Materials/Dark Gray.mat using Guid(0a86f11c94723d548a97e49c4224d54a) Importer(815301076,1909f56bfc062723c751e8b465ee728b) (PreviewImporter) -> (artifact id: '25e6146b5ddd251c9c43e74f5a1c9d9e') in 0.0075331 seconds
Number of updated asset objects reloaded before import = 0Number of asset objects unloaded after import = 1

========================================================================
Received Import Request.
  Time since last request: 0.004623 seconds.
  path: Assets/Models & Prefabs/Walls and Floors/Models/Stone/Wall-Stone-Model-08.fbx
  artifactKey: Guid(ade97d4dba32bff4b8ea966c3a421874) Importer(815301076,1909f56bfc062723c751e8b465ee728b)
Start importing Assets/Models & Prefabs/Walls and Floors/Models/Stone/Wall-Stone-Model-08.fbx using Guid(ade97d4dba32bff4b8ea966c3a421874) Importer(815301076,1909f56bfc062723c751e8b465ee728b) (PreviewImporter) -> (artifact id: '1821fdb4f149cb5fcd66a7c4618a4f2c') in 0.0474398 seconds
Number of updated asset objects reloaded before import = 0Number of asset objects unloaded after import = 9

========================================================================
Received Import Request.
  Time since last request: 0.003138 seconds.
  path: Assets/Models & Prefabs/Models/Downloaded_Assets/OlegWER
  artifactKey: Guid(30b03514989b3824eb69ea7cfa70849d) Importer(815301076,1909f56bfc062723c751e8b465ee728b)
Start importing Assets/Models & Prefabs/Models/Downloaded_Assets/OlegWER using Guid(30b03514989b3824eb69ea7cfa70849d) Importer(815301076,1909f56bfc062723c751e8b465ee728b) (PreviewImporter) -> (artifact id: 'b0deb7ea3264ba531e01124660636d40') in 0.0005669 seconds
Number of updated asset objects reloaded before import = 0Number of asset objects unloaded after import = 0

========================================================================
Received Import Request.
  Time since last request: 0.043930 seconds.
  path: Assets/Models & Prefabs/Walls and Floors/Models/Stone/Wall-Stone-Model-05.fbx
  artifactKey: Guid(ddb76fa9f72a2cf47859d4f8e4aa7694) Importer(815301076,1909f56bfc062723c751e8b465ee728b)
Start importing Assets/Models & Prefabs/Walls and Floors/Models/Stone/Wall-Stone-Model-05.fbx using Guid(ddb76fa9f72a2cf47859d4f8e4aa7694) Importer(815301076,1909f56bfc062723c751e8b465ee728b) (PreviewImporter) -> (artifact id: '1c3a3824f4a2d338e71d2131c9d15ab2') in 0.0275998 seconds
Number of updated asset objects reloaded before import = 0Number of asset objects unloaded after import = 9

========================================================================
Received Import Request.
  Time since last request: 0.042202 seconds.
  path: Assets/Models & Prefabs/Walls and Floors/Models/Stone/materials/Door-Stone-Model-01.png
  artifactKey: Guid(22a90a0ad8a42554c892964288104240) Importer(815301076,1909f56bfc062723c751e8b465ee728b)
Start importing Assets/Models & Prefabs/Walls and Floors/Models/Stone/materials/Door-Stone-Model-01.png using Guid(22a90a0ad8a42554c892964288104240) Importer(815301076,1909f56bfc062723c751e8b465ee728b) (PreviewImporter) -> (artifact id: 'df1c385082f0b14feb93c90dac52a50c') in 0.0168604 seconds
Number of updated asset objects reloaded before import = 0Number of asset objects unloaded after import = 2

========================================================================
Received Import Request.
  Time since last request: 0.060723 seconds.
  path: Assets/Materials and Textures/Downloaded/YughuesFreeFlooringMaterials/Preview/Sc_YFFlM_Preview/ReflectionProbe-1.exr
  artifactKey: Guid(8dae168aa496b744a9769cfee829112e) Importer(815301076,1909f56bfc062723c751e8b465ee728b)
Start importing Assets/Materials and Textures/Downloaded/YughuesFreeFlooringMaterials/Preview/Sc_YFFlM_Preview/ReflectionProbe-1.exr using Guid(8dae168aa496b744a9769cfee829112e) Importer(815301076,1909f56bfc062723c751e8b465ee728b) (PreviewImporter) -> (artifact id: '1b065e03e8a23bcf5db75a3837b08dfb') in 0.0269989 seconds
Number of updated asset objects reloaded before import = 0Number of asset objects unloaded after import = 1

========================================================================
Received Import Request.
  Time since last request: 0.007597 seconds.
  path: Assets/Models & Prefabs/Models/Downloaded_Assets/Awesome_Lamp_Collection/Textures
  artifactKey: Guid(9716ce1031d8df34d9896aab962c58ea) Importer(815301076,1909f56bfc062723c751e8b465ee728b)
Start importing Assets/Models & Prefabs/Models/Downloaded_Assets/Awesome_Lamp_Collection/Textures using Guid(9716ce1031d8df34d9896aab962c58ea) Importer(815301076,1909f56bfc062723c751e8b465ee728b) (PreviewImporter) -> (artifact id: 'ad8204f7efb4a78204eca779de48cdb9') in 0.0019208 seconds
Number of updated asset objects reloaded before import = 0Number of asset objects unloaded after import = 0

========================================================================
Received Import Request.
  Time since last request: 0.009001 seconds.
  path: Assets/TextMesh Pro/Shaders/TMPro_Surface.cginc
  artifactKey: Guid(d930090c0cd643c7b55f19a38538c162) Importer(815301076,1909f56bfc062723c751e8b465ee728b)
Start importing Assets/TextMesh Pro/Shaders/TMPro_Surface.cginc using Guid(d930090c0cd643c7b55f19a38538c162) Importer(815301076,1909f56bfc062723c751e8b465ee728b) (PreviewImporter) -> (artifact id: 'b32c7289a96a640afebc40c833e07263') in 0.0021579 seconds
Number of updated asset objects reloaded before import = 0Number of asset objects unloaded after import = 1

========================================================================
Received Import Request.
  Time since last request: 0.031606 seconds.
  path: Assets/Models & Prefabs/Prefabs/Structures
  artifactKey: Guid(2caa68bf1b788db499257c487e21b3f1) Importer(815301076,1909f56bfc062723c751e8b465ee728b)
Start importing Assets/Models & Prefabs/Prefabs/Structures using Guid(2caa68bf1b788db499257c487e21b3f1) Importer(815301076,1909f56bfc062723c751e8b465ee728b) (PreviewImporter) -> (artifact id: '7bb74a6271521b13a2ce6eaa40c4539f') in 0.0013319 seconds
Number of updated asset objects reloaded before import = 0Number of asset objects unloaded after import = 0

========================================================================
Received Import Request.
  Time since last request: 0.014397 seconds.
  path: Assets/Models & Prefabs/Models/Downloaded_Assets/Korea_TreasureProps/Textures/T_067_Kettle_AO.png
  artifactKey: Guid(abc00000000009666331511408968981) Importer(815301076,1909f56bfc062723c751e8b465ee728b)
Start importing Assets/Models & Prefabs/Models/Downloaded_Assets/Korea_TreasureProps/Textures/T_067_Kettle_AO.png using Guid(abc00000000009666331511408968981) Importer(815301076,1909f56bfc062723c751e8b465ee728b) (PreviewImporter) -> (artifact id: 'a565cd6335ff9c2cfbb90b37a74aa8e4') in 0.0233143 seconds
Number of updated asset objects reloaded before import = 0Number of asset objects unloaded after import = 2

========================================================================
Received Import Request.
  Time since last request: 0.030285 seconds.
  path: Assets/Models & Prefabs/Models/Downloaded_Assets/Awesome_Lamp_Collection/Materials/Lamp_16
  artifactKey: Guid(c1611eed3bbdfcf4187ebf7b95ab6c6e) Importer(815301076,1909f56bfc062723c751e8b465ee728b)
Start importing Assets/Models & Prefabs/Models/Downloaded_Assets/Awesome_Lamp_Collection/Materials/Lamp_16 using Guid(c1611eed3bbdfcf4187ebf7b95ab6c6e) Importer(815301076,1909f56bfc062723c751e8b465ee728b) (PreviewImporter) -> (artifact id: '3632572196e8397c3c2176b3a9195b93') in 0.0007336 seconds
Number of updated asset objects reloaded before import = 0Number of asset objects unloaded after import = 0

========================================================================
Received Import Request.
  Time since last request: 0.009456 seconds.
  path: Assets/Materials and Textures/Downloaded/YughuesFreeGroundMaterials/YughuesFreeGroundMaterials_URP.unitypackage
  artifactKey: Guid(aa322bfa09c38b746b2b10567d1fd509) Importer(815301076,1909f56bfc062723c751e8b465ee728b)
Start importing Assets/Materials and Textures/Downloaded/YughuesFreeGroundMaterials/YughuesFreeGroundMaterials_URP.unitypackage using Guid(aa322bfa09c38b746b2b10567d1fd509) Importer(815301076,1909f56bfc062723c751e8b465ee728b) (PreviewImporter) -> (artifact id: 'ad87271eb03731a42d5cccd78308e138') in 0.001448 seconds
Number of updated asset objects reloaded before import = 0Number of asset objects unloaded after import = 1

========================================================================
Received Import Request.
  Time since last request: 0.005231 seconds.
  path: Assets/Models & Prefabs/Walls and Floors/Models/Stone/materials/Wall-Stone-Model-02.png
  artifactKey: Guid(e97b3d3aca7226f4ca436e792a53f4b1) Importer(815301076,1909f56bfc062723c751e8b465ee728b)
Start importing Assets/Models & Prefabs/Walls and Floors/Models/Stone/materials/Wall-Stone-Model-02.png using Guid(e97b3d3aca7226f4ca436e792a53f4b1) Importer(815301076,1909f56bfc062723c751e8b465ee728b) (PreviewImporter) -> (artifact id: '83b1e87494f2cdcb50f575d86d51d01d') in 0.0149678 seconds
Number of updated asset objects reloaded before import = 0Number of asset objects unloaded after import = 2

========================================================================
Received Import Request.
  Time since last request: 0.054726 seconds.
  path: Assets/Materials and Textures/Downloaded/YughuesFreeGroundMaterials/Textures/T_YFGM_Burnt_d.tga
  artifactKey: Guid(18f6feff6241adc44aeef8c7c1b26327) Importer(815301076,1909f56bfc062723c751e8b465ee728b)
Start importing Assets/Materials and Textures/Downloaded/YughuesFreeGroundMaterials/Textures/T_YFGM_Burnt_d.tga using Guid(18f6feff6241adc44aeef8c7c1b26327) Importer(815301076,1909f56bfc062723c751e8b465ee728b) (PreviewImporter) -> (artifact id: '2c9d6f5525a1198b0a41b792e2f1c529') in 0.0290763 seconds
Number of updated asset objects reloaded before import = 0Number of asset objects unloaded after import = 2

========================================================================
Received Import Request.
  Time since last request: 0.003837 seconds.
  path: Assets/Models & Prefabs/Walls and Floors/Prefabs/Stone
  artifactKey: Guid(aeb80289b42df884e95032d0a2ab4ff1) Importer(815301076,1909f56bfc062723c751e8b465ee728b)
Start importing Assets/Models & Prefabs/Walls and Floors/Prefabs/Stone using Guid(aeb80289b42df884e95032d0a2ab4ff1) Importer(815301076,1909f56bfc062723c751e8b465ee728b) (PreviewImporter) -> (artifact id: '5a3cd9efc09803ac40cc01cdfa29b507') in 0.0009042 seconds
Number of updated asset objects reloaded before import = 0Number of asset objects unloaded after import = 0

========================================================================
Received Import Request.
  Time since last request: 0.036282 seconds.
  path: Assets/Models & Prefabs/Models/Downloaded_Assets/DungeonModularPack/Prefabs/Pillar_B.prefab
  artifactKey: Guid(d2670d0ea7d6e7f4cb7e6be1a5541d46) Importer(815301076,1909f56bfc062723c751e8b465ee728b)
Start importing Assets/Models & Prefabs/Models/Downloaded_Assets/DungeonModularPack/Prefabs/Pillar_B.prefab using Guid(d2670d0ea7d6e7f4cb7e6be1a5541d46) Importer(815301076,1909f56bfc062723c751e8b465ee728b) (PreviewImporter) -> (artifact id: '09c674a3df37f0f4d068c1c12e12041c') in 0.0244945 seconds
Number of updated asset objects reloaded before import = 0Number of asset objects unloaded after import = 18

========================================================================
Received Import Request.
  Time since last request: 0.036145 seconds.
  path: Assets/Materials and Textures/Downloaded/Checker_Tile/Tiles074_1K-JPG.tres
  artifactKey: Guid(75b36c05cc5f85b4dbfc1ab16a46b615) Importer(815301076,1909f56bfc062723c751e8b465ee728b)
Start importing Assets/Materials and Textures/Downloaded/Checker_Tile/Tiles074_1K-JPG.tres using Guid(75b36c05cc5f85b4dbfc1ab16a46b615) Importer(815301076,1909f56bfc062723c751e8b465ee728b) (PreviewImporter) -> (artifact id: 'fae4e2aa8cd0d97810fe5a41f4a4955e') in 0.0016396 seconds
Number of updated asset objects reloaded before import = 0Number of asset objects unloaded after import = 1

========================================================================
Received Import Request.
  Time since last request: 0.037002 seconds.
  path: Assets/Models & Prefabs/Models/Downloaded_Assets/Awesome_Lamp_Collection/Textures/Lamp20.3/Lamp20.3_Normal.png
  artifactKey: Guid(79f19f26419cae341af742c83fba143b) Importer(815301076,1909f56bfc062723c751e8b465ee728b)
Start importing Assets/Models & Prefabs/Models/Downloaded_Assets/Awesome_Lamp_Collection/Textures/Lamp20.3/Lamp20.3_Normal.png using Guid(79f19f26419cae341af742c83fba143b) Importer(815301076,1909f56bfc062723c751e8b465ee728b) (PreviewImporter) -> (artifact id: '32b06921f6ad024b0393cf3166995a1e') in 0.034774 seconds
Number of updated asset objects reloaded before import = 0Number of asset objects unloaded after import = 2

========================================================================
Received Import Request.
  Time since last request: 0.088574 seconds.
  path: Assets/Models & Prefabs/Walls and Floors/Models/Wood/materials/Floor-Wood-Model-02.png
  artifactKey: Guid(5ca38be5f0c1e85438fd46c989a9e4fe) Importer(815301076,1909f56bfc062723c751e8b465ee728b)
Start importing Assets/Models & Prefabs/Walls and Floors/Models/Wood/materials/Floor-Wood-Model-02.png using Guid(5ca38be5f0c1e85438fd46c989a9e4fe) Importer(815301076,1909f56bfc062723c751e8b465ee728b) (PreviewImporter) -> (artifact id: 'fff5b9a3c3f6001f3220b7c2228273fc') in 0.0168564 seconds
Number of updated asset objects reloaded before import = 0Number of asset objects unloaded after import = 2

========================================================================
Received Import Request.
  Time since last request: 0.013784 seconds.
  path: Assets/Materials and Textures/Downloaded/YughuesFreeGroundMaterials/Textures/T_YFGM_GroundStones02_n.tga
  artifactKey: Guid(0cc1f3f3813e841468c590bb0a716d1b) Importer(815301076,1909f56bfc062723c751e8b465ee728b)
Start importing Assets/Materials and Textures/Downloaded/YughuesFreeGroundMaterials/Textures/T_YFGM_GroundStones02_n.tga using Guid(0cc1f3f3813e841468c590bb0a716d1b) Importer(815301076,1909f56bfc062723c751e8b465ee728b) (PreviewImporter) -> (artifact id: 'bf81dbf61a6b8dcc65f170afcf329beb') in 0.0204191 seconds
Number of updated asset objects reloaded before import = 0Number of asset objects unloaded after import = 2

========================================================================
Received Import Request.
  Time since last request: 0.003958 seconds.
  path: Assets/Models & Prefabs/Models/Downloaded_Assets/Awesome_Lamp_Collection/Materials/Lamp_17
  artifactKey: Guid(113da41a69502904a9a23abd94b1b72e) Importer(815301076,1909f56bfc062723c751e8b465ee728b)
Start importing Assets/Models & Prefabs/Models/Downloaded_Assets/Awesome_Lamp_Collection/Materials/Lamp_17 using Guid(113da41a69502904a9a23abd94b1b72e) Importer(815301076,1909f56bfc062723c751e8b465ee728b) (PreviewImporter) -> (artifact id: 'cf553cde2ce02d76ad969d0f716165a8') in 0.0007116 seconds
Number of updated asset objects reloaded before import = 0Number of asset objects unloaded after import = 0

========================================================================
Received Import Request.
  Time since last request: 0.004782 seconds.
  path: Assets/Models & Prefabs/Models/Downloaded_Assets/Floreswa/Materials/Ground.mat
  artifactKey: Guid(92848bee8192d9c41a9db5946d3ef45c) Importer(815301076,1909f56bfc062723c751e8b465ee728b)
Start importing Assets/Models & Prefabs/Models/Downloaded_Assets/Floreswa/Materials/Ground.mat using Guid(92848bee8192d9c41a9db5946d3ef45c) Importer(815301076,1909f56bfc062723c751e8b465ee728b) (PreviewImporter) -> (artifact id: '72fe4a8fd4874639516d80586b8c4cdb') in 0.0081336 seconds
Number of updated asset objects reloaded before import = 0Number of asset objects unloaded after import = 1

========================================================================
Received Import Request.
  Time since last request: 0.006102 seconds.
  path: Assets/Models & Prefabs/Models/Downloaded_Assets/DungeonModularPack/Meshes/Step_A.fbx
  artifactKey: Guid(f63d02294ea68c14aae7768c670bfe03) Importer(815301076,1909f56bfc062723c751e8b465ee728b)
Start importing Assets/Models & Prefabs/Models/Downloaded_Assets/DungeonModularPack/Meshes/Step_A.fbx using Guid(f63d02294ea68c14aae7768c670bfe03) Importer(815301076,1909f56bfc062723c751e8b465ee728b) (PreviewImporter) -> (artifact id: '10e99e1691764db146eec68947bbc1f6') in 0.021622 seconds
Number of updated asset objects reloaded before import = 0Number of asset objects unloaded after import = 7

========================================================================
Received Import Request.
  Time since last request: 0.092077 seconds.
  path: Assets/Models & Prefabs/Models/Downloaded_Assets/Korea_TreasureProps/Textures/T_011_Statue_of_the_Buddha_002_NM.png
  artifactKey: Guid(abc00000000011807072623472768793) Importer(815301076,1909f56bfc062723c751e8b465ee728b)
Start importing Assets/Models & Prefabs/Models/Downloaded_Assets/Korea_TreasureProps/Textures/T_011_Statue_of_the_Buddha_002_NM.png using Guid(abc00000000011807072623472768793) Importer(815301076,1909f56bfc062723c751e8b465ee728b) (PreviewImporter) -> (artifact id: '0f0187432956d645b5a4ee22b0ce34a1') in 0.0225621 seconds
Number of updated asset objects reloaded before import = 0Number of asset objects unloaded after import = 2

========================================================================
Received Import Request.
  Time since last request: 0.004762 seconds.
  path: Assets/Models & Prefabs/Models/Downloaded_Assets/DungeonModularPack/Meshes/Wall_B.fbx
  artifactKey: Guid(dc4f94dd759a9b141a7411b1144b2de2) Importer(815301076,1909f56bfc062723c751e8b465ee728b)
Start importing Assets/Models & Prefabs/Models/Downloaded_Assets/DungeonModularPack/Meshes/Wall_B.fbx using Guid(dc4f94dd759a9b141a7411b1144b2de2) Importer(815301076,1909f56bfc062723c751e8b465ee728b) (PreviewImporter) -> (artifact id: 'f24a350e68968f7d0992bb1561b6038d') in 0.0236346 seconds
Number of updated asset objects reloaded before import = 0Number of asset objects unloaded after import = 7

========================================================================
Received Import Request.
  Time since last request: 0.008533 seconds.
  path: Assets/Models & Prefabs/Walls and Floors/Models/Wood/materials/Door-Wood-Model-03.mat
  artifactKey: Guid(1ffecb36c5f325d4289432ab17cc12ae) Importer(815301076,1909f56bfc062723c751e8b465ee728b)
Start importing Assets/Models & Prefabs/Walls and Floors/Models/Wood/materials/Door-Wood-Model-03.mat using Guid(1ffecb36c5f325d4289432ab17cc12ae) Importer(815301076,1909f56bfc062723c751e8b465ee728b) (PreviewImporter) -> (artifact id: '328a76146e70563be5671e40080f5293') in 0.0203833 seconds
Number of updated asset objects reloaded before import = 0Number of asset objects unloaded after import = 3

========================================================================
Received Import Request.
  Time since last request: 0.019091 seconds.
  path: Assets/Models & Prefabs/Walls and Floors/Prefabs/Wood/Walls/Wall-Wood (10).prefab
  artifactKey: Guid(fdec2343e28e33541bc788a20ed6fa4a) Importer(815301076,1909f56bfc062723c751e8b465ee728b)
Start importing Assets/Models & Prefabs/Walls and Floors/Prefabs/Wood/Walls/Wall-Wood (10).prefab using Guid(fdec2343e28e33541bc788a20ed6fa4a) Importer(815301076,1909f56bfc062723c751e8b465ee728b) (PreviewImporter) -> (artifact id: 'bfb0d3df4e9cf875614cb4d1d08c33db') in 0.0023669 seconds
Number of updated asset objects reloaded before import = 0Number of asset objects unloaded after import = 7

========================================================================
Received Import Request.
  Time since last request: 0.003359 seconds.
  path: Assets/Skybox/QMS - Cartoon Skybox Pack FREE/Materials
  artifactKey: Guid(7b27a5529ebf3ad4f95af0a97cb128fd) Importer(815301076,1909f56bfc062723c751e8b465ee728b)
Start importing Assets/Skybox/QMS - Cartoon Skybox Pack FREE/Materials using Guid(7b27a5529ebf3ad4f95af0a97cb128fd) Importer(815301076,1909f56bfc062723c751e8b465ee728b) (PreviewImporter) -> (artifact id: '56f8656df66c33337d07288ce8c263d7') in 0.0006266 seconds
Number of updated asset objects reloaded before import = 0Number of asset objects unloaded after import = 0

========================================================================
Received Import Request.
  Time since last request: 0.031174 seconds.
  path: Assets/Models & Prefabs/Walls and Floors/Models/Stone/materials/Corner-Stone-Model-02.png
  artifactKey: Guid(a524bafa3eec40c47aea196bf7b64767) Importer(815301076,1909f56bfc062723c751e8b465ee728b)
Start importing Assets/Models & Prefabs/Walls and Floors/Models/Stone/materials/Corner-Stone-Model-02.png using Guid(a524bafa3eec40c47aea196bf7b64767) Importer(815301076,1909f56bfc062723c751e8b465ee728b) (PreviewImporter) -> (artifact id: '2ae9b115134caff7ad9befa1350793cb') in 0.0169292 seconds
Number of updated asset objects reloaded before import = 0Number of asset objects unloaded after import = 2

========================================================================
Received Import Request.
  Time since last request: 0.004821 seconds.
  path: Assets/Models & Prefabs/Models/Downloaded_Assets/Korea_TreasureProps/Prefabs/Sets/SM_058_CupSet.prefab
  artifactKey: Guid(4f29c325ed2916e40bb7e2ecab0abdcd) Importer(815301076,1909f56bfc062723c751e8b465ee728b)
Start importing Assets/Models & Prefabs/Models/Downloaded_Assets/Korea_TreasureProps/Prefabs/Sets/SM_058_CupSet.prefab using Guid(4f29c325ed2916e40bb7e2ecab0abdcd) Importer(815301076,1909f56bfc062723c751e8b465ee728b) (PreviewImporter) -> (artifact id: '3ad4c81f31e4d123722974065a5d985f') in 0.0027289 seconds
Number of updated asset objects reloaded before import = 0Number of asset objects unloaded after import = 8

========================================================================
Received Import Request.
  Time since last request: 0.007102 seconds.
  path: Assets/Materials and Textures/Downloaded/YughuesFreeGroundMaterials/Preview/Sc_Preview/Lightmap-0_comp_light.exr
  artifactKey: Guid(89d714fb88a52bc4fbef0ccfa9303bd8) Importer(815301076,1909f56bfc062723c751e8b465ee728b)
Start importing Assets/Materials and Textures/Downloaded/YughuesFreeGroundMaterials/Preview/Sc_Preview/Lightmap-0_comp_light.exr using Guid(89d714fb88a52bc4fbef0ccfa9303bd8) Importer(815301076,1909f56bfc062723c751e8b465ee728b) (PreviewImporter) -> (artifact id: '2adced86ff03f94eeb0bf9471aa492a1') in 0.0479372 seconds
Number of updated asset objects reloaded before import = 0Number of asset objects unloaded after import = 2

========================================================================
Received Import Request.
  Time since last request: 0.019112 seconds.
  path: Assets/Models & Prefabs/Walls and Floors/Models/Wood/materials/Door-Wood-Model-01.png
  artifactKey: Guid(4060538865d89f244846f234cb47d4c2) Importer(815301076,1909f56bfc062723c751e8b465ee728b)
Start importing Assets/Models & Prefabs/Walls and Floors/Models/Wood/materials/Door-Wood-Model-01.png using Guid(4060538865d89f244846f234cb47d4c2) Importer(815301076,1909f56bfc062723c751e8b465ee728b) (PreviewImporter) -> (artifact id: 'abf05afe03f2b3d381f991bc8cf493a3') in 0.0167094 seconds
Number of updated asset objects reloaded before import = 0Number of asset objects unloaded after import = 2

========================================================================
Received Import Request.
  Time since last request: 0.023753 seconds.
  path: Assets/Models & Prefabs/Models/Downloaded_Assets/Awesome_Lamp_Collection/Textures/Lamp16.1/Lamp16.1_MetallicSmoothness.png
  artifactKey: Guid(59d13e14b2876a848ba4c95042433e86) Importer(815301076,1909f56bfc062723c751e8b465ee728b)
Start importing Assets/Models & Prefabs/Models/Downloaded_Assets/Awesome_Lamp_Collection/Textures/Lamp16.1/Lamp16.1_MetallicSmoothness.png using Guid(59d13e14b2876a848ba4c95042433e86) Importer(815301076,1909f56bfc062723c751e8b465ee728b) (PreviewImporter) -> (artifact id: '4aecbe0bfd46d0811b9aacf2c4d9c589') in 0.0223084 seconds
Number of updated asset objects reloaded before import = 0Number of asset objects unloaded after import = 2

========================================================================
Received Import Request.
  Time since last request: 0.006010 seconds.
  path: Assets/Models & Prefabs/Models/Downloaded_Assets/Floreswa/Prefabs/male_01_1_controller.controller
  artifactKey: Guid(97302f9b94ca3a74da6b7cd215b47267) Importer(815301076,1909f56bfc062723c751e8b465ee728b)
Start importing Assets/Models & Prefabs/Models/Downloaded_Assets/Floreswa/Prefabs/male_01_1_controller.controller using Guid(97302f9b94ca3a74da6b7cd215b47267) Importer(815301076,1909f56bfc062723c751e8b465ee728b) (PreviewImporter) -> (artifact id: 'c74b6961acbc7f7e53b5825fc5dc9a5c') in 0.0023305 seconds
Number of updated asset objects reloaded before import = 0Number of asset objects unloaded after import = 3

========================================================================
Received Import Request.
  Time since last request: 0.016138 seconds.
  path: Assets/Models & Prefabs/Walls and Floors/Models/Wood/materials/Wall-Wood-Model-08.png
  artifactKey: Guid(b8e381cbde763c447b317ef7d4355712) Importer(815301076,1909f56bfc062723c751e8b465ee728b)
Start importing Assets/Models & Prefabs/Walls and Floors/Models/Wood/materials/Wall-Wood-Model-08.png using Guid(b8e381cbde763c447b317ef7d4355712) Importer(815301076,1909f56bfc062723c751e8b465ee728b) (PreviewImporter) -> (artifact id: 'b42b4780061d10e272513a67ef7f06de') in 0.0199514 seconds
Number of updated asset objects reloaded before import = 0Number of asset objects unloaded after import = 2

========================================================================
Received Import Request.
  Time since last request: 0.015121 seconds.
  path: Assets/Models & Prefabs/Models/Downloaded_Assets/Korea_TreasureProps/Prefabs/SM_011_Statue_of_the_Buddha_002.prefab
  artifactKey: Guid(3832eaa439b50e047b854946c7ae62c1) Importer(815301076,1909f56bfc062723c751e8b465ee728b)
Start importing Assets/Models & Prefabs/Models/Downloaded_Assets/Korea_TreasureProps/Prefabs/SM_011_Statue_of_the_Buddha_002.prefab using Guid(3832eaa439b50e047b854946c7ae62c1) Importer(815301076,1909f56bfc062723c751e8b465ee728b) (PreviewImporter) -> (artifact id: '361325f6854d1d4a8956c220af7666b0') in 0.0359654 seconds
Number of updated asset objects reloaded before import = 0Number of asset objects unloaded after import = 13

========================================================================
Received Import Request.
  Time since last request: 0.002915 seconds.
  path: Assets/Models & Prefabs
  artifactKey: Guid(3baf72c9535a3944995a411696f4da0f) Importer(815301076,1909f56bfc062723c751e8b465ee728b)
Start importing Assets/Models & Prefabs using Guid(3baf72c9535a3944995a411696f4da0f) Importer(815301076,1909f56bfc062723c751e8b465ee728b) (PreviewImporter) -> (artifact id: 'd5de844532f6017ca6dac7c37801de5b') in 0.0008847 seconds
Number of updated asset objects reloaded before import = 0Number of asset objects unloaded after import = 0

========================================================================
Received Import Request.
  Time since last request: 0.013916 seconds.
  path: Assets/Models & Prefabs/Walls and Floors/Models/Wood/materials/Wall-Wood-Model-12.mat
  artifactKey: Guid(db22b3bd37f6220479b2d443a523f0b8) Importer(815301076,1909f56bfc062723c751e8b465ee728b)
Start importing Assets/Models & Prefabs/Walls and Floors/Models/Wood/materials/Wall-Wood-Model-12.mat using Guid(db22b3bd37f6220479b2d443a523f0b8) Importer(815301076,1909f56bfc062723c751e8b465ee728b) (PreviewImporter) -> (artifact id: 'e92153ab8f160dbe84fba7cd6a712e03') in 0.0204954 seconds
Number of updated asset objects reloaded before import = 0Number of asset objects unloaded after import = 3

========================================================================
Received Import Request.
  Time since last request: 0.060401 seconds.
  path: Assets/Models & Prefabs/Models/Downloaded_Assets/ithappy/Animals_FREE/Materials/Tiger_2.mat
  artifactKey: Guid(3e7bb4b1bcf84bb40a66ec58833b06df) Importer(815301076,1909f56bfc062723c751e8b465ee728b)
Start importing Assets/Models & Prefabs/Models/Downloaded_Assets/ithappy/Animals_FREE/Materials/Tiger_2.mat using Guid(3e7bb4b1bcf84bb40a66ec58833b06df) Importer(815301076,1909f56bfc062723c751e8b465ee728b) (PreviewImporter) -> (artifact id: 'fcbcb2063f1b91be180aaeb2bd000f69') in 0.0203401 seconds
Number of updated asset objects reloaded before import = 0Number of asset objects unloaded after import = 2

========================================================================
Received Import Request.
  Time since last request: 0.016817 seconds.
  path: Assets/Materials and Textures/Downloaded/YughuesFreeFlooringMaterials/Preview/Sc_YFFlM_Preview/LightingData.asset
  artifactKey: Guid(21192fc02a919fb4c92d8d0c70f4cd3f) Importer(815301076,1909f56bfc062723c751e8b465ee728b)
Start importing Assets/Materials and Textures/Downloaded/YughuesFreeFlooringMaterials/Preview/Sc_YFFlM_Preview/LightingData.asset using Guid(21192fc02a919fb4c92d8d0c70f4cd3f) Importer(815301076,1909f56bfc062723c751e8b465ee728b) (PreviewImporter) -> (artifact id: '08fa1482b557564c218549f3ed5d1a1d') in 0.0157455 seconds
Number of updated asset objects reloaded before import = 0Number of asset objects unloaded after import = 2

========================================================================
Received Import Request.
  Time since last request: 0.013388 seconds.
  path: Assets/Models & Prefabs/Walls and Floors/Models/Stone/Wall-Stone-Model-01.fbx
  artifactKey: Guid(c8a232c4315f1124082197104feffe9f) Importer(815301076,1909f56bfc062723c751e8b465ee728b)
Start importing Assets/Models & Prefabs/Walls and Floors/Models/Stone/Wall-Stone-Model-01.fbx using Guid(c8a232c4315f1124082197104feffe9f) Importer(815301076,1909f56bfc062723c751e8b465ee728b) (PreviewImporter) -> (artifact id: '40760ed85ce8cd85260f7767dfa444e0') in 0.0214706 seconds
Number of updated asset objects reloaded before import = 0Number of asset objects unloaded after import = 9

========================================================================
Received Import Request.
  Time since last request: 0.053875 seconds.
  path: Assets/Audio
  artifactKey: Guid(f75d78b9b420f50469008101ce37ae01) Importer(815301076,1909f56bfc062723c751e8b465ee728b)
Start importing Assets/Audio using Guid(f75d78b9b420f50469008101ce37ae01) Importer(815301076,1909f56bfc062723c751e8b465ee728b) (PreviewImporter) -> (artifact id: '44ebbca770ba6e4faa5bf316668c10e8') in 0.0006812 seconds
Number of updated asset objects reloaded before import = 0Number of asset objects unloaded after import = 0

========================================================================
Received Import Request.
  Time since last request: 0.008814 seconds.
  path: Assets/Models & Prefabs/Models/Downloaded_Assets/Korea_TreasureProps/Meshes/SM_009_Statue_of_the_Buddha.fbx
  artifactKey: Guid(c3e6417b5b40f084a90a0545c95ec62a) Importer(815301076,1909f56bfc062723c751e8b465ee728b)
Start importing Assets/Models & Prefabs/Models/Downloaded_Assets/Korea_TreasureProps/Meshes/SM_009_Statue_of_the_Buddha.fbx using Guid(c3e6417b5b40f084a90a0545c95ec62a) Importer(815301076,1909f56bfc062723c751e8b465ee728b) (PreviewImporter) -> (artifact id: '50b0cc78f4992babd061d1a33ba9aa75') in 0.026373 seconds
Number of updated asset objects reloaded before import = 0Number of asset objects unloaded after import = 12

========================================================================
Received Import Request.
  Time since last request: 0.010572 seconds.
  path: Assets/Materials and Textures/Downloaded/YughuesFreeGroundMaterials/Textures/T_YFGM_Lava_s.tga
  artifactKey: Guid(dd3e12e5c2091284ca2f0d79eeb0401f) Importer(815301076,1909f56bfc062723c751e8b465ee728b)
Start importing Assets/Materials and Textures/Downloaded/YughuesFreeGroundMaterials/Textures/T_YFGM_Lava_s.tga using Guid(dd3e12e5c2091284ca2f0d79eeb0401f) Importer(815301076,1909f56bfc062723c751e8b465ee728b) (PreviewImporter) -> (artifact id: '0b6d91ff9d8a99fa348af8abbeed079b') in 0.0167147 seconds
Number of updated asset objects reloaded before import = 0Number of asset objects unloaded after import = 2

========================================================================
Received Import Request.
  Time since last request: 0.010356 seconds.
  path: Assets/Materials and Textures/Downloaded/YughuesFreeGroundMaterials/Textures/T_YFGM_SoilMoss_n.tga
  artifactKey: Guid(2ed73659d93400045b6afdea43d7c6af) Importer(815301076,1909f56bfc062723c751e8b465ee728b)
Start importing Assets/Materials and Textures/Downloaded/YughuesFreeGroundMaterials/Textures/T_YFGM_SoilMoss_n.tga using Guid(2ed73659d93400045b6afdea43d7c6af) Importer(815301076,1909f56bfc062723c751e8b465ee728b) (PreviewImporter) -> (artifact id: '91c828411a5088dd2e08660b373dcdbb') in 0.0177727 seconds
Number of updated asset objects reloaded before import = 0Number of asset objects unloaded after import = 2

========================================================================
Received Import Request.
  Time since last request: 0.005074 seconds.
  path: Assets/Models & Prefabs/Models/Downloaded_Assets/DungeonModularPack/Meshes/Tile_A.fbx
  artifactKey: Guid(56351ca12b627de41b48b41f8ba47ebc) Importer(815301076,1909f56bfc062723c751e8b465ee728b)
Start importing Assets/Models & Prefabs/Models/Downloaded_Assets/DungeonModularPack/Meshes/Tile_A.fbx using Guid(56351ca12b627de41b48b41f8ba47ebc) Importer(815301076,1909f56bfc062723c751e8b465ee728b) (PreviewImporter) -> (artifact id: '864015c0e86601e376f0c5b960614eb7') in 0.0275472 seconds
Number of updated asset objects reloaded before import = 0Number of asset objects unloaded after import = 7

========================================================================
Received Import Request.
  Time since last request: 0.005436 seconds.
  path: Assets/Models & Prefabs/Walls and Floors/Models/Stone/Wall-Stone-Model-09.fbx
  artifactKey: Guid(7d15d5e86b6abe149aae4a97839483bd) Importer(815301076,1909f56bfc062723c751e8b465ee728b)
Start importing Assets/Models & Prefabs/Walls and Floors/Models/Stone/Wall-Stone-Model-09.fbx using Guid(7d15d5e86b6abe149aae4a97839483bd) Importer(815301076,1909f56bfc062723c751e8b465ee728b) (PreviewImporter) -> (artifact id: '03f22fe8fd7c189afc369710e9dfdb7e') in 0.0222719 seconds
Number of updated asset objects reloaded before import = 0Number of asset objects unloaded after import = 9

========================================================================
Received Import Request.
  Time since last request: 0.010058 seconds.
  path: Assets/Animation/Motions/talking_2.anim
  artifactKey: Guid(3794d0e78cbfbf344889a5330159f559) Importer(815301076,1909f56bfc062723c751e8b465ee728b)
Start importing Assets/Animation/Motions/talking_2.anim using Guid(3794d0e78cbfbf344889a5330159f559) Importer(815301076,1909f56bfc062723c751e8b465ee728b) (PreviewImporter) -> (artifact id: '324e057cf01eb3de275bf9a03dac1aff') in 0.0175301 seconds
Number of updated asset objects reloaded before import = 0Number of asset objects unloaded after import = 1

========================================================================
Received Import Request.
  Time since last request: 0.016032 seconds.
  path: Assets/TextMesh Pro/Sprites/EmojiOne Attribution.txt
  artifactKey: Guid(381dcb09d5029d14897e55f98031fca5) Importer(815301076,1909f56bfc062723c751e8b465ee728b)
Start importing Assets/TextMesh Pro/Sprites/EmojiOne Attribution.txt using Guid(381dcb09d5029d14897e55f98031fca5) Importer(815301076,1909f56bfc062723c751e8b465ee728b) (PreviewImporter) -> (artifact id: '4bafe191e46809226dc0a36b2782ce8e') in 0.0015018 seconds
Number of updated asset objects reloaded before import = 0Number of asset objects unloaded after import = 1

========================================================================
Received Import Request.
  Time since last request: 0.003846 seconds.
  path: Assets/Models & Prefabs/Models/Downloaded_Assets/ithappy/Animals_FREE/Scripts/PlayerCamera.cs
  artifactKey: Guid(6e64ae1274b15fa4fbea3733685f5b29) Importer(815301076,1909f56bfc062723c751e8b465ee728b)
Start importing Assets/Models & Prefabs/Models/Downloaded_Assets/ithappy/Animals_FREE/Scripts/PlayerCamera.cs using Guid(6e64ae1274b15fa4fbea3733685f5b29) Importer(815301076,1909f56bfc062723c751e8b465ee728b) (PreviewImporter) -> (artifact id: '35ee0e43840660fa6cdfcf0756216daf') in 0.0206305 seconds
Number of updated asset objects reloaded before import = 0Number of asset objects unloaded after import = 0

========================================================================
Received Import Request.
  Time since last request: 0.012774 seconds.
  path: Assets/Models & Prefabs/Models/Downloaded_Assets/Korea_TreasureProps/Meshes/SM_039_Pot.fbx
  artifactKey: Guid(8e469e3341c46494b87027175c2b2776) Importer(815301076,1909f56bfc062723c751e8b465ee728b)
Start importing Assets/Models & Prefabs/Models/Downloaded_Assets/Korea_TreasureProps/Meshes/SM_039_Pot.fbx using Guid(8e469e3341c46494b87027175c2b2776) Importer(815301076,1909f56bfc062723c751e8b465ee728b) (PreviewImporter) -> (artifact id: '3b36c5637ee9f3bb1d596dda347657b9') in 0.0410618 seconds
Number of updated asset objects reloaded before import = 0Number of asset objects unloaded after import = 12

========================================================================
Received Import Request.
  Time since last request: 0.033031 seconds.
  path: Assets/Models & Prefabs/Walls and Floors/Models/Wood/materials/Floor-Wood-Model-02.mat
  artifactKey: Guid(b36f28aa57c7300419c58f3720d00952) Importer(815301076,1909f56bfc062723c751e8b465ee728b)
Start importing Assets/Models & Prefabs/Walls and Floors/Models/Wood/materials/Floor-Wood-Model-02.mat using Guid(b36f28aa57c7300419c58f3720d00952) Importer(815301076,1909f56bfc062723c751e8b465ee728b) (PreviewImporter) -> (artifact id: '1d1b1768724e8918b71e5f48fc38b0d0') in 0.0170765 seconds
Number of updated asset objects reloaded before import = 0Number of asset objects unloaded after import = 2

========================================================================
Received Import Request.
  Time since last request: 0.004803 seconds.
  path: Assets/Models & Prefabs/Walls and Floors/Models/Stone/materials/Corner-Stone-Model-01.png
  artifactKey: Guid(853428089451e744cb46c7d275ad0639) Importer(815301076,1909f56bfc062723c751e8b465ee728b)
Start importing Assets/Models & Prefabs/Walls and Floors/Models/Stone/materials/Corner-Stone-Model-01.png using Guid(853428089451e744cb46c7d275ad0639) Importer(815301076,1909f56bfc062723c751e8b465ee728b) (PreviewImporter) -> (artifact id: '02bd1ef04ff793560b4cb73e2309c2f9') in 0.0161401 seconds
Number of updated asset objects reloaded before import = 0Number of asset objects unloaded after import = 2

========================================================================
Received Import Request.
  Time since last request: 0.007846 seconds.
  path: Assets/Models & Prefabs/Models/Downloaded_Assets/DungeonModularPack/Textures/T_Torch_N.tga
  artifactKey: Guid(fe73c3b16c127b84298c75542c9925a5) Importer(815301076,1909f56bfc062723c751e8b465ee728b)
Start importing Assets/Models & Prefabs/Models/Downloaded_Assets/DungeonModularPack/Textures/T_Torch_N.tga using Guid(fe73c3b16c127b84298c75542c9925a5) Importer(815301076,1909f56bfc062723c751e8b465ee728b) (PreviewImporter) -> (artifact id: '10b36fab3fa308108f4086bce6f8252e') in 0.01717 seconds
Number of updated asset objects reloaded before import = 0Number of asset objects unloaded after import = 2

========================================================================
Received Import Request.
  Time since last request: 0.017428 seconds.
  path: Assets/Models & Prefabs/Models/Downloaded_Assets/Korea_TreasureProps/Prefabs/Sets/SM_039_PotSet.prefab
  artifactKey: Guid(86a0723943bb47b4bacb55f04aa326b4) Importer(815301076,1909f56bfc062723c751e8b465ee728b)
Start importing Assets/Models & Prefabs/Models/Downloaded_Assets/Korea_TreasureProps/Prefabs/Sets/SM_039_PotSet.prefab using Guid(86a0723943bb47b4bacb55f04aa326b4) Importer(815301076,1909f56bfc062723c751e8b465ee728b) (PreviewImporter) -> (artifact id: 'eceb1804d9a436c9cb966886a5c446a8') in 0.0256247 seconds
Number of updated asset objects reloaded before import = 0Number of asset objects unloaded after import = 23

========================================================================
Received Import Request.
  Time since last request: 0.008371 seconds.
  path: Assets/Skybox/QMS - Cartoon Skybox Pack FREE/Scripts/QMSSkyboxFREE.cs
  artifactKey: Guid(56f5de7ae076c194b9163dfa5b27fe73) Importer(815301076,1909f56bfc062723c751e8b465ee728b)
Start importing Assets/Skybox/QMS - Cartoon Skybox Pack FREE/Scripts/QMSSkyboxFREE.cs using Guid(56f5de7ae076c194b9163dfa5b27fe73) Importer(815301076,1909f56bfc062723c751e8b465ee728b) (PreviewImporter) -> (artifact id: '4f650566bb4c7b65b1046215b622f5a9') in 0.0014883 seconds
Number of updated asset objects reloaded before import = 0Number of asset objects unloaded after import = 0

========================================================================
Received Import Request.
  Time since last request: 0.024424 seconds.
  path: Assets/Models & Prefabs/Walls and Floors/Models/Wood/materials/Wall-Wood-Model-06.mat
  artifactKey: Guid(b2f7b06625d016645882d7041377502a) Importer(815301076,1909f56bfc062723c751e8b465ee728b)
Start importing Assets/Models & Prefabs/Walls and Floors/Models/Wood/materials/Wall-Wood-Model-06.mat using Guid(b2f7b06625d016645882d7041377502a) Importer(815301076,1909f56bfc062723c751e8b465ee728b) (PreviewImporter) -> (artifact id: '41ab6b2e5919d1b27b626c7edf31e424') in 0.0213678 seconds
Number of updated asset objects reloaded before import = 0Number of asset objects unloaded after import = 2

========================================================================
Received Import Request.
  Time since last request: 0.015984 seconds.
  path: Assets/Models & Prefabs/Models/Downloaded_Assets/Awesome_Lamp_Collection
  artifactKey: Guid(7136c73f108a7e1469927a2119b70843) Importer(815301076,1909f56bfc062723c751e8b465ee728b)
Start importing Assets/Models & Prefabs/Models/Downloaded_Assets/Awesome_Lamp_Collection using Guid(7136c73f108a7e1469927a2119b70843) Importer(815301076,1909f56bfc062723c751e8b465ee728b) (PreviewImporter) -> (artifact id: '3e653cb8a9d87dfa580c683ca4989b7f') in 0.0008249 seconds
Number of updated asset objects reloaded before import = 0Number of asset objects unloaded after import = 0

========================================================================
Received Import Request.
  Time since last request: 0.003782 seconds.
  path: Assets/Models & Prefabs/Models/Downloaded_Assets/Floreswa/Materials/Green.mat
  artifactKey: Guid(bb6a1d8e41e28024fa4a98bf0274dcee) Importer(815301076,1909f56bfc062723c751e8b465ee728b)
Start importing Assets/Models & Prefabs/Models/Downloaded_Assets/Floreswa/Materials/Green.mat using Guid(bb6a1d8e41e28024fa4a98bf0274dcee) Importer(815301076,1909f56bfc062723c751e8b465ee728b) (PreviewImporter) -> (artifact id: '5e0bb9bbdbb66d40f87297b1591302a5') in 0.0356682 seconds
Number of updated asset objects reloaded before import = 0Number of asset objects unloaded after import = 1

========================================================================
Received Import Request.
  Time since last request: 0.027339 seconds.
  path: Assets/Models & Prefabs/Walls and Floors/Prefabs/Stone/Doors
  artifactKey: Guid(a05221b2fd181c54b879864a4503c60d) Importer(815301076,1909f56bfc062723c751e8b465ee728b)
Start importing Assets/Models & Prefabs/Walls and Floors/Prefabs/Stone/Doors using Guid(a05221b2fd181c54b879864a4503c60d) Importer(815301076,1909f56bfc062723c751e8b465ee728b) (PreviewImporter) -> (artifact id: '280bce9fd3463a09108fc380ff479ea8') in 0.000789 seconds
Number of updated asset objects reloaded before import = 0Number of asset objects unloaded after import = 0

========================================================================
Received Import Request.
  Time since last request: 0.013538 seconds.
  path: Assets/Materials and Textures/Downloaded/YughuesFreeGroundMaterials/Textures/T_YFGM_Dry02_n.tga
  artifactKey: Guid(a0cac295b66d6454488fd53dc5337c7f) Importer(815301076,1909f56bfc062723c751e8b465ee728b)
Start importing Assets/Materials and Textures/Downloaded/YughuesFreeGroundMaterials/Textures/T_YFGM_Dry02_n.tga using Guid(a0cac295b66d6454488fd53dc5337c7f) Importer(815301076,1909f56bfc062723c751e8b465ee728b) (PreviewImporter) -> (artifact id: 'aa6f2b9ff1e293a73f93f6379a90b4b4') in 0.0248352 seconds
Number of updated asset objects reloaded before import = 0Number of asset objects unloaded after import = 2

========================================================================
Received Import Request.
  Time since last request: 0.034795 seconds.
  path: Assets/Models & Prefabs/Walls and Floors/Models/Wood/materials/Wall-Wood-Model-12.png
  artifactKey: Guid(bb57af78a7925424f8995714df58e71e) Importer(815301076,1909f56bfc062723c751e8b465ee728b)
Start importing Assets/Models & Prefabs/Walls and Floors/Models/Wood/materials/Wall-Wood-Model-12.png using Guid(bb57af78a7925424f8995714df58e71e) Importer(815301076,1909f56bfc062723c751e8b465ee728b) (PreviewImporter) -> (artifact id: '1539364fb5744340a9856326fbca79ae') in 0.0168352 seconds
Number of updated asset objects reloaded before import = 0Number of asset objects unloaded after import = 2

========================================================================
Received Import Request.
  Time since last request: 0.005557 seconds.
  path: Assets/TextMesh Pro/Shaders/TMP_SDF-Mobile-2-Pass.shader
  artifactKey: Guid(0178fcb869bafef4690d177d31d17db8) Importer(815301076,1909f56bfc062723c751e8b465ee728b)
Start importing Assets/TextMesh Pro/Shaders/TMP_SDF-Mobile-2-Pass.shader using Guid(0178fcb869bafef4690d177d31d17db8) Importer(815301076,1909f56bfc062723c751e8b465ee728b) (PreviewImporter) -> (artifact id: 'ad04a82abaab9a3811c33fb1518880c9') in 0.001687 seconds
Number of updated asset objects reloaded before import = 0Number of asset objects unloaded after import = 0

========================================================================
Received Import Request.
  Time since last request: 0.057665 seconds.
  path: Assets/Materials and Textures/Downloaded/YughuesFreeGroundMaterials/Textures/T_YFGM_Clay_d.tga
  artifactKey: Guid(d9627cf7a5dd45046abbd67f59904894) Importer(815301076,1909f56bfc062723c751e8b465ee728b)
Start importing Assets/Materials and Textures/Downloaded/YughuesFreeGroundMaterials/Textures/T_YFGM_Clay_d.tga using Guid(d9627cf7a5dd45046abbd67f59904894) Importer(815301076,1909f56bfc062723c751e8b465ee728b) (PreviewImporter) -> (artifact id: '4447605ef6851ca4d40d940ef203add0') in 0.019972 seconds
Number of updated asset objects reloaded before import = 0Number of asset objects unloaded after import = 2

========================================================================
Received Import Request.
  Time since last request: 0.017643 seconds.
  path: Assets/Models & Prefabs/Walls and Floors/Prefabs
  artifactKey: Guid(e4213956da99cf44c9dbc90e1cf857ab) Importer(815301076,1909f56bfc062723c751e8b465ee728b)
Start importing Assets/Models & Prefabs/Walls and Floors/Prefabs using Guid(e4213956da99cf44c9dbc90e1cf857ab) Importer(815301076,1909f56bfc062723c751e8b465ee728b) (PreviewImporter) -> (artifact id: '7d69393cf314e26355ba845b2475e9aa') in 0.0008814 seconds
Number of updated asset objects reloaded before import = 0Number of asset objects unloaded after import = 0

========================================================================
Received Import Request.
  Time since last request: 0.004260 seconds.
  path: Assets/Models & Prefabs/Walls and Floors/Prefabs/Wood/Walls/Wall-Wood (9).prefab
  artifactKey: Guid(05a0229e5b930744683bf9e247f3e363) Importer(815301076,1909f56bfc062723c751e8b465ee728b)
Start importing Assets/Models & Prefabs/Walls and Floors/Prefabs/Wood/Walls/Wall-Wood (9).prefab using Guid(05a0229e5b930744683bf9e247f3e363) Importer(815301076,1909f56bfc062723c751e8b465ee728b) (PreviewImporter) -> (artifact id: 'c91f171c73ba1dff9c8e60bcfa95782a') in 0.0031376 seconds
Number of updated asset objects reloaded before import = 0Number of asset objects unloaded after import = 7

========================================================================
Received Import Request.
  Time since last request: 0.004836 seconds.
  path: Assets/Models & Prefabs/Walls and Floors/Prefabs/Wood/Walls/Wall-Wood (3).prefab
  artifactKey: Guid(1975565c63a428b42a68f4a9c3cd9c8d) Importer(815301076,1909f56bfc062723c751e8b465ee728b)
Start importing Assets/Models & Prefabs/Walls and Floors/Prefabs/Wood/Walls/Wall-Wood (3).prefab using Guid(1975565c63a428b42a68f4a9c3cd9c8d) Importer(815301076,1909f56bfc062723c751e8b465ee728b) (PreviewImporter) -> (artifact id: '421fde231aa33fd9421ea98ee0e3dd89') in 0.0026818 seconds
Number of updated asset objects reloaded before import = 0Number of asset objects unloaded after import = 7

========================================================================
Received Import Request.
  Time since last request: 0.043914 seconds.
  path: Assets/Models & Prefabs/Models/Downloaded_Assets/Korea_TreasureProps/Textures/T_039_Pot_Lid_AO.png
  artifactKey: Guid(abc00000000014625104072044118945) Importer(815301076,1909f56bfc062723c751e8b465ee728b)
Start importing Assets/Models & Prefabs/Models/Downloaded_Assets/Korea_TreasureProps/Textures/T_039_Pot_Lid_AO.png using Guid(abc00000000014625104072044118945) Importer(815301076,1909f56bfc062723c751e8b465ee728b) (PreviewImporter) -> (artifact id: '2fe3ddcf57a39a72b6c7fbdce9e8b76f') in 0.0284042 seconds
Number of updated asset objects reloaded before import = 0Number of asset objects unloaded after import = 2

========================================================================
Received Import Request.
  Time since last request: 0.008615 seconds.
  path: Assets/Models & Prefabs/Models/Downloaded_Assets/ithappy/Animals_FREE/Textures/Texture.png
  artifactKey: Guid(5bf4d5ffdfd914a48be4d1bf61c86666) Importer(815301076,1909f56bfc062723c751e8b465ee728b)
Start importing Assets/Models & Prefabs/Models/Downloaded_Assets/ithappy/Animals_FREE/Textures/Texture.png using Guid(5bf4d5ffdfd914a48be4d1bf61c86666) Importer(815301076,1909f56bfc062723c751e8b465ee728b) (PreviewImporter) -> (artifact id: '5b1a0ae7b9e044aa73cd9548f2fbec3c') in 0.0335479 seconds
Number of updated asset objects reloaded before import = 0Number of asset objects unloaded after import = 2

========================================================================
Received Import Request.
  Time since last request: 0.022277 seconds.
  path: Assets/Models & Prefabs/Models/Downloaded_Assets/OlegWER/SkeletonsFreeSet/Textures/T_01.png
  artifactKey: Guid(7ae9c3b4cf382714e841337ebb218712) Importer(815301076,1909f56bfc062723c751e8b465ee728b)
Start importing Assets/Models & Prefabs/Models/Downloaded_Assets/OlegWER/SkeletonsFreeSet/Textures/T_01.png using Guid(7ae9c3b4cf382714e841337ebb218712) Importer(815301076,1909f56bfc062723c751e8b465ee728b) (PreviewImporter) -> (artifact id: '131c14efb1e1b20da26062716f98bb66') in 0.0261065 seconds
Number of updated asset objects reloaded before import = 0Number of asset objects unloaded after import = 2

========================================================================
Received Import Request.
  Time since last request: 0.034996 seconds.
  path: Assets/Materials and Textures/Downloaded/YughuesFreeGroundMaterials/Textures/T_YFGM_SoilGravel01_d.tga
  artifactKey: Guid(1237c43b955e9114b9584e6c031d4f7c) Importer(815301076,1909f56bfc062723c751e8b465ee728b)
Start importing Assets/Materials and Textures/Downloaded/YughuesFreeGroundMaterials/Textures/T_YFGM_SoilGravel01_d.tga using Guid(1237c43b955e9114b9584e6c031d4f7c) Importer(815301076,1909f56bfc062723c751e8b465ee728b) (PreviewImporter) -> (artifact id: 'd70bef167a359052715425f2df507fbd') in 0.0261892 seconds
Number of updated asset objects reloaded before import = 0Number of asset objects unloaded after import = 2

========================================================================
Received Import Request.
  Time since last request: 0.003943 seconds.
  path: Assets/Models & Prefabs/Walls and Floors/Models
  artifactKey: Guid(e582ed4c24b728e40a93880b5b5a0659) Importer(815301076,1909f56bfc062723c751e8b465ee728b)
Start importing Assets/Models & Prefabs/Walls and Floors/Models using Guid(e582ed4c24b728e40a93880b5b5a0659) Importer(815301076,1909f56bfc062723c751e8b465ee728b) (PreviewImporter) -> (artifact id: 'fd2da23f220008361bad6a6eba4495c3') in 0.0008534 seconds
Number of updated asset objects reloaded before import = 0Number of asset objects unloaded after import = 0

========================================================================
Received Import Request.
  Time since last request: 0.033535 seconds.
  path: Assets/TextMesh Pro/Shaders/TMP_Bitmap-Mobile.shader
  artifactKey: Guid(1e3b057af24249748ff873be7fafee47) Importer(815301076,1909f56bfc062723c751e8b465ee728b)
Start importing Assets/TextMesh Pro/Shaders/TMP_Bitmap-Mobile.shader using Guid(1e3b057af24249748ff873be7fafee47) Importer(815301076,1909f56bfc062723c751e8b465ee728b) (PreviewImporter) -> (artifact id: 'ca577696b75d6b5be421f570137abc57') in 0.0008543 seconds
Number of updated asset objects reloaded before import = 0Number of asset objects unloaded after import = 0

========================================================================
Received Import Request.
  Time since last request: 0.009981 seconds.
  path: Assets/Materials and Textures/Downloaded/YughuesFreeGroundMaterials/Textures/T_YFGM_SoilMoss_d.tga
  artifactKey: Guid(2f852b915350da64c9c37fec45a50846) Importer(815301076,1909f56bfc062723c751e8b465ee728b)
Start importing Assets/Materials and Textures/Downloaded/YughuesFreeGroundMaterials/Textures/T_YFGM_SoilMoss_d.tga using Guid(2f852b915350da64c9c37fec45a50846) Importer(815301076,1909f56bfc062723c751e8b465ee728b) (PreviewImporter) -> (artifact id: '7c1a7a78c836af8ebb0f11cf43c0a1a0') in 0.0178666 seconds
Number of updated asset objects reloaded before import = 0Number of asset objects unloaded after import = 2

========================================================================
Received Import Request.
  Time since last request: 0.025249 seconds.
  path: Assets/Models & Prefabs/Models/Downloaded_Assets/Awesome_Lamp_Collection/Materials/Lamp_16/Lamp_16.2.mat
  artifactKey: Guid(8b890d4270869534db3f733bc9f8526c) Importer(815301076,1909f56bfc062723c751e8b465ee728b)
Start importing Assets/Models & Prefabs/Models/Downloaded_Assets/Awesome_Lamp_Collection/Materials/Lamp_16/Lamp_16.2.mat using Guid(8b890d4270869534db3f733bc9f8526c) Importer(815301076,1909f56bfc062723c751e8b465ee728b) (PreviewImporter) -> (artifact id: '7dbc1d9aed6ce4cafb411fd5f3b6549f') in 0.048528 seconds
Number of updated asset objects reloaded before import = 0Number of asset objects unloaded after import = 1

========================================================================
Received Import Request.
  Time since last request: 0.009621 seconds.
  path: Assets/Materials and Textures/Downloaded/YughuesFreeGroundMaterials/Textures/T_YFGM_SoilGravel04_d.tga
  artifactKey: Guid(b29afc39cae886b4ca1931cdb9f5e068) Importer(815301076,1909f56bfc062723c751e8b465ee728b)
Start importing Assets/Materials and Textures/Downloaded/YughuesFreeGroundMaterials/Textures/T_YFGM_SoilGravel04_d.tga using Guid(b29afc39cae886b4ca1931cdb9f5e068) Importer(815301076,1909f56bfc062723c751e8b465ee728b) (PreviewImporter) -> (artifact id: '962a00bfaf5ffdfb1354bda153beac89') in 0.0175167 seconds
Number of updated asset objects reloaded before import = 0Number of asset objects unloaded after import = 2

========================================================================
Received Import Request.
  Time since last request: 0.011361 seconds.
  path: Assets/Materials and Textures/Downloaded/YughuesFreeGroundMaterials/Textures/T_YFGM_FrozenGrass_n.tga
  artifactKey: Guid(4eb970ceaacb7154f9d9c3ef26596dd4) Importer(815301076,1909f56bfc062723c751e8b465ee728b)
Start importing Assets/Materials and Textures/Downloaded/YughuesFreeGroundMaterials/Textures/T_YFGM_FrozenGrass_n.tga using Guid(4eb970ceaacb7154f9d9c3ef26596dd4) Importer(815301076,1909f56bfc062723c751e8b465ee728b) (PreviewImporter) -> (artifact id: '85161619b41743711ad123efd636764a') in 0.0183501 seconds
Number of updated asset objects reloaded before import = 0Number of asset objects unloaded after import = 2

========================================================================
Received Import Request.
  Time since last request: 0.036942 seconds.
  path: Assets/Materials and Textures/Downloaded/YughuesFreeGroundMaterials/Textures/T_YFGM_GroundStones02_d.tga
  artifactKey: Guid(f0158c9b9c1a613408ad9349d2b40d4a) Importer(815301076,1909f56bfc062723c751e8b465ee728b)
Start importing Assets/Materials and Textures/Downloaded/YughuesFreeGroundMaterials/Textures/T_YFGM_GroundStones02_d.tga using Guid(f0158c9b9c1a613408ad9349d2b40d4a) Importer(815301076,1909f56bfc062723c751e8b465ee728b) (PreviewImporter) -> (artifact id: '147d6881c1c76377fc4b7e50f32debb4') in 0.0187224 seconds
Number of updated asset objects reloaded before import = 0Number of asset objects unloaded after import = 2

========================================================================
Received Import Request.
  Time since last request: 0.033382 seconds.
  path: Assets/Materials and Textures/Downloaded/YughuesFreeGroundMaterials/Textures/T_YFGM_Salt_d.tga
  artifactKey: Guid(2682e3f9a8fda9842b24cdf0d63b5e5d) Importer(815301076,1909f56bfc062723c751e8b465ee728b)
Start importing Assets/Materials and Textures/Downloaded/YughuesFreeGroundMaterials/Textures/T_YFGM_Salt_d.tga using Guid(2682e3f9a8fda9842b24cdf0d63b5e5d) Importer(815301076,1909f56bfc062723c751e8b465ee728b) (PreviewImporter) -> (artifact id: '47e954363c00675323b98e1f5d698f0b') in 0.0203242 seconds
Number of updated asset objects reloaded before import = 0Number of asset objects unloaded after import = 2

========================================================================
Received Import Request.
  Time since last request: 0.018959 seconds.
  path: Assets/Materials and Textures/Downloaded/YughuesFreeGroundMaterials/Textures/T_YFGM_SoilGravel03_n.tga
  artifactKey: Guid(794e5d2e561448148b8175536c55b5ec) Importer(815301076,1909f56bfc062723c751e8b465ee728b)
Start importing Assets/Materials and Textures/Downloaded/YughuesFreeGroundMaterials/Textures/T_YFGM_SoilGravel03_n.tga using Guid(794e5d2e561448148b8175536c55b5ec) Importer(815301076,1909f56bfc062723c751e8b465ee728b) (PreviewImporter) -> (artifact id: '4f93d65448a49cc50118fa1adb2ec67c') in 0.0215528 seconds
Number of updated asset objects reloaded before import = 0Number of asset objects unloaded after import = 2

========================================================================
Received Import Request.
  Time since last request: 0.028289 seconds.
  path: Assets/Models & Prefabs/Models/Downloaded_Assets/Awesome_Lamp_Collection/Modells/Materials/Lamp_11.mat
  artifactKey: Guid(147030088c67423408f3901b35b9b964) Importer(815301076,1909f56bfc062723c751e8b465ee728b)
Start importing Assets/Models & Prefabs/Models/Downloaded_Assets/Awesome_Lamp_Collection/Modells/Materials/Lamp_11.mat using Guid(147030088c67423408f3901b35b9b964) Importer(815301076,1909f56bfc062723c751e8b465ee728b) (PreviewImporter) -> (artifact id: '68d776ae8fccb4cf2cc202b162c86aa8') in 0.008628 seconds
Number of updated asset objects reloaded before import = 0Number of asset objects unloaded after import = 1

========================================================================
Received Import Request.
  Time since last request: 0.021857 seconds.
  path: Assets/Materials and Textures/Downloaded/YughuesFreeGroundMaterials/Textures/T_YFGM_GroundStones01_d.tga
  artifactKey: Guid(58eafd7dabf9e644e96459eef4ad30ba) Importer(815301076,1909f56bfc062723c751e8b465ee728b)
Start importing Assets/Materials and Textures/Downloaded/YughuesFreeGroundMaterials/Textures/T_YFGM_GroundStones01_d.tga using Guid(58eafd7dabf9e644e96459eef4ad30ba) Importer(815301076,1909f56bfc062723c751e8b465ee728b) (PreviewImporter) -> (artifact id: '367d575a929c2d7588f938dcf1dead43') in 0.0216185 seconds
Number of updated asset objects reloaded before import = 0Number of asset objects unloaded after import = 2

========================================================================
Received Import Request.
  Time since last request: 0.059448 seconds.
  path: Assets/Models & Prefabs/Models/Downloaded_Assets/DungeonModularPack/Textures/T_Step_N.tga
  artifactKey: Guid(84bd4ba4d2afff84693b6db18f092e6e) Importer(815301076,1909f56bfc062723c751e8b465ee728b)
Start importing Assets/Models & Prefabs/Models/Downloaded_Assets/DungeonModularPack/Textures/T_Step_N.tga using Guid(84bd4ba4d2afff84693b6db18f092e6e) Importer(815301076,1909f56bfc062723c751e8b465ee728b) (PreviewImporter) -> (artifact id: '37e4aee3bb862d10d622af9cf89415ba') in 0.0191312 seconds
Number of updated asset objects reloaded before import = 0Number of asset objects unloaded after import = 2

========================================================================
Received Import Request.
  Time since last request: 0.014157 seconds.
  path: Assets/TextMesh Pro/Shaders/TMP_SDF SSD.shader
  artifactKey: Guid(14eb328de4b8eb245bb7cea29e4ac00b) Importer(815301076,1909f56bfc062723c751e8b465ee728b)
Start importing Assets/TextMesh Pro/Shaders/TMP_SDF SSD.shader using Guid(14eb328de4b8eb245bb7cea29e4ac00b) Importer(815301076,1909f56bfc062723c751e8b465ee728b) (PreviewImporter) -> (artifact id: '6490d24f86ba34094ea696e2bdebae50') in 0.0011006 seconds
Number of updated asset objects reloaded before import = 0Number of asset objects unloaded after import = 0

========================================================================
Received Import Request.
  Time since last request: 0.004986 seconds.
  path: Assets/Animation/Motions/talking_1.anim
  artifactKey: Guid(c44a881b2c08d3d4690242a895deff6b) Importer(815301076,1909f56bfc062723c751e8b465ee728b)
Start importing Assets/Animation/Motions/talking_1.anim using Guid(c44a881b2c08d3d4690242a895deff6b) Importer(815301076,1909f56bfc062723c751e8b465ee728b) (PreviewImporter) -> (artifact id: '43e30549186b4a3732f37e8d4587368c') in 0.0268156 seconds
Number of updated asset objects reloaded before import = 0Number of asset objects unloaded after import = 1

========================================================================
Received Import Request.
  Time since last request: 0.014171 seconds.
  path: Assets/Models & Prefabs/Models/Downloaded_Assets/Korea_TreasureProps/Textures/T_039_Pot_Lid_BC.png
  artifactKey: Guid(abc00000000008724920973188833126) Importer(815301076,1909f56bfc062723c751e8b465ee728b)
Start importing Assets/Models & Prefabs/Models/Downloaded_Assets/Korea_TreasureProps/Textures/T_039_Pot_Lid_BC.png using Guid(abc00000000008724920973188833126) Importer(815301076,1909f56bfc062723c751e8b465ee728b) (PreviewImporter) -> (artifact id: 'c313ab08d225b8e9252bdafae332592b') in 0.0186314 seconds
Number of updated asset objects reloaded before import = 0Number of asset objects unloaded after import = 2

========================================================================
Received Import Request.
  Time since last request: 0.004827 seconds.
  path: Assets/TextMesh Pro/Shaders/TMP_SDF-Mobile.shader
  artifactKey: Guid(fe393ace9b354375a9cb14cdbbc28be4) Importer(815301076,1909f56bfc062723c751e8b465ee728b)
Start importing Assets/TextMesh Pro/Shaders/TMP_SDF-Mobile.shader using Guid(fe393ace9b354375a9cb14cdbbc28be4) Importer(815301076,1909f56bfc062723c751e8b465ee728b) (PreviewImporter) -> (artifact id: '3b0d63a8de62d3bc137b3972534fe7fd') in 0.0011186 seconds
Number of updated asset objects reloaded before import = 0Number of asset objects unloaded after import = 0

========================================================================
Received Import Request.
  Time since last request: 0.004417 seconds.
  path: Assets/Models & Prefabs/Walls and Floors/Models/Stone/materials/Corner-Stone-Model-04.mat
  artifactKey: Guid(9c1fdc88dd11f204e83af10d0d8bf680) Importer(815301076,1909f56bfc062723c751e8b465ee728b)
Start importing Assets/Models & Prefabs/Walls and Floors/Models/Stone/materials/Corner-Stone-Model-04.mat using Guid(9c1fdc88dd11f204e83af10d0d8bf680) Importer(815301076,1909f56bfc062723c751e8b465ee728b) (PreviewImporter) -> (artifact id: '83e4564929f030361795f0d33e740e74') in 0.0175007 seconds
Number of updated asset objects reloaded before import = 0Number of asset objects unloaded after import = 2

========================================================================
Received Import Request.
  Time since last request: 0.005812 seconds.
  path: Assets/Models & Prefabs/Models/Downloaded_Assets/DungeonModularPack/Prefabs/Tile_B.prefab
  artifactKey: Guid(f96442df40a0bf74bbd6431cf2ee05d9) Importer(815301076,1909f56bfc062723c751e8b465ee728b)
Start importing Assets/Models & Prefabs/Models/Downloaded_Assets/DungeonModularPack/Prefabs/Tile_B.prefab using Guid(f96442df40a0bf74bbd6431cf2ee05d9) Importer(815301076,1909f56bfc062723c751e8b465ee728b) (PreviewImporter) -> (artifact id: '2c81876ccbaafe6869d1918c7a0e584e') in 0.0242944 seconds
Number of updated asset objects reloaded before import = 0Number of asset objects unloaded after import = 18

========================================================================
Received Import Request.
  Time since last request: 0.032130 seconds.
  path: Assets/Skybox/QMS - Cartoon Skybox Pack FREE/Textures/Sample_Custom_Sun.psd
  artifactKey: Guid(02e0ec67c66b475468025f6832d5f884) Importer(815301076,1909f56bfc062723c751e8b465ee728b)
Start importing Assets/Skybox/QMS - Cartoon Skybox Pack FREE/Textures/Sample_Custom_Sun.psd using Guid(02e0ec67c66b475468025f6832d5f884) Importer(815301076,1909f56bfc062723c751e8b465ee728b) (PreviewImporter) -> (artifact id: '78a0ce9f32e31a2047401a67baefd790') in 0.017619 seconds
Number of updated asset objects reloaded before import = 0Number of asset objects unloaded after import = 2

========================================================================
Received Import Request.
  Time since last request: 0.006339 seconds.
  path: Assets/Materials and Textures/Downloaded/Checker_Tile/Tiles074_1K-JPG.usdc
  artifactKey: Guid(18d7653fb0b1242499598878d3edbbc1) Importer(815301076,1909f56bfc062723c751e8b465ee728b)
Start importing Assets/Materials and Textures/Downloaded/Checker_Tile/Tiles074_1K-JPG.usdc using Guid(18d7653fb0b1242499598878d3edbbc1) Importer(815301076,1909f56bfc062723c751e8b465ee728b) (PreviewImporter) -> (artifact id: '2c5b96fda0fdfb63398d9c583eef4084') in 0.0013083 seconds
Number of updated asset objects reloaded before import = 0Number of asset objects unloaded after import = 1

========================================================================
Received Import Request.
  Time since last request: 0.002761 seconds.
  path: Assets/Models & Prefabs/Models/Downloaded_Assets/Floreswa/Models
  artifactKey: Guid(89e1f1e2f9a88c74eba15155c2c88ab6) Importer(815301076,1909f56bfc062723c751e8b465ee728b)
Start importing Assets/Models & Prefabs/Models/Downloaded_Assets/Floreswa/Models using Guid(89e1f1e2f9a88c74eba15155c2c88ab6) Importer(815301076,1909f56bfc062723c751e8b465ee728b) (PreviewImporter) -> (artifact id: 'd809be15644cc61eaa7bb9f223f699a5') in 0.0008942 seconds
Number of updated asset objects reloaded before import = 0Number of asset objects unloaded after import = 0

========================================================================
Received Import Request.
  Time since last request: 0.020192 seconds.
  path: Assets/Models & Prefabs/Models/Downloaded_Assets/Awesome_Lamp_Collection/Modells/Materials/Lamp_12.mat
  artifactKey: Guid(b0c0b6be7710fe1419ac18af31f2692a) Importer(815301076,1909f56bfc062723c751e8b465ee728b)
Start importing Assets/Models & Prefabs/Models/Downloaded_Assets/Awesome_Lamp_Collection/Modells/Materials/Lamp_12.mat using Guid(b0c0b6be7710fe1419ac18af31f2692a) Importer(815301076,1909f56bfc062723c751e8b465ee728b) (PreviewImporter) -> (artifact id: '450ca768a7bc2127e7884e866d9504d4') in 0.0098653 seconds
Number of updated asset objects reloaded before import = 0Number of asset objects unloaded after import = 1

========================================================================
Received Import Request.
  Time since last request: 0.020775 seconds.
  path: Assets/TextMesh Pro/Shaders/TMP_Bitmap.shader
  artifactKey: Guid(128e987d567d4e2c824d754223b3f3b0) Importer(815301076,1909f56bfc062723c751e8b465ee728b)
Start importing Assets/TextMesh Pro/Shaders/TMP_Bitmap.shader using Guid(128e987d567d4e2c824d754223b3f3b0) Importer(815301076,1909f56bfc062723c751e8b465ee728b) (PreviewImporter) -> (artifact id: '37cdfdf9c5034d77d2ddb580317b1d8c') in 0.000859 seconds
Number of updated asset objects reloaded before import = 0Number of asset objects unloaded after import = 0

========================================================================
Received Import Request.
  Time since last request: 0.012685 seconds.
  path: Assets/Models & Prefabs/Models/Downloaded_Assets/Awesome_Lamp_Collection/Modells/Materials/Lamp_03.mat
  artifactKey: Guid(de234438f91ecbb4081e20a0a612693d) Importer(815301076,1909f56bfc062723c751e8b465ee728b)
Start importing Assets/Models & Prefabs/Models/Downloaded_Assets/Awesome_Lamp_Collection/Modells/Materials/Lamp_03.mat using Guid(de234438f91ecbb4081e20a0a612693d) Importer(815301076,1909f56bfc062723c751e8b465ee728b) (PreviewImporter) -> (artifact id: '4bd9f7bef9d464be6b3fa739387ea3cf') in 0.0079659 seconds
Number of updated asset objects reloaded before import = 0Number of asset objects unloaded after import = 1

========================================================================
Received Import Request.
  Time since last request: 0.004543 seconds.
  path: Assets/Models & Prefabs/Models/Downloaded_Assets/ithappy/Animals_FREE/Meshes/Penguin_2 (1).controller
  artifactKey: Guid(f752805c6f986404988d739c5269982b) Importer(815301076,1909f56bfc062723c751e8b465ee728b)
Start importing Assets/Models & Prefabs/Models/Downloaded_Assets/ithappy/Animals_FREE/Meshes/Penguin_2 (1).controller using Guid(f752805c6f986404988d739c5269982b) Importer(815301076,1909f56bfc062723c751e8b465ee728b) (PreviewImporter) -> (artifact id: 'f8682d2c448be8ad50c1b8afb97d420d') in 0.0026479 seconds
Number of updated asset objects reloaded before import = 0Number of asset objects unloaded after import = 4

========================================================================
Received Import Request.
  Time since last request: 0.004149 seconds.
  path: Assets/Models & Prefabs/Walls and Floors/Models/Wood/materials/Door-Wood-Model-02.mat
  artifactKey: Guid(5e9feb5a539d5454c818492db729ea31) Importer(815301076,1909f56bfc062723c751e8b465ee728b)
Start importing Assets/Models & Prefabs/Walls and Floors/Models/Wood/materials/Door-Wood-Model-02.mat using Guid(5e9feb5a539d5454c818492db729ea31) Importer(815301076,1909f56bfc062723c751e8b465ee728b) (PreviewImporter) -> (artifact id: '1fb93c6e0af2f85476ae0581c3ef4fab') in 0.0171785 seconds
Number of updated asset objects reloaded before import = 0Number of asset objects unloaded after import = 2

========================================================================
Received Import Request.
  Time since last request: 0.005051 seconds.
  path: Assets/Models & Prefabs/Walls and Floors/Models/Wood/materials/Wall-Wood-Model-10.mat
  artifactKey: Guid(e7e59c9c966c6ba418317867239d89de) Importer(815301076,1909f56bfc062723c751e8b465ee728b)
Start importing Assets/Models & Prefabs/Walls and Floors/Models/Wood/materials/Wall-Wood-Model-10.mat using Guid(e7e59c9c966c6ba418317867239d89de) Importer(815301076,1909f56bfc062723c751e8b465ee728b) (PreviewImporter) -> (artifact id: 'b8c88b0527a3b4666b42b0bdda4a8c68') in 0.0182424 seconds
Number of updated asset objects reloaded before import = 0Number of asset objects unloaded after import = 2

========================================================================
Received Import Request.
  Time since last request: 0.012321 seconds.
  path: Assets/Materials and Textures/Downloaded/YughuesFreeGroundMaterials/Textures/T_YFGM_SoilWeeds_s.tga
  artifactKey: Guid(4868a900fd4a15a40865fd7a774d01de) Importer(815301076,1909f56bfc062723c751e8b465ee728b)
Start importing Assets/Materials and Textures/Downloaded/YughuesFreeGroundMaterials/Textures/T_YFGM_SoilWeeds_s.tga using Guid(4868a900fd4a15a40865fd7a774d01de) Importer(815301076,1909f56bfc062723c751e8b465ee728b) (PreviewImporter) -> (artifact id: 'f3bea355c7fd12493148799e2727710a') in 0.0178909 seconds
Number of updated asset objects reloaded before import = 0Number of asset objects unloaded after import = 2

========================================================================
Received Import Request.
  Time since last request: 0.032137 seconds.
  path: Assets/Models & Prefabs/Walls and Floors/Models/Stone/Wall-Stone-Model-10.fbx
  artifactKey: Guid(3e5c569b8600c4b438f9d72565bfd43f) Importer(815301076,1909f56bfc062723c751e8b465ee728b)
Start importing Assets/Models & Prefabs/Walls and Floors/Models/Stone/Wall-Stone-Model-10.fbx using Guid(3e5c569b8600c4b438f9d72565bfd43f) Importer(815301076,1909f56bfc062723c751e8b465ee728b) (PreviewImporter) -> (artifact id: '451bda8dd61dd65db9ed231d3ae993da') in 0.0227199 seconds
Number of updated asset objects reloaded before import = 0Number of asset objects unloaded after import = 9

========================================================================
Received Import Request.
  Time since last request: 0.020722 seconds.
  path: Assets/Animation/Motions/Sitting.anim
  artifactKey: Guid(b5d29d6ffa8ee5047bedb6e294876c3f) Importer(815301076,1909f56bfc062723c751e8b465ee728b)
Start importing Assets/Animation/Motions/Sitting.anim using Guid(b5d29d6ffa8ee5047bedb6e294876c3f) Importer(815301076,1909f56bfc062723c751e8b465ee728b) (PreviewImporter) -> (artifact id: '5902d6a173004675713dd8a075bdf331') in 0.0443013 seconds
Number of updated asset objects reloaded before import = 0Number of asset objects unloaded after import = 1

========================================================================
Received Import Request.
  Time since last request: 0.011424 seconds.
  path: Assets/Materials and Textures/Downloaded/YughuesFreeGroundMaterials/Textures/T_YFGM_GrassLeafs02_d.tga
  artifactKey: Guid(7c02398104d8e22488c48be25ddf6a59) Importer(815301076,1909f56bfc062723c751e8b465ee728b)
Start importing Assets/Materials and Textures/Downloaded/YughuesFreeGroundMaterials/Textures/T_YFGM_GrassLeafs02_d.tga using Guid(7c02398104d8e22488c48be25ddf6a59) Importer(815301076,1909f56bfc062723c751e8b465ee728b) (PreviewImporter) -> (artifact id: '03dd02bc37258a57662b4478c9c15aa9') in 0.0207076 seconds
Number of updated asset objects reloaded before import = 0Number of asset objects unloaded after import = 2

========================================================================
Received Import Request.
  Time since last request: 0.010907 seconds.
  path: Assets/Audio/Cave Dungeon - Super Mario 64.mp3
  artifactKey: Guid(9e12fdb70da897149918e7031e6c41c5) Importer(815301076,1909f56bfc062723c751e8b465ee728b)
Start importing Assets/Audio/Cave Dungeon - Super Mario 64.mp3 using Guid(9e12fdb70da897149918e7031e6c41c5) Importer(815301076,1909f56bfc062723c751e8b465ee728b) (PreviewImporter) -> (artifact id: '1a71d4b214723d0757e3a80f35d11199') in 0.1050388 seconds
Number of updated asset objects reloaded before import = 0Number of asset objects unloaded after import = 2

========================================================================
Received Import Request.
  Time since last request: 0.002411 seconds.
  path: Assets/Animation/Motions/male01_1.controller
  artifactKey: Guid(42783b2b3204b514fb34a82e6a6deba1) Importer(815301076,1909f56bfc062723c751e8b465ee728b)
Start importing Assets/Animation/Motions/male01_1.controller using Guid(42783b2b3204b514fb34a82e6a6deba1) Importer(815301076,1909f56bfc062723c751e8b465ee728b) (PreviewImporter) -> (artifact id: '3b3e3d623df976f9b647fa2063ebcb06') in 0.0337623 seconds
Number of updated asset objects reloaded before import = 0Number of asset objects unloaded after import = 4

========================================================================
Received Import Request.
  Time since last request: 0.016286 seconds.
  path: Assets/Models & Prefabs/Models/Downloaded_Assets/Floreswa/Materials/Gray.mat
  artifactKey: Guid(1e06a430c2dbf9b42856252751368c5a) Importer(815301076,1909f56bfc062723c751e8b465ee728b)
Start importing Assets/Models & Prefabs/Models/Downloaded_Assets/Floreswa/Materials/Gray.mat using Guid(1e06a430c2dbf9b42856252751368c5a) Importer(815301076,1909f56bfc062723c751e8b465ee728b) (PreviewImporter) -> (artifact id: 'cb59e5543fd21a24443fc7e80090f7f4') in 0.021746 seconds
Number of updated asset objects reloaded before import = 0Number of asset objects unloaded after import = 1

========================================================================
Received Import Request.
  Time since last request: 0.025280 seconds.
  path: Assets/Models & Prefabs/Prefabs/Structures/Wood_Wall_Trim.prefab
  artifactKey: Guid(d4131876b2327364b9a060fde2db9fdc) Importer(815301076,1909f56bfc062723c751e8b465ee728b)
Start importing Assets/Models & Prefabs/Prefabs/Structures/Wood_Wall_Trim.prefab using Guid(d4131876b2327364b9a060fde2db9fdc) Importer(815301076,1909f56bfc062723c751e8b465ee728b) (PreviewImporter) -> (artifact id: '813f55825a7f926177da73c7c5c41932') in 0.041988 seconds
Number of updated asset objects reloaded before import = 0Number of asset objects unloaded after import = 582

========================================================================
Received Import Request.
  Time since last request: 0.009053 seconds.
  path: Assets/Models & Prefabs/Models/Downloaded_Assets/Floreswa/Materials/Black.mat
  artifactKey: Guid(a5697f7c4fe0d77499a008fd0ede67ac) Importer(815301076,1909f56bfc062723c751e8b465ee728b)
Start importing Assets/Models & Prefabs/Models/Downloaded_Assets/Floreswa/Materials/Black.mat using Guid(a5697f7c4fe0d77499a008fd0ede67ac) Importer(815301076,1909f56bfc062723c751e8b465ee728b) (PreviewImporter) -> (artifact id: '04f1db2894259525f878175613c221d2') in 0.0069116 seconds
Number of updated asset objects reloaded before import = 0Number of asset objects unloaded after import = 1

========================================================================
Received Import Request.
  Time since last request: 0.011144 seconds.
  path: Assets/Models & Prefabs/Models/Downloaded_Assets/ithappy/Animals_FREE/Animations/Other_Animations/Tiger_001_idle_rare.anim
  artifactKey: Guid(adb5de095dfdd0242984f770d47cc5b3) Importer(815301076,1909f56bfc062723c751e8b465ee728b)
Start importing Assets/Models & Prefabs/Models/Downloaded_Assets/ithappy/Animals_FREE/Animations/Other_Animations/Tiger_001_idle_rare.anim using Guid(adb5de095dfdd0242984f770d47cc5b3) Importer(815301076,1909f56bfc062723c751e8b465ee728b) (PreviewImporter) -> (artifact id: '077d6e2f2aeb413df3fb0db24b510ad9') in 0.0070255 seconds
Number of updated asset objects reloaded before import = 0Number of asset objects unloaded after import = 1

========================================================================
Received Import Request.
  Time since last request: 0.009834 seconds.
  path: Assets/TextMesh Pro/Shaders/TMPro_Properties.cginc
  artifactKey: Guid(3997e2241185407d80309a82f9148466) Importer(815301076,1909f56bfc062723c751e8b465ee728b)
Start importing Assets/TextMesh Pro/Shaders/TMPro_Properties.cginc using Guid(3997e2241185407d80309a82f9148466) Importer(815301076,1909f56bfc062723c751e8b465ee728b) (PreviewImporter) -> (artifact id: '07ecea87f40ed0028ed3a7814d85dc99') in 0.0011397 seconds
Number of updated asset objects reloaded before import = 0Number of asset objects unloaded after import = 1

========================================================================
Received Import Request.
  Time since last request: 0.013494 seconds.
  path: Assets/Models & Prefabs/Models/Downloaded_Assets/Korea_TreasureProps/Prefabs/Sets/SM_022_Saligu_002Set.prefab
  artifactKey: Guid(9d58980e5f219b642834db5b5c61ef82) Importer(815301076,1909f56bfc062723c751e8b465ee728b)
Start importing Assets/Models & Prefabs/Models/Downloaded_Assets/Korea_TreasureProps/Prefabs/Sets/SM_022_Saligu_002Set.prefab using Guid(9d58980e5f219b642834db5b5c61ef82) Importer(815301076,1909f56bfc062723c751e8b465ee728b) (PreviewImporter) -> (artifact id: 'b9a77a23749bdafdacfbc2523f616807') in 0.0022744 seconds
Number of updated asset objects reloaded before import = 0Number of asset objects unloaded after import = 8

========================================================================
Received Import Request.
  Time since last request: 0.024546 seconds.
  path: Assets/Models & Prefabs/Models/Downloaded_Assets/Korea_TreasureProps/Textures/T_011_Statue_of_the_Buddha_001_RN.png
  artifactKey: Guid(abc00000000006153240704457747227) Importer(815301076,1909f56bfc062723c751e8b465ee728b)
Start importing Assets/Models & Prefabs/Models/Downloaded_Assets/Korea_TreasureProps/Textures/T_011_Statue_of_the_Buddha_001_RN.png using Guid(abc00000000006153240704457747227) Importer(815301076,1909f56bfc062723c751e8b465ee728b) (PreviewImporter) -> (artifact id: '803c188f6002d8237003154946b51799') in 0.0179026 seconds
Number of updated asset objects reloaded before import = 0Number of asset objects unloaded after import = 2

========================================================================
Received Import Request.
  Time since last request: 0.024079 seconds.
  path: Assets/Models & Prefabs/Models/Downloaded_Assets/Awesome_Lamp_Collection/Modells/Materials/Lamp_06.mat
  artifactKey: Guid(e5365aa05d8c80842a6d63717948d7de) Importer(815301076,1909f56bfc062723c751e8b465ee728b)
Start importing Assets/Models & Prefabs/Models/Downloaded_Assets/Awesome_Lamp_Collection/Modells/Materials/Lamp_06.mat using Guid(e5365aa05d8c80842a6d63717948d7de) Importer(815301076,1909f56bfc062723c751e8b465ee728b) (PreviewImporter) -> (artifact id: 'f30c22237aa441f1fd4f70e034028e25') in 0.0091869 seconds
Number of updated asset objects reloaded before import = 0Number of asset objects unloaded after import = 1

========================================================================
Received Import Request.
  Time since last request: 0.012293 seconds.
  path: Assets/Models & Prefabs/Walls and Floors/Models/Stone/Wall-Stone-Model-03.fbx
  artifactKey: Guid(94fa54c1e3460ec4daa350800b4d8f53) Importer(815301076,1909f56bfc062723c751e8b465ee728b)
Start importing Assets/Models & Prefabs/Walls and Floors/Models/Stone/Wall-Stone-Model-03.fbx using Guid(94fa54c1e3460ec4daa350800b4d8f53) Importer(815301076,1909f56bfc062723c751e8b465ee728b) (PreviewImporter) -> (artifact id: '9e85cc85b778ecdff88dd04b54c94230') in 0.0226183 seconds
Number of updated asset objects reloaded before import = 0Number of asset objects unloaded after import = 9

========================================================================
Received Import Request.
  Time since last request: 0.004466 seconds.
  path: Assets/Models & Prefabs/Models/Downloaded_Assets/OlegWER/SkeletonsFreeSet/Textures
  artifactKey: Guid(4b4e393f4b398db458e938e20b642214) Importer(815301076,1909f56bfc062723c751e8b465ee728b)
Start importing Assets/Models & Prefabs/Models/Downloaded_Assets/OlegWER/SkeletonsFreeSet/Textures using Guid(4b4e393f4b398db458e938e20b642214) Importer(815301076,1909f56bfc062723c751e8b465ee728b) (PreviewImporter) -> (artifact id: '1905b9a0ca3d2672ece4d550a536a65c') in 0.0007167 seconds
Number of updated asset objects reloaded before import = 0Number of asset objects unloaded after import = 0

========================================================================
Received Import Request.
  Time since last request: 0.005284 seconds.
  path: Assets/Models & Prefabs/Prefabs/Pole.prefab
  artifactKey: Guid(a2e9296085f695840bc8d517a86b1d29) Importer(815301076,1909f56bfc062723c751e8b465ee728b)
Start importing Assets/Models & Prefabs/Prefabs/Pole.prefab using Guid(a2e9296085f695840bc8d517a86b1d29) Importer(815301076,1909f56bfc062723c751e8b465ee728b) (PreviewImporter) -> (artifact id: 'bc6e02e34edb8f611367388111449b96') in 0.0213837 seconds
Number of updated asset objects reloaded before import = 0Number of asset objects unloaded after import = 8

========================================================================
Received Import Request.
  Time since last request: 0.019956 seconds.
  path: Assets/TextMesh Pro/Shaders/TMPro.cginc
  artifactKey: Guid(407bc68d299748449bbf7f48ee690f8d) Importer(815301076,1909f56bfc062723c751e8b465ee728b)
Start importing Assets/TextMesh Pro/Shaders/TMPro.cginc using Guid(407bc68d299748449bbf7f48ee690f8d) Importer(815301076,1909f56bfc062723c751e8b465ee728b) (PreviewImporter) -> (artifact id: '03265a1d47e789b8992b9c9c8c3cb8df') in 0.0013264 seconds
Number of updated asset objects reloaded before import = 0Number of asset objects unloaded after import = 1

========================================================================
Received Import Request.
  Time since last request: 0.017566 seconds.
  path: Assets/Models & Prefabs/Models/Downloaded_Assets/Wooden Double Door front handle entrance/Textures/T_door1_medium_AlbedoTransparency.png
  artifactKey: Guid(0e37f25462fef48429a359bdf0d51adc) Importer(815301076,1909f56bfc062723c751e8b465ee728b)
Start importing Assets/Models & Prefabs/Models/Downloaded_Assets/Wooden Double Door front handle entrance/Textures/T_door1_medium_AlbedoTransparency.png using Guid(0e37f25462fef48429a359bdf0d51adc) Importer(815301076,1909f56bfc062723c751e8b465ee728b) (PreviewImporter) -> (artifact id: '91aa94cf5c4f3139b47b955f7f9cbd0b') in 0.0202102 seconds
Number of updated asset objects reloaded before import = 0Number of asset objects unloaded after import = 2

========================================================================
Received Import Request.
  Time since last request: 0.018213 seconds.
  path: Assets/Materials and Textures/Platform(Seemless_rock)/rock texture seamless normal.png
  artifactKey: Guid(5e6126595d2f8204da4bc1ade378206b) Importer(815301076,1909f56bfc062723c751e8b465ee728b)
Start importing Assets/Materials and Textures/Platform(Seemless_rock)/rock texture seamless normal.png using Guid(5e6126595d2f8204da4bc1ade378206b) Importer(815301076,1909f56bfc062723c751e8b465ee728b) (PreviewImporter) -> (artifact id: 'b585de6eada20c7c7dde8952ede6bcc1') in 0.0190126 seconds
Number of updated asset objects reloaded before import = 0Number of asset objects unloaded after import = 2

========================================================================
Received Import Request.
  Time since last request: 0.005808 seconds.
  path: Assets/TextMesh Pro/Fonts/LiberationSans - OFL.txt
  artifactKey: Guid(6e59c59b81ab47f9b6ec5781fa725d2c) Importer(815301076,1909f56bfc062723c751e8b465ee728b)
Start importing Assets/TextMesh Pro/Fonts/LiberationSans - OFL.txt using Guid(6e59c59b81ab47f9b6ec5781fa725d2c) Importer(815301076,1909f56bfc062723c751e8b465ee728b) (PreviewImporter) -> (artifact id: '3bd532c872608334a3b0c504d1994fd8') in 0.0013841 seconds
Number of updated asset objects reloaded before import = 0Number of asset objects unloaded after import = 1

========================================================================
Received Import Request.
  Time since last request: 0.014770 seconds.
  path: Assets/Models & Prefabs/Walls and Floors/Models/Stone
  artifactKey: Guid(3a844e439aab3b949946b51f233e51dd) Importer(815301076,1909f56bfc062723c751e8b465ee728b)
Start importing Assets/Models & Prefabs/Walls and Floors/Models/Stone using Guid(3a844e439aab3b949946b51f233e51dd) Importer(815301076,1909f56bfc062723c751e8b465ee728b) (PreviewImporter) -> (artifact id: '2c3b6b8875bedd5c1ea76ab57583c529') in 0.0013995 seconds
Number of updated asset objects reloaded before import = 0Number of asset objects unloaded after import = 0

========================================================================
Received Import Request.
  Time since last request: 0.006094 seconds.
  path: Assets/Models & Prefabs/Models/Downloaded_Assets/DungeonModularPack/Textures/T_Torch_C.tga
  artifactKey: Guid(e5dedf8f44b66e4488bc1fce39ddd08f) Importer(815301076,1909f56bfc062723c751e8b465ee728b)
Start importing Assets/Models & Prefabs/Models/Downloaded_Assets/DungeonModularPack/Textures/T_Torch_C.tga using Guid(e5dedf8f44b66e4488bc1fce39ddd08f) Importer(815301076,1909f56bfc062723c751e8b465ee728b) (PreviewImporter) -> (artifact id: '95fcb65547d40ec320cf39fc89f538b0') in 0.0174163 seconds
Number of updated asset objects reloaded before import = 0Number of asset objects unloaded after import = 2

========================================================================
Received Import Request.
  Time since last request: 0.022052 seconds.
  path: Assets/Models & Prefabs/Models/Downloaded_Assets/Korea_TreasureProps/Prefabs/Sets/SM_089_Incense_BurnerSet.prefab
  artifactKey: Guid(c123326f20d18ee47a674727fa37c389) Importer(815301076,1909f56bfc062723c751e8b465ee728b)
Start importing Assets/Models & Prefabs/Models/Downloaded_Assets/Korea_TreasureProps/Prefabs/Sets/SM_089_Incense_BurnerSet.prefab using Guid(c123326f20d18ee47a674727fa37c389) Importer(815301076,1909f56bfc062723c751e8b465ee728b) (PreviewImporter) -> (artifact id: 'a510e4a380566d62991015a99a9206a4') in 0.0027266 seconds
Number of updated asset objects reloaded before import = 0Number of asset objects unloaded after import = 8

========================================================================
Received Import Request.
  Time since last request: 0.008671 seconds.
  path: Assets/Models & Prefabs/Models/Downloaded_Assets/Wooden Double Door front handle entrance/Prefabs
  artifactKey: Guid(126f4d8936650b54393e690b5448a388) Importer(815301076,1909f56bfc062723c751e8b465ee728b)
Start importing Assets/Models & Prefabs/Models/Downloaded_Assets/Wooden Double Door front handle entrance/Prefabs using Guid(126f4d8936650b54393e690b5448a388) Importer(815301076,1909f56bfc062723c751e8b465ee728b) (PreviewImporter) -> (artifact id: 'b949102c065f99d68bd5d4ac1443c59d') in 0.0009282 seconds
Number of updated asset objects reloaded before import = 0Number of asset objects unloaded after import = 0

========================================================================
Received Import Request.
  Time since last request: 0.016098 seconds.
  path: Assets/Models & Prefabs/Models/Downloaded_Assets/ithappy/Animals_FREE/Prefabs/Tiger_001.prefab
  artifactKey: Guid(8741cd6c8b9fc3947999191d0c381f50) Importer(815301076,1909f56bfc062723c751e8b465ee728b)
Start importing Assets/Models & Prefabs/Models/Downloaded_Assets/ithappy/Animals_FREE/Prefabs/Tiger_001.prefab using Guid(8741cd6c8b9fc3947999191d0c381f50) Importer(815301076,1909f56bfc062723c751e8b465ee728b) (PreviewImporter) -> (artifact id: 'aa704bd7247c93ee4b800f65424fca42') in 0.1051292 seconds
Internal: There are remaining Allocations on the JobTempAlloc. This is a leak, and will impact performance
To Debug, run app with -diag-job-temp-memory-leak-validation cmd line argument. This will output the callstacks of the leaked allocations.
Number of updated asset objects reloaded before import = 0Number of asset objects unloaded after import = 89

========================================================================
Received Import Request.
  Time since last request: 0.017537 seconds.
  path: Assets/Materials and Textures/Downloaded/YughuesFreeGroundMaterials/Textures/T_YFGM_SoilGravel01_s.tga
  artifactKey: Guid(28c14897ae802a147a963e288b91425e) Importer(815301076,1909f56bfc062723c751e8b465ee728b)
Start importing Assets/Materials and Textures/Downloaded/YughuesFreeGroundMaterials/Textures/T_YFGM_SoilGravel01_s.tga using Guid(28c14897ae802a147a963e288b91425e) Importer(815301076,1909f56bfc062723c751e8b465ee728b) (PreviewImporter) -> (artifact id: '855c2fddedc22d070a8537892744ead7') in 0.0180703 seconds
Internal: There are remaining Allocations on the JobTempAlloc. This is a leak, and will impact performance
To Debug, run app with -diag-job-temp-memory-leak-validation cmd line argument. This will output the callstacks of the leaked allocations.
Number of updated asset objects reloaded before import = 0Number of asset objects unloaded after import = 2

========================================================================
Received Import Request.
  Time since last request: 0.025050 seconds.
  path: Assets/Materials and Textures/Downloaded/YughuesFreeGroundMaterials/Textures/T_YFGM_Ground02_n.tga
  artifactKey: Guid(30dd991123ad4284ebc76bef63294e99) Importer(815301076,1909f56bfc062723c751e8b465ee728b)
Start importing Assets/Materials and Textures/Downloaded/YughuesFreeGroundMaterials/Textures/T_YFGM_Ground02_n.tga using Guid(30dd991123ad4284ebc76bef63294e99) Importer(815301076,1909f56bfc062723c751e8b465ee728b) (PreviewImporter) -> (artifact id: 'a3143c1c96d2df88add958ddc96b4ed0') in 0.0209773 seconds
Internal: There are remaining Allocations on the JobTempAlloc. This is a leak, and will impact performance
To Debug, run app with -diag-job-temp-memory-leak-validation cmd line argument. This will output the callstacks of the leaked allocations.
Number of updated asset objects reloaded before import = 0Number of asset objects unloaded after import = 2

========================================================================
Received Import Request.
  Time since last request: 0.014049 seconds.
  path: Assets/Models & Prefabs/Models/Downloaded_Assets/Korea_TreasureProps/Prefabs/Sets/SM_101_Incense_BurnerSet.prefab
  artifactKey: Guid(e84d72cf4fe7cd24bbbe8783b1f3daa2) Importer(815301076,1909f56bfc062723c751e8b465ee728b)
Start importing Assets/Models & Prefabs/Models/Downloaded_Assets/Korea_TreasureProps/Prefabs/Sets/SM_101_Incense_BurnerSet.prefab using Guid(e84d72cf4fe7cd24bbbe8783b1f3daa2) Importer(815301076,1909f56bfc062723c751e8b465ee728b) (PreviewImporter) -> (artifact id: '2d7122699efc762156a4c166063c5ecd') in 0.0020556 seconds
Internal: There are remaining Allocations on the JobTempAlloc. This is a leak, and will impact performance
To Debug, run app with -diag-job-temp-memory-leak-validation cmd line argument. This will output the callstacks of the leaked allocations.
Number of updated asset objects reloaded before import = 0Number of asset objects unloaded after import = 8

========================================================================
Received Import Request.
  Time since last request: 0.041215 seconds.
  path: Assets/Materials and Textures/Downloaded/YughuesFreeGroundMaterials/Preview/Sc_Preview/Lightmap-0_comp_dir.png
  artifactKey: Guid(2f868a38dfb3a4c4fb2bf7f8ee20369b) Importer(815301076,1909f56bfc062723c751e8b465ee728b)
Start importing Assets/Materials and Textures/Downloaded/YughuesFreeGroundMaterials/Preview/Sc_Preview/Lightmap-0_comp_dir.png using Guid(2f868a38dfb3a4c4fb2bf7f8ee20369b) Importer(815301076,1909f56bfc062723c751e8b465ee728b) (PreviewImporter) -> (artifact id: '5f4a92a398863c495b1bb72ad5c08d53') in 0.0231254 seconds
Internal: There are remaining Allocations on the JobTempAlloc. This is a leak, and will impact performance
To Debug, run app with -diag-job-temp-memory-leak-validation cmd line argument. This will output the callstacks of the leaked allocations.
Number of updated asset objects reloaded before import = 0Number of asset objects unloaded after import = 2

========================================================================
Received Import Request.
  Time since last request: 0.017757 seconds.
  path: Assets/Models & Prefabs/Models/Downloaded_Assets/Korea_TreasureProps/Textures/T_083_Kettle_Lid_NM.png
  artifactKey: Guid(abc00000000012152315557108057922) Importer(815301076,1909f56bfc062723c751e8b465ee728b)
Start importing Assets/Models & Prefabs/Models/Downloaded_Assets/Korea_TreasureProps/Textures/T_083_Kettle_Lid_NM.png using Guid(abc00000000012152315557108057922) Importer(815301076,1909f56bfc062723c751e8b465ee728b) (PreviewImporter) -> (artifact id: '1a0b31d5bf147adb6e65ce4e295ac9d3') in 0.0247418 seconds
Internal: There are remaining Allocations on the JobTempAlloc. This is a leak, and will impact performance
To Debug, run app with -diag-job-temp-memory-leak-validation cmd line argument. This will output the callstacks of the leaked allocations.
Number of updated asset objects reloaded before import = 0Number of asset objects unloaded after import = 2

========================================================================
Received Import Request.
  Time since last request: 0.004990 seconds.
  path: Assets/Materials and Textures/Downloaded/YughuesFreeFlooringMaterials/Preview/LS_YFFlM_Preview.lighting
  artifactKey: Guid(d1dc106a62d0c2745bff04359b032631) Importer(815301076,1909f56bfc062723c751e8b465ee728b)
Start importing Assets/Materials and Textures/Downloaded/YughuesFreeFlooringMaterials/Preview/LS_YFFlM_Preview.lighting using Guid(d1dc106a62d0c2745bff04359b032631) Importer(815301076,1909f56bfc062723c751e8b465ee728b) (PreviewImporter)LightingSettings: switching bake backend from 1 to 2.
 -> (artifact id: '14f85abfbf4db6c10c4e180923f287af') in 0.001833 seconds
Internal: There are remaining Allocations on the JobTempAlloc. This is a leak, and will impact performance
To Debug, run app with -diag-job-temp-memory-leak-validation cmd line argument. This will output the callstacks of the leaked allocations.
Number of updated asset objects reloaded before import = 0Number of asset objects unloaded after import = 1

========================================================================
Received Import Request.
  Time since last request: 0.006462 seconds.
  path: Assets/Models & Prefabs/Models/Downloaded_Assets/ithappy/Animals_FREE/Animations/Animation_Controllers/Horse.controller
  artifactKey: Guid(3677ca4e9421f2146bce7bec13d42320) Importer(815301076,1909f56bfc062723c751e8b465ee728b)
Start importing Assets/Models & Prefabs/Models/Downloaded_Assets/ithappy/Animals_FREE/Animations/Animation_Controllers/Horse.controller using Guid(3677ca4e9421f2146bce7bec13d42320) Importer(815301076,1909f56bfc062723c751e8b465ee728b) (PreviewImporter) -> (artifact id: '6f55722c65ee1d847d309838a7914d70') in 0.012245 seconds
Internal: There are remaining Allocations on the JobTempAlloc. This is a leak, and will impact performance
To Debug, run app with -diag-job-temp-memory-leak-validation cmd line argument. This will output the callstacks of the leaked allocations.
Number of updated asset objects reloaded before import = 0Number of asset objects unloaded after import = 13

========================================================================
Received Import Request.
  Time since last request: 0.010509 seconds.
  path: Assets/Models & Prefabs/Models/Downloaded_Assets/Korea_TreasureProps/Prefabs/SM_040_A_Ceramic_Bottle.prefab
  artifactKey: Guid(4d284c0e7be046e44bf53f781be80019) Importer(815301076,1909f56bfc062723c751e8b465ee728b)
Start importing Assets/Models & Prefabs/Models/Downloaded_Assets/Korea_TreasureProps/Prefabs/SM_040_A_Ceramic_Bottle.prefab using Guid(4d284c0e7be046e44bf53f781be80019) Importer(815301076,1909f56bfc062723c751e8b465ee728b) (PreviewImporter) -> (artifact id: '1ce8079bf2c1583de995c3acb8e23a85') in 0.0364821 seconds
Internal: There are remaining Allocations on the JobTempAlloc. This is a leak, and will impact performance
To Debug, run app with -diag-job-temp-memory-leak-validation cmd line argument. This will output the callstacks of the leaked allocations.
Number of updated asset objects reloaded before import = 0Number of asset objects unloaded after import = 12

========================================================================
Received Import Request.
  Time since last request: 0.007014 seconds.
  path: Assets/Models & Prefabs/Models/Downloaded_Assets/DungeonModularPack/Textures/T_Handrail_C.tga
  artifactKey: Guid(ff4e33b57398d794c9a62a93d9d8d68c) Importer(815301076,1909f56bfc062723c751e8b465ee728b)
Start importing Assets/Models & Prefabs/Models/Downloaded_Assets/DungeonModularPack/Textures/T_Handrail_C.tga using Guid(ff4e33b57398d794c9a62a93d9d8d68c) Importer(815301076,1909f56bfc062723c751e8b465ee728b) (PreviewImporter) -> (artifact id: 'c7e7463b8028f636e2ec940e212f7138') in 0.01784 seconds
Internal: There are remaining Allocations on the JobTempAlloc. This is a leak, and will impact performance
To Debug, run app with -diag-job-temp-memory-leak-validation cmd line argument. This will output the callstacks of the leaked allocations.
Number of updated asset objects reloaded before import = 0Number of asset objects unloaded after import = 2

========================================================================
Received Import Request.
  Time since last request: 0.005373 seconds.
  path: Assets/Models & Prefabs/Walls and Floors/Models/Wood/materials/Wall-Wood-Model-02.mat
  artifactKey: Guid(3eb657daea95c1443acc4b868c8ac1d7) Importer(815301076,1909f56bfc062723c751e8b465ee728b)
Start importing Assets/Models & Prefabs/Walls and Floors/Models/Wood/materials/Wall-Wood-Model-02.mat using Guid(3eb657daea95c1443acc4b868c8ac1d7) Importer(815301076,1909f56bfc062723c751e8b465ee728b) (PreviewImporter) -> (artifact id: '3de36fb74edc5ea73e9c981448c794e4') in 0.0186166 seconds
Internal: There are remaining Allocations on the JobTempAlloc. This is a leak, and will impact performance
To Debug, run app with -diag-job-temp-memory-leak-validation cmd line argument. This will output the callstacks of the leaked allocations.
Number of updated asset objects reloaded before import = 0Number of asset objects unloaded after import = 3

========================================================================
Received Import Request.
  Time since last request: 0.010119 seconds.
  path: Assets/Models & Prefabs/Models/Downloaded_Assets/DungeonModularPack/Prefabs/Torch_A.prefab
  artifactKey: Guid(a8ad31da5d47353469f82df604821ab0) Importer(815301076,1909f56bfc062723c751e8b465ee728b)
Start importing Assets/Models & Prefabs/Models/Downloaded_Assets/DungeonModularPack/Prefabs/Torch_A.prefab using Guid(a8ad31da5d47353469f82df604821ab0) Importer(815301076,1909f56bfc062723c751e8b465ee728b) (PreviewImporter) -> (artifact id: '227acd082bfe63f40f04751a772046a6') in 0.0204105 seconds
Internal: There are remaining Allocations on the JobTempAlloc. This is a leak, and will impact performance
To Debug, run app with -diag-job-temp-memory-leak-validation cmd line argument. This will output the callstacks of the leaked allocations.
Number of updated asset objects reloaded before import = 0Number of asset objects unloaded after import = 18

========================================================================
Received Import Request.
  Time since last request: 0.008510 seconds.
  path: Assets/Models & Prefabs/Models/Downloaded_Assets/Korea_TreasureProps/Textures/T_009_Statue_of_the_Buddha_AO.png
  artifactKey: Guid(abc00000000006439686817718993445) Importer(815301076,1909f56bfc062723c751e8b465ee728b)
Start importing Assets/Models & Prefabs/Models/Downloaded_Assets/Korea_TreasureProps/Textures/T_009_Statue_of_the_Buddha_AO.png using Guid(abc00000000006439686817718993445) Importer(815301076,1909f56bfc062723c751e8b465ee728b) (PreviewImporter) -> (artifact id: '7dd1a3faedaf10f19195aa31fd1357c4') in 0.017823 seconds
Internal: There are remaining Allocations on the JobTempAlloc. This is a leak, and will impact performance
To Debug, run app with -diag-job-temp-memory-leak-validation cmd line argument. This will output the callstacks of the leaked allocations.
Number of updated asset objects reloaded before import = 0Number of asset objects unloaded after import = 2

========================================================================
Received Import Request.
  Time since last request: 0.008028 seconds.
  path: Assets/Models & Prefabs/Models/Downloaded_Assets/Korea_TreasureProps/Textures/T_039_Pot_AO.png
  artifactKey: Guid(abc00000000010866115524249497723) Importer(815301076,1909f56bfc062723c751e8b465ee728b)
Start importing Assets/Models & Prefabs/Models/Downloaded_Assets/Korea_TreasureProps/Textures/T_039_Pot_AO.png using Guid(abc00000000010866115524249497723) Importer(815301076,1909f56bfc062723c751e8b465ee728b) (PreviewImporter) -> (artifact id: 'daa2c0a220e2d33068e2e77d5c4168f7') in 0.0170036 seconds
Internal: There are remaining Allocations on the JobTempAlloc. This is a leak, and will impact performance
To Debug, run app with -diag-job-temp-memory-leak-validation cmd line argument. This will output the callstacks of the leaked allocations.
Number of updated asset objects reloaded before import = 0Number of asset objects unloaded after import = 2

========================================================================
Received Import Request.
  Time since last request: 0.033919 seconds.
  path: Assets/Models & Prefabs/Walls and Floors/Models/Wood/materials/Corner-Wood-Model-01.mat
  artifactKey: Guid(c536d6c83c786874c99ede5429a81770) Importer(815301076,1909f56bfc062723c751e8b465ee728b)
Start importing Assets/Models & Prefabs/Walls and Floors/Models/Wood/materials/Corner-Wood-Model-01.mat using Guid(c536d6c83c786874c99ede5429a81770) Importer(815301076,1909f56bfc062723c751e8b465ee728b) (PreviewImporter) -> (artifact id: '2cab461f8d39cb7442bc968864b29239') in 0.0192671 seconds
Internal: There are remaining Allocations on the JobTempAlloc. This is a leak, and will impact performance
To Debug, run app with -diag-job-temp-memory-leak-validation cmd line argument. This will output the callstacks of the leaked allocations.
Number of updated asset objects reloaded before import = 0Number of asset objects unloaded after import = 2

========================================================================
Received Import Request.
  Time since last request: 0.003852 seconds.
  path: Assets/Models & Prefabs/Walls and Floors/Prefabs/Wood/Floors
  artifactKey: Guid(f9c17a29f454b68408fcdc38250aca81) Importer(815301076,1909f56bfc062723c751e8b465ee728b)
Start importing Assets/Models & Prefabs/Walls and Floors/Prefabs/Wood/Floors using Guid(f9c17a29f454b68408fcdc38250aca81) Importer(815301076,1909f56bfc062723c751e8b465ee728b) (PreviewImporter) -> (artifact id: 'bc50f18cbaab4e3982b2971d4ee73e59') in 0.0007067 seconds
Internal: There are remaining Allocations on the JobTempAlloc. This is a leak, and will impact performance
To Debug, run app with -diag-job-temp-memory-leak-validation cmd line argument. This will output the callstacks of the leaked allocations.
Number of updated asset objects reloaded before import = 0Number of asset objects unloaded after import = 0

========================================================================
Received Import Request.
  Time since last request: 0.008828 seconds.
  path: Assets/Animation
  artifactKey: Guid(90cf735883e209b49be6c7b80614c434) Importer(815301076,1909f56bfc062723c751e8b465ee728b)
Start importing Assets/Animation using Guid(90cf735883e209b49be6c7b80614c434) Importer(815301076,1909f56bfc062723c751e8b465ee728b) (PreviewImporter) -> (artifact id: '3b1b0f3616c49a0427160f69df96d650') in 0.0006535 seconds
Internal: There are remaining Allocations on the JobTempAlloc. This is a leak, and will impact performance
To Debug, run app with -diag-job-temp-memory-leak-validation cmd line argument. This will output the callstacks of the leaked allocations.
Number of updated asset objects reloaded before import = 0Number of asset objects unloaded after import = 0

========================================================================
Received Import Request.
  Time since last request: 0.015329 seconds.
  path: Assets/Models & Prefabs/Models/Downloaded_Assets/Greek Statue/Materials/GreekStatue_LOD0_Normal.png
  artifactKey: Guid(2242b62ceeed3d34a96923ad5009b77e) Importer(815301076,1909f56bfc062723c751e8b465ee728b)
Start importing Assets/Models & Prefabs/Models/Downloaded_Assets/Greek Statue/Materials/GreekStatue_LOD0_Normal.png using Guid(2242b62ceeed3d34a96923ad5009b77e) Importer(815301076,1909f56bfc062723c751e8b465ee728b) (PreviewImporter) -> (artifact id: '615c616976aef41278cf4d55a6970749') in 0.0251458 seconds
Internal: There are remaining Allocations on the JobTempAlloc. This is a leak, and will impact performance
To Debug, run app with -diag-job-temp-memory-leak-validation cmd line argument. This will output the callstacks of the leaked allocations.
Number of updated asset objects reloaded before import = 0Number of asset objects unloaded after import = 2

========================================================================
Received Import Request.
  Time since last request: 0.013083 seconds.
  path: Assets/Materials and Textures/Downloaded/YughuesFreeGroundMaterials/Textures/T_YFGM_FrozenGrass_s.tga
  artifactKey: Guid(a727a2cb790cd24498cf210ad4e87d29) Importer(815301076,1909f56bfc062723c751e8b465ee728b)
Start importing Assets/Materials and Textures/Downloaded/YughuesFreeGroundMaterials/Textures/T_YFGM_FrozenGrass_s.tga using Guid(a727a2cb790cd24498cf210ad4e87d29) Importer(815301076,1909f56bfc062723c751e8b465ee728b) (PreviewImporter) -> (artifact id: '2b514101eed7b1da7e97929ead1517f0') in 0.0193484 seconds
Internal: There are remaining Allocations on the JobTempAlloc. This is a leak, and will impact performance
To Debug, run app with -diag-job-temp-memory-leak-validation cmd line argument. This will output the callstacks of the leaked allocations.
Number of updated asset objects reloaded before import = 0Number of asset objects unloaded after import = 2

========================================================================
Received Import Request.
  Time since last request: 0.017687 seconds.
  path: Assets/Models & Prefabs/Models/Downloaded_Assets/Awesome_Lamp_Collection/Textures/Lamp17.1/Lamp17.1_MetallicSmoothness.png
  artifactKey: Guid(4f05c167b2b653e4b8e1c0c5c9f1e2ec) Importer(815301076,1909f56bfc062723c751e8b465ee728b)
Start importing Assets/Models & Prefabs/Models/Downloaded_Assets/Awesome_Lamp_Collection/Textures/Lamp17.1/Lamp17.1_MetallicSmoothness.png using Guid(4f05c167b2b653e4b8e1c0c5c9f1e2ec) Importer(815301076,1909f56bfc062723c751e8b465ee728b) (PreviewImporter) -> (artifact id: '2efb3877aad91ef761345ea04df328ce') in 0.0177402 seconds
Internal: There are remaining Allocations on the JobTempAlloc. This is a leak, and will impact performance
To Debug, run app with -diag-job-temp-memory-leak-validation cmd line argument. This will output the callstacks of the leaked allocations.
Number of updated asset objects reloaded before import = 0Number of asset objects unloaded after import = 2

========================================================================
Received Import Request.
  Time since last request: 0.015624 seconds.
  path: Assets/Models & Prefabs/Models/Downloaded_Assets/Korea_TreasureProps/Textures/T_011_Statue_of_the_Buddha_002_RN.png
  artifactKey: Guid(abc00000000008404577781739467356) Importer(815301076,1909f56bfc062723c751e8b465ee728b)
Start importing Assets/Models & Prefabs/Models/Downloaded_Assets/Korea_TreasureProps/Textures/T_011_Statue_of_the_Buddha_002_RN.png using Guid(abc00000000008404577781739467356) Importer(815301076,1909f56bfc062723c751e8b465ee728b) (PreviewImporter) -> (artifact id: 'b93d87905fa84c7443744b4a711768db') in 0.0172619 seconds
Internal: There are remaining Allocations on the JobTempAlloc. This is a leak, and will impact performance
To Debug, run app with -diag-job-temp-memory-leak-validation cmd line argument. This will output the callstacks of the leaked allocations.
Number of updated asset objects reloaded before import = 0Number of asset objects unloaded after import = 2

========================================================================
Received Import Request.
  Time since last request: 0.009492 seconds.
  path: Assets/Materials and Textures/Downloaded/YughuesFreeGroundMaterials/Textures/T_YFGM_Grass06_n.tga
  artifactKey: Guid(64a668b993f05a44d81dad3299580617) Importer(815301076,1909f56bfc062723c751e8b465ee728b)
Start importing Assets/Materials and Textures/Downloaded/YughuesFreeGroundMaterials/Textures/T_YFGM_Grass06_n.tga using Guid(64a668b993f05a44d81dad3299580617) Importer(815301076,1909f56bfc062723c751e8b465ee728b) (PreviewImporter) -> (artifact id: 'c0ca0de91309dc65f86a38cd3202290e') in 0.0185508 seconds
Internal: There are remaining Allocations on the JobTempAlloc. This is a leak, and will impact performance
To Debug, run app with -diag-job-temp-memory-leak-validation cmd line argument. This will output the callstacks of the leaked allocations.
Number of updated asset objects reloaded before import = 0Number of asset objects unloaded after import = 2

========================================================================
Received Import Request.
  Time since last request: 0.004597 seconds.
  path: Assets/Models & Prefabs/Models/Downloaded_Assets/DungeonModularPack/Prefabs/Wall_B.prefab
  artifactKey: Guid(f866648d31fd9494093daef232970acf) Importer(815301076,1909f56bfc062723c751e8b465ee728b)
Start importing Assets/Models & Prefabs/Models/Downloaded_Assets/DungeonModularPack/Prefabs/Wall_B.prefab using Guid(f866648d31fd9494093daef232970acf) Importer(815301076,1909f56bfc062723c751e8b465ee728b) (PreviewImporter) -> (artifact id: '33fdb78c099348a9940996bf6169c948') in 0.0246078 seconds
Internal: There are remaining Allocations on the JobTempAlloc. This is a leak, and will impact performance
To Debug, run app with -diag-job-temp-memory-leak-validation cmd line argument. This will output the callstacks of the leaked allocations.
Number of updated asset objects reloaded before import = 0Number of asset objects unloaded after import = 18

========================================================================
Received Import Request.
  Time since last request: 0.004401 seconds.
  path: Assets/Models & Prefabs/Models/Downloaded_Assets/DungeonModularPack/Prefabs/Wall_C.prefab
  artifactKey: Guid(0e2a0f88f62841f42ae86ae323be43bf) Importer(815301076,1909f56bfc062723c751e8b465ee728b)
Start importing Assets/Models & Prefabs/Models/Downloaded_Assets/DungeonModularPack/Prefabs/Wall_C.prefab using Guid(0e2a0f88f62841f42ae86ae323be43bf) Importer(815301076,1909f56bfc062723c751e8b465ee728b) (PreviewImporter) -> (artifact id: 'e471eac8fe776b848a7158ca2f51e8e1') in 0.0306456 seconds
Internal: There are remaining Allocations on the JobTempAlloc. This is a leak, and will impact performance
To Debug, run app with -diag-job-temp-memory-leak-validation cmd line argument. This will output the callstacks of the leaked allocations.
Number of updated asset objects reloaded before import = 0Number of asset objects unloaded after import = 19

========================================================================
Received Import Request.
  Time since last request: 0.004936 seconds.
  path: Assets/Models & Prefabs/Models/Downloaded_Assets/ithappy/Animals_FREE/Animations/Other_Animations/Horse_001_run.anim
  artifactKey: Guid(b171e245a00eb384980c9a8aaafb259b) Importer(815301076,1909f56bfc062723c751e8b465ee728b)
Start importing Assets/Models & Prefabs/Models/Downloaded_Assets/ithappy/Animals_FREE/Animations/Other_Animations/Horse_001_run.anim using Guid(b171e245a00eb384980c9a8aaafb259b) Importer(815301076,1909f56bfc062723c751e8b465ee728b) (PreviewImporter) -> (artifact id: '507b6146ad7f6abe5cbebdadee138822') in 0.0070612 seconds
Internal: There are remaining Allocations on the JobTempAlloc. This is a leak, and will impact performance
To Debug, run app with -diag-job-temp-memory-leak-validation cmd line argument. This will output the callstacks of the leaked allocations.
Number of updated asset objects reloaded before import = 0Number of asset objects unloaded after import = 1

========================================================================
Received Import Request.
  Time since last request: 0.009767 seconds.
  path: Assets/Models & Prefabs/Models/Original/magnifying_glass.fbx
  artifactKey: Guid(798b61c8a452f1644945b469c47d959a) Importer(815301076,1909f56bfc062723c751e8b465ee728b)
Start importing Assets/Models & Prefabs/Models/Original/magnifying_glass.fbx using Guid(798b61c8a452f1644945b469c47d959a) Importer(815301076,1909f56bfc062723c751e8b465ee728b) (PreviewImporter) -> (artifact id: '176d92a63da8aacd21f7652af91b629e') in 0.024891 seconds
Internal: There are remaining Allocations on the JobTempAlloc. This is a leak, and will impact performance
To Debug, run app with -diag-job-temp-memory-leak-validation cmd line argument. This will output the callstacks of the leaked allocations.
Number of updated asset objects reloaded before import = 0Number of asset objects unloaded after import = 9

========================================================================
Received Import Request.
  Time since last request: 0.003335 seconds.
  path: Assets/Models & Prefabs/Models/Downloaded_Assets/OlegWER/SkeletonsFreeSet/Materials
  artifactKey: Guid(38d9d6ce1db6b5148bfe1fcc069f6dc8) Importer(815301076,1909f56bfc062723c751e8b465ee728b)
Start importing Assets/Models & Prefabs/Models/Downloaded_Assets/OlegWER/SkeletonsFreeSet/Materials using Guid(38d9d6ce1db6b5148bfe1fcc069f6dc8) Importer(815301076,1909f56bfc062723c751e8b465ee728b) (PreviewImporter) -> (artifact id: 'd748bc7d6d75117109d0bef21da1db27') in 0.0009419 seconds
Internal: JobTempAlloc has allocations that are more than the maximum lifespan of 4 frames old - this is not allowed and likely a leak
To Debug, run app with -diag-job-temp-memory-leak-validation cmd line argument. This will output the callstacks of the leaked allocations.
Internal: There are remaining Allocations on the JobTempAlloc. This is a leak, and will impact performance
To Debug, run app with -diag-job-temp-memory-leak-validation cmd line argument. This will output the callstacks of the leaked allocations.
Number of updated asset objects reloaded before import = 0Number of asset objects unloaded after import = 0

========================================================================
Received Import Request.
  Time since last request: 0.018028 seconds.
  path: Assets/Materials and Textures/Downloaded/YughuesFreeGroundMaterials/Textures/T_YFGM_Grass05_n.tga
  artifactKey: Guid(4efcbd6a9c8b1f247a727222cd3995ae) Importer(815301076,1909f56bfc062723c751e8b465ee728b)
Start importing Assets/Materials and Textures/Downloaded/YughuesFreeGroundMaterials/Textures/T_YFGM_Grass05_n.tga using Guid(4efcbd6a9c8b1f247a727222cd3995ae) Importer(815301076,1909f56bfc062723c751e8b465ee728b) (PreviewImporter) -> (artifact id: '911b847fd33771d077d3b464dab6eee7') in 0.0210201 seconds
Internal: There are remaining Allocations on the JobTempAlloc. This is a leak, and will impact performance
To Debug, run app with -diag-job-temp-memory-leak-validation cmd line argument. This will output the callstacks of the leaked allocations.
Number of updated asset objects reloaded before import = 0Number of asset objects unloaded after import = 2

========================================================================
Received Import Request.
  Time since last request: 0.004196 seconds.
  path: Assets/Models & Prefabs/Models/Downloaded_Assets/ithappy/Animals_FREE/Animations
  artifactKey: Guid(2c81363eb2dadca49b45334704683619) Importer(815301076,1909f56bfc062723c751e8b465ee728b)
Start importing Assets/Models & Prefabs/Models/Downloaded_Assets/ithappy/Animals_FREE/Animations using Guid(2c81363eb2dadca49b45334704683619) Importer(815301076,1909f56bfc062723c751e8b465ee728b) (PreviewImporter) -> (artifact id: 'd3ed3977a97927cf07406abdad6a33a3') in 0.0010635 seconds
Internal: There are remaining Allocations on the JobTempAlloc. This is a leak, and will impact performance
To Debug, run app with -diag-job-temp-memory-leak-validation cmd line argument. This will output the callstacks of the leaked allocations.
Number of updated asset objects reloaded before import = 0Number of asset objects unloaded after import = 0

========================================================================
Received Import Request.
  Time since last request: 0.004971 seconds.
  path: Assets/Models & Prefabs/Walls and Floors/Models/Wood/materials/Wall-Wood-Model-01.mat
  artifactKey: Guid(b30dcab12d8cb64438630df58d94510d) Importer(815301076,1909f56bfc062723c751e8b465ee728b)
Start importing Assets/Models & Prefabs/Walls and Floors/Models/Wood/materials/Wall-Wood-Model-01.mat using Guid(b30dcab12d8cb64438630df58d94510d) Importer(815301076,1909f56bfc062723c751e8b465ee728b) (PreviewImporter) -> (artifact id: '8fb6e5756a677aa81ecaf2c4d2cf3e8c') in 0.0195949 seconds
Internal: There are remaining Allocations on the JobTempAlloc. This is a leak, and will impact performance
To Debug, run app with -diag-job-temp-memory-leak-validation cmd line argument. This will output the callstacks of the leaked allocations.
Number of updated asset objects reloaded before import = 0Number of asset objects unloaded after import = 3

========================================================================
Received Import Request.
  Time since last request: 0.003658 seconds.
  path: Assets/Models & Prefabs/Models/Downloaded_Assets/OlegWER/SkeletonsFreeSet/FBX
  artifactKey: Guid(f7b871f3afe998243a6a77d290555296) Importer(815301076,1909f56bfc062723c751e8b465ee728b)
Start importing Assets/Models & Prefabs/Models/Downloaded_Assets/OlegWER/SkeletonsFreeSet/FBX using Guid(f7b871f3afe998243a6a77d290555296) Importer(815301076,1909f56bfc062723c751e8b465ee728b) (PreviewImporter) -> (artifact id: 'acdbbc018c4848a1b46021d34fb90ee8') in 0.0012173 seconds
Internal: There are remaining Allocations on the JobTempAlloc. This is a leak, and will impact performance
To Debug, run app with -diag-job-temp-memory-leak-validation cmd line argument. This will output the callstacks of the leaked allocations.
Number of updated asset objects reloaded before import = 0Number of asset objects unloaded after import = 0

========================================================================
Received Import Request.
  Time since last request: 0.010530 seconds.
  path: Assets/Materials and Textures/Downloaded/YughuesFreeGroundMaterials/Textures/T_YFGM_FrozenGrass_d.tga
  artifactKey: Guid(4c6e4837b1a6e7644b98249eb03e3dc4) Importer(815301076,1909f56bfc062723c751e8b465ee728b)
Start importing Assets/Materials and Textures/Downloaded/YughuesFreeGroundMaterials/Textures/T_YFGM_FrozenGrass_d.tga using Guid(4c6e4837b1a6e7644b98249eb03e3dc4) Importer(815301076,1909f56bfc062723c751e8b465ee728b) (PreviewImporter) -> (artifact id: 'c56a6c3ad3b3b047211bb354c8df2458') in 0.0197791 seconds
Internal: There are remaining Allocations on the JobTempAlloc. This is a leak, and will impact performance
To Debug, run app with -diag-job-temp-memory-leak-validation cmd line argument. This will output the callstacks of the leaked allocations.
Number of updated asset objects reloaded before import = 0Number of asset objects unloaded after import = 2

========================================================================
Received Import Request.
  Time since last request: 0.003665 seconds.
  path: Assets/Models & Prefabs/Models/Downloaded_Assets/ithappy/Animals_FREE/Animations/Other_Animations
  artifactKey: Guid(95d2cdeae373cdd469bd444bd1451393) Importer(815301076,1909f56bfc062723c751e8b465ee728b)
Start importing Assets/Models & Prefabs/Models/Downloaded_Assets/ithappy/Animals_FREE/Animations/Other_Animations using Guid(95d2cdeae373cdd469bd444bd1451393) Importer(815301076,1909f56bfc062723c751e8b465ee728b) (PreviewImporter) -> (artifact id: '1d903e250c04e8ab116c2aca15c014da') in 0.0008557 seconds
Internal: There are remaining Allocations on the JobTempAlloc. This is a leak, and will impact performance
To Debug, run app with -diag-job-temp-memory-leak-validation cmd line argument. This will output the callstacks of the leaked allocations.
Number of updated asset objects reloaded before import = 0Number of asset objects unloaded after import = 0

========================================================================
Received Import Request.
  Time since last request: 0.009718 seconds.
  path: Assets/Models & Prefabs/Walls and Floors/Models/Stone/materials/Wall-Stone-Model-04.png
  artifactKey: Guid(69b4732a9481c1c4ba46b1d458fa3a35) Importer(815301076,1909f56bfc062723c751e8b465ee728b)
Start importing Assets/Models & Prefabs/Walls and Floors/Models/Stone/materials/Wall-Stone-Model-04.png using Guid(69b4732a9481c1c4ba46b1d458fa3a35) Importer(815301076,1909f56bfc062723c751e8b465ee728b) (PreviewImporter) -> (artifact id: 'cb38bc298ae2b7fe485d31ca6bc8396f') in 0.0165517 seconds
Internal: There are remaining Allocations on the JobTempAlloc. This is a leak, and will impact performance
To Debug, run app with -diag-job-temp-memory-leak-validation cmd line argument. This will output the callstacks of the leaked allocations.
Number of updated asset objects reloaded before import = 0Number of asset objects unloaded after import = 2

========================================================================
Received Import Request.
  Time since last request: 0.008437 seconds.
  path: Assets/Models & Prefabs/Models/Downloaded_Assets/Korea_TreasureProps/Textures/T_011_Statue_of_the_Buddha_001_MT.png
  artifactKey: Guid(abc00000000017792632658074745450) Importer(815301076,1909f56bfc062723c751e8b465ee728b)
Start importing Assets/Models & Prefabs/Models/Downloaded_Assets/Korea_TreasureProps/Textures/T_011_Statue_of_the_Buddha_001_MT.png using Guid(abc00000000017792632658074745450) Importer(815301076,1909f56bfc062723c751e8b465ee728b) (PreviewImporter) -> (artifact id: '7405ca19c847bdfec63dc88edd67d606') in 0.0219668 seconds
Internal: There are remaining Allocations on the JobTempAlloc. This is a leak, and will impact performance
To Debug, run app with -diag-job-temp-memory-leak-validation cmd line argument. This will output the callstacks of the leaked allocations.
Number of updated asset objects reloaded before import = 0Number of asset objects unloaded after import = 2

========================================================================
Received Import Request.
  Time since last request: 0.009350 seconds.
  path: Assets/Models & Prefabs/Models/Downloaded_Assets/DungeonModularPack/Textures
  artifactKey: Guid(1ba99cd7ad1eb7f4787e19d060a3a35a) Importer(815301076,1909f56bfc062723c751e8b465ee728b)
Start importing Assets/Models & Prefabs/Models/Downloaded_Assets/DungeonModularPack/Textures using Guid(1ba99cd7ad1eb7f4787e19d060a3a35a) Importer(815301076,1909f56bfc062723c751e8b465ee728b) (PreviewImporter) -> (artifact id: 'f6df35e926c5f8257b471a2ba765477a') in 0.0010263 seconds
Internal: There are remaining Allocations on the JobTempAlloc. This is a leak, and will impact performance
To Debug, run app with -diag-job-temp-memory-leak-validation cmd line argument. This will output the callstacks of the leaked allocations.
Number of updated asset objects reloaded before import = 0Number of asset objects unloaded after import = 0

========================================================================
Received Import Request.
  Time since last request: 0.033098 seconds.
  path: Assets/Materials and Textures/Downloaded/YughuesFreeGroundMaterials/Textures/T_YFGM_Ground01_s.tga
  artifactKey: Guid(40f531c1a6e817441b8ed4a0ea3ca1ba) Importer(815301076,1909f56bfc062723c751e8b465ee728b)
Start importing Assets/Materials and Textures/Downloaded/YughuesFreeGroundMaterials/Textures/T_YFGM_Ground01_s.tga using Guid(40f531c1a6e817441b8ed4a0ea3ca1ba) Importer(815301076,1909f56bfc062723c751e8b465ee728b) (PreviewImporter) -> (artifact id: '66e209d8ce025ef3395baceb745aacd1') in 0.0158794 seconds
Internal: There are remaining Allocations on the JobTempAlloc. This is a leak, and will impact performance
To Debug, run app with -diag-job-temp-memory-leak-validation cmd line argument. This will output the callstacks of the leaked allocations.
Number of updated asset objects reloaded before import = 0Number of asset objects unloaded after import = 2

========================================================================
Received Import Request.
  Time since last request: 0.003498 seconds.
  path: Assets/Models & Prefabs/Models/Downloaded_Assets/Awesome_Lamp_Collection/Prefabs
  artifactKey: Guid(25669f79ec65dbf46a32c4f06bb6e7b6) Importer(815301076,1909f56bfc062723c751e8b465ee728b)
Start importing Assets/Models & Prefabs/Models/Downloaded_Assets/Awesome_Lamp_Collection/Prefabs using Guid(25669f79ec65dbf46a32c4f06bb6e7b6) Importer(815301076,1909f56bfc062723c751e8b465ee728b) (PreviewImporter) -> (artifact id: '3dfc7a29a464cab59ccce0bde8937a9c') in 0.0008241 seconds
Internal: There are remaining Allocations on the JobTempAlloc. This is a leak, and will impact performance
To Debug, run app with -diag-job-temp-memory-leak-validation cmd line argument. This will output the callstacks of the leaked allocations.
Number of updated asset objects reloaded before import = 0Number of asset objects unloaded after import = 0

========================================================================
Received Import Request.
  Time since last request: 0.004768 seconds.
  path: Assets/Models & Prefabs/Walls and Floors/Models/Stone/materials/Wall-Stone-Model-01.png
  artifactKey: Guid(1062c851ac463864a975a31507fa79b2) Importer(815301076,1909f56bfc062723c751e8b465ee728b)
Start importing Assets/Models & Prefabs/Walls and Floors/Models/Stone/materials/Wall-Stone-Model-01.png using Guid(1062c851ac463864a975a31507fa79b2) Importer(815301076,1909f56bfc062723c751e8b465ee728b) (PreviewImporter) -> (artifact id: 'd6e583a46d8c1a4dc12dbbb00613a261') in 0.0152768 seconds
Internal: There are remaining Allocations on the JobTempAlloc. This is a leak, and will impact performance
To Debug, run app with -diag-job-temp-memory-leak-validation cmd line argument. This will output the callstacks of the leaked allocations.
Number of updated asset objects reloaded before import = 0Number of asset objects unloaded after import = 2

========================================================================
Received Import Request.
  Time since last request: 0.012443 seconds.
  path: Assets/Models & Prefabs/Models/Downloaded_Assets/Korea_TreasureProps/Textures/T_040_A_Ceramic_Bottle_NM.png
  artifactKey: Guid(abc00000000008824751852770304687) Importer(815301076,1909f56bfc062723c751e8b465ee728b)
Start importing Assets/Models & Prefabs/Models/Downloaded_Assets/Korea_TreasureProps/Textures/T_040_A_Ceramic_Bottle_NM.png using Guid(abc00000000008824751852770304687) Importer(815301076,1909f56bfc062723c751e8b465ee728b) (PreviewImporter) -> (artifact id: 'eecad71a1180fa1c57c460713a57ab91') in 0.0230612 seconds
Internal: There are remaining Allocations on the JobTempAlloc. This is a leak, and will impact performance
To Debug, run app with -diag-job-temp-memory-leak-validation cmd line argument. This will output the callstacks of the leaked allocations.
Number of updated asset objects reloaded before import = 0Number of asset objects unloaded after import = 2

========================================================================
Received Import Request.
  Time since last request: 0.007962 seconds.
  path: Assets/Models & Prefabs/Models/IGB101_Assets/Third Person Controller/Animations/t_pose.fbx
  artifactKey: Guid(1d553d340c6ed564da93547ec4058847) Importer(815301076,1909f56bfc062723c751e8b465ee728b)
Start importing Assets/Models & Prefabs/Models/IGB101_Assets/Third Person Controller/Animations/t_pose.fbx using Guid(1d553d340c6ed564da93547ec4058847) Importer(815301076,1909f56bfc062723c751e8b465ee728b) (PreviewImporter) -> (artifact id: '1a8376044b1e94b48869a4c12385a51e') in 0.0713884 seconds
Internal: There are remaining Allocations on the JobTempAlloc. This is a leak, and will impact performance
To Debug, run app with -diag-job-temp-memory-leak-validation cmd line argument. This will output the callstacks of the leaked allocations.
Number of updated asset objects reloaded before import = 0Number of asset objects unloaded after import = 154

========================================================================
Received Import Request.
  Time since last request: 0.003465 seconds.
  path: Assets/Models & Prefabs/Models/Downloaded_Assets/Awesome_Lamp_Collection/Modells
  artifactKey: Guid(81a3a27c0a1cc76488477ebb4062891e) Importer(815301076,1909f56bfc062723c751e8b465ee728b)
Start importing Assets/Models & Prefabs/Models/Downloaded_Assets/Awesome_Lamp_Collection/Modells using Guid(81a3a27c0a1cc76488477ebb4062891e) Importer(815301076,1909f56bfc062723c751e8b465ee728b) (PreviewImporter) -> (artifact id: '728eb6d6e3c317314f8dd4da778a6b35') in 0.0010254 seconds
Internal: There are remaining Allocations on the JobTempAlloc. This is a leak, and will impact performance
To Debug, run app with -diag-job-temp-memory-leak-validation cmd line argument. This will output the callstacks of the leaked allocations.
Number of updated asset objects reloaded before import = 0Number of asset objects unloaded after import = 0

========================================================================
Received Import Request.
  Time since last request: 0.023599 seconds.
  path: Assets/Models & Prefabs/Models/Downloaded_Assets/DungeonModularPack/Textures/T_Wall_C.tga
  artifactKey: Guid(63e228ca52deac542a9098bcfa05f283) Importer(815301076,1909f56bfc062723c751e8b465ee728b)
Start importing Assets/Models & Prefabs/Models/Downloaded_Assets/DungeonModularPack/Textures/T_Wall_C.tga using Guid(63e228ca52deac542a9098bcfa05f283) Importer(815301076,1909f56bfc062723c751e8b465ee728b) (PreviewImporter) -> (artifact id: '028974f169d73affb68e701e41624c61') in 0.0185863 seconds
Internal: There are remaining Allocations on the JobTempAlloc. This is a leak, and will impact performance
To Debug, run app with -diag-job-temp-memory-leak-validation cmd line argument. This will output the callstacks of the leaked allocations.
Number of updated asset objects reloaded before import = 0Number of asset objects unloaded after import = 2

========================================================================
Received Import Request.
  Time since last request: 0.017395 seconds.
  path: Assets/Materials and Textures/Downloaded/YughuesFreeGroundMaterials/Preview/Sc_Preview.unity
  artifactKey: Guid(8d98770b2cc191d48aab100886dd2662) Importer(815301076,1909f56bfc062723c751e8b465ee728b)
Start importing Assets/Materials and Textures/Downloaded/YughuesFreeGroundMaterials/Preview/Sc_Preview.unity using Guid(8d98770b2cc191d48aab100886dd2662) Importer(815301076,1909f56bfc062723c751e8b465ee728b) (PreviewImporter) -> (artifact id: 'aa8df34f9965ebc044fcd8daf1a16224') in 0.0009489 seconds
Internal: There are remaining Allocations on the JobTempAlloc. This is a leak, and will impact performance
To Debug, run app with -diag-job-temp-memory-leak-validation cmd line argument. This will output the callstacks of the leaked allocations.
Number of updated asset objects reloaded before import = 0Number of asset objects unloaded after import = 0

========================================================================
Received Import Request.
  Time since last request: 0.015155 seconds.
  path: Assets/Models & Prefabs/Models/Downloaded_Assets/Korea_TreasureProps/Meshes/SM_011_Statue_of_the_Buddha_001.fbx
  artifactKey: Guid(478868c8ad1bc14448e6296d37c3bd3a) Importer(815301076,1909f56bfc062723c751e8b465ee728b)
Start importing Assets/Models & Prefabs/Models/Downloaded_Assets/Korea_TreasureProps/Meshes/SM_011_Statue_of_the_Buddha_001.fbx using Guid(478868c8ad1bc14448e6296d37c3bd3a) Importer(815301076,1909f56bfc062723c751e8b465ee728b) (PreviewImporter) -> (artifact id: '07464fadc1877df91ad18ff641b90641') in 0.0368419 seconds
Internal: There are remaining Allocations on the JobTempAlloc. This is a leak, and will impact performance
To Debug, run app with -diag-job-temp-memory-leak-validation cmd line argument. This will output the callstacks of the leaked allocations.
Number of updated asset objects reloaded before import = 0Number of asset objects unloaded after import = 12

========================================================================
Received Import Request.
  Time since last request: 0.010372 seconds.
  path: Assets/Models & Prefabs/Models/Downloaded_Assets/Korea_TreasureProps/Textures/T_083_Kettle_RN.png
  artifactKey: Guid(abc00000000001186275782403633893) Importer(815301076,1909f56bfc062723c751e8b465ee728b)
Start importing Assets/Models & Prefabs/Models/Downloaded_Assets/Korea_TreasureProps/Textures/T_083_Kettle_RN.png using Guid(abc00000000001186275782403633893) Importer(815301076,1909f56bfc062723c751e8b465ee728b) (PreviewImporter) -> (artifact id: 'e84aa14347421c7a56bfd23576ee767c') in 0.0205833 seconds
Internal: There are remaining Allocations on the JobTempAlloc. This is a leak, and will impact performance
To Debug, run app with -diag-job-temp-memory-leak-validation cmd line argument. This will output the callstacks of the leaked allocations.
Number of updated asset objects reloaded before import = 0Number of asset objects unloaded after import = 2

========================================================================
Received Import Request.
  Time since last request: 0.010082 seconds.
  path: Assets/Models & Prefabs/Models/Downloaded_Assets/Floreswa/Prefabs/sofa.prefab
  artifactKey: Guid(9381f1d0cd2b061488a396cc1ff2adff) Importer(815301076,1909f56bfc062723c751e8b465ee728b)
Start importing Assets/Models & Prefabs/Models/Downloaded_Assets/Floreswa/Prefabs/sofa.prefab using Guid(9381f1d0cd2b061488a396cc1ff2adff) Importer(815301076,1909f56bfc062723c751e8b465ee728b) (PreviewImporter) -> (artifact id: '5441103944d7709cc77ceff19d78e045') in 0.0155653 seconds
Internal: There are remaining Allocations on the JobTempAlloc. This is a leak, and will impact performance
To Debug, run app with -diag-job-temp-memory-leak-validation cmd line argument. This will output the callstacks of the leaked allocations.
Number of updated asset objects reloaded before import = 0Number of asset objects unloaded after import = 14

========================================================================
Received Import Request.
  Time since last request: 0.003162 seconds.
  path: Assets/Models & Prefabs/Models/Downloaded_Assets/Greek Statue/Materials
  artifactKey: Guid(39aa0c193340174439a4276e90af01b4) Importer(815301076,1909f56bfc062723c751e8b465ee728b)
Start importing Assets/Models & Prefabs/Models/Downloaded_Assets/Greek Statue/Materials using Guid(39aa0c193340174439a4276e90af01b4) Importer(815301076,1909f56bfc062723c751e8b465ee728b) (PreviewImporter) -> (artifact id: '2857338c1bfefc7979fc82cdc5423d4f') in 0.0006812 seconds
Internal: There are remaining Allocations on the JobTempAlloc. This is a leak, and will impact performance
To Debug, run app with -diag-job-temp-memory-leak-validation cmd line argument. This will output the callstacks of the leaked allocations.
Number of updated asset objects reloaded before import = 0Number of asset objects unloaded after import = 0

========================================================================
Received Import Request.
  Time since last request: 0.004140 seconds.
  path: Assets/Models & Prefabs/Models/Downloaded_Assets/ithappy/Animals_FREE/Scripts/CreatureMover.cs
  artifactKey: Guid(be2f4aa750c530144bd7219a00354c98) Importer(815301076,1909f56bfc062723c751e8b465ee728b)
Start importing Assets/Models & Prefabs/Models/Downloaded_Assets/ithappy/Animals_FREE/Scripts/CreatureMover.cs using Guid(be2f4aa750c530144bd7219a00354c98) Importer(815301076,1909f56bfc062723c751e8b465ee728b) (PreviewImporter) -> (artifact id: '034feee6277f44e52fb8aa75e3e400aa') in 0.0007683 seconds
Internal: There are remaining Allocations on the JobTempAlloc. This is a leak, and will impact performance
To Debug, run app with -diag-job-temp-memory-leak-validation cmd line argument. This will output the callstacks of the leaked allocations.
Number of updated asset objects reloaded before import = 0Number of asset objects unloaded after import = 0

========================================================================
Received Import Request.
  Time since last request: 0.002491 seconds.
  path: Assets/TextMesh Pro/Fonts
  artifactKey: Guid(6ab70aee4d56447429c680537fbf93ed) Importer(815301076,1909f56bfc062723c751e8b465ee728b)
Start importing Assets/TextMesh Pro/Fonts using Guid(6ab70aee4d56447429c680537fbf93ed) Importer(815301076,1909f56bfc062723c751e8b465ee728b) (PreviewImporter) -> (artifact id: '50978da7738bcaa3e3c35b478e984180') in 0.0005389 seconds
Internal: There are remaining Allocations on the JobTempAlloc. This is a leak, and will impact performance
To Debug, run app with -diag-job-temp-memory-leak-validation cmd line argument. This will output the callstacks of the leaked allocations.
Number of updated asset objects reloaded before import = 0Number of asset objects unloaded after import = 0

========================================================================
Received Import Request.
  Time since last request: 0.008319 seconds.
  path: Assets/Models & Prefabs/Models/Downloaded_Assets/Korea_TreasureProps/Textures/T_039_Pot_Lid_NM.png
  artifactKey: Guid(abc00000000011907345895623446688) Importer(815301076,1909f56bfc062723c751e8b465ee728b)
Start importing Assets/Models & Prefabs/Models/Downloaded_Assets/Korea_TreasureProps/Textures/T_039_Pot_Lid_NM.png using Guid(abc00000000011907345895623446688) Importer(815301076,1909f56bfc062723c751e8b465ee728b) (PreviewImporter) -> (artifact id: '3ab3cc9c98b7a089242e03d361df23d0') in 0.0195356 seconds
Internal: There are remaining Allocations on the JobTempAlloc. This is a leak, and will impact performance
To Debug, run app with -diag-job-temp-memory-leak-validation cmd line argument. This will output the callstacks of the leaked allocations.
Number of updated asset objects reloaded before import = 0Number of asset objects unloaded after import = 2

========================================================================
Received Import Request.
  Time since last request: 0.006736 seconds.
  path: Assets/Models & Prefabs/Models/Downloaded_Assets/DungeonModularPack/Textures/T_Handrail_N.tga
  artifactKey: Guid(a0b2b5f78c3c17f4ba84225f9b14a0f6) Importer(815301076,1909f56bfc062723c751e8b465ee728b)
Start importing Assets/Models & Prefabs/Models/Downloaded_Assets/DungeonModularPack/Textures/T_Handrail_N.tga using Guid(a0b2b5f78c3c17f4ba84225f9b14a0f6) Importer(815301076,1909f56bfc062723c751e8b465ee728b) (PreviewImporter) -> (artifact id: 'a046d0a0ba2085c32a195be8d6c2f152') in 0.0160616 seconds
Internal: There are remaining Allocations on the JobTempAlloc. This is a leak, and will impact performance
To Debug, run app with -diag-job-temp-memory-leak-validation cmd line argument. This will output the callstacks of the leaked allocations.
Number of updated asset objects reloaded before import = 0Number of asset objects unloaded after import = 2

========================================================================
Received Import Request.
  Time since last request: 0.043663 seconds.
  path: Assets/Models & Prefabs/Models/Downloaded_Assets/Korea_TreasureProps/Prefabs
  artifactKey: Guid(857648c2b2d31e34caaa7f76d195813a) Importer(815301076,1909f56bfc062723c751e8b465ee728b)
Start importing Assets/Models & Prefabs/Models/Downloaded_Assets/Korea_TreasureProps/Prefabs using Guid(857648c2b2d31e34caaa7f76d195813a) Importer(815301076,1909f56bfc062723c751e8b465ee728b) (PreviewImporter) -> (artifact id: 'd7744f5f06fadcfb010facd53d2d7b59') in 0.0010553 seconds
Internal: There are remaining Allocations on the JobTempAlloc. This is a leak, and will impact performance
To Debug, run app with -diag-job-temp-memory-leak-validation cmd line argument. This will output the callstacks of the leaked allocations.
Number of updated asset objects reloaded before import = 0Number of asset objects unloaded after import = 0

========================================================================
Received Import Request.
  Time since last request: 0.002714 seconds.
  path: Assets/TextMesh Pro
  artifactKey: Guid(f54d1bd14bd3ca042bd867b519fee8cc) Importer(815301076,1909f56bfc062723c751e8b465ee728b)
Start importing Assets/TextMesh Pro using Guid(f54d1bd14bd3ca042bd867b519fee8cc) Importer(815301076,1909f56bfc062723c751e8b465ee728b) (PreviewImporter) -> (artifact id: 'e9dfec2455345e805a138b72d71f1d65') in 0.000716 seconds
Internal: There are remaining Allocations on the JobTempAlloc. This is a leak, and will impact performance
To Debug, run app with -diag-job-temp-memory-leak-validation cmd line argument. This will output the callstacks of the leaked allocations.
Number of updated asset objects reloaded before import = 0Number of asset objects unloaded after import = 0

========================================================================
Received Import Request.
  Time since last request: 0.004561 seconds.
  path: Assets/Models & Prefabs/Walls and Floors/Models/Wood/materials/Wall-Wood-Model-03.png
  artifactKey: Guid(b86e8d2f00e714c458cea7ffa4b81753) Importer(815301076,1909f56bfc062723c751e8b465ee728b)
Start importing Assets/Models & Prefabs/Walls and Floors/Models/Wood/materials/Wall-Wood-Model-03.png using Guid(b86e8d2f00e714c458cea7ffa4b81753) Importer(815301076,1909f56bfc062723c751e8b465ee728b) (PreviewImporter) -> (artifact id: '2468a53ad5ad3ba2de51b3ee480d706b') in 0.0158518 seconds
Internal: There are remaining Allocations on the JobTempAlloc. This is a leak, and will impact performance
To Debug, run app with -diag-job-temp-memory-leak-validation cmd line argument. This will output the callstacks of the leaked allocations.
Number of updated asset objects reloaded before import = 0Number of asset objects unloaded after import = 2

========================================================================
Received Import Request.
  Time since last request: 0.004624 seconds.
  path: Assets/Animation/Motions/male02_2.controller
  artifactKey: Guid(8ebbb67ce96e10a449b373ef23890172) Importer(815301076,1909f56bfc062723c751e8b465ee728b)
Start importing Assets/Animation/Motions/male02_2.controller using Guid(8ebbb67ce96e10a449b373ef23890172) Importer(815301076,1909f56bfc062723c751e8b465ee728b) (PreviewImporter) -> (artifact id: '0e276652f1fce9947b29024a094d3565') in 0.0185465 seconds
Internal: There are remaining Allocations on the JobTempAlloc. This is a leak, and will impact performance
To Debug, run app with -diag-job-temp-memory-leak-validation cmd line argument. This will output the callstacks of the leaked allocations.
Number of updated asset objects reloaded before import = 0Number of asset objects unloaded after import = 4

========================================================================
Received Import Request.
  Time since last request: 0.023104 seconds.
  path: Assets/Models & Prefabs/Walls and Floors/Models/Wood/materials/Wall-Wood-Model-07.png
  artifactKey: Guid(873c5c5ed605db24690f89923871b86e) Importer(815301076,1909f56bfc062723c751e8b465ee728b)
Start importing Assets/Models & Prefabs/Walls and Floors/Models/Wood/materials/Wall-Wood-Model-07.png using Guid(873c5c5ed605db24690f89923871b86e) Importer(815301076,1909f56bfc062723c751e8b465ee728b) (PreviewImporter) -> (artifact id: 'cdfd40f8214e712c1b9c7885440b8efc') in 0.0142539 seconds
Internal: There are remaining Allocations on the JobTempAlloc. This is a leak, and will impact performance
To Debug, run app with -diag-job-temp-memory-leak-validation cmd line argument. This will output the callstacks of the leaked allocations.
Number of updated asset objects reloaded before import = 0Number of asset objects unloaded after import = 2

========================================================================
Received Import Request.
  Time since last request: 0.004607 seconds.
  path: Assets/Models & Prefabs/Walls and Floors/Models/Wood/materials/Wall-Wood-Model-10.png
  artifactKey: Guid(73a539225e2e1334e8032e8f43a49314) Importer(815301076,1909f56bfc062723c751e8b465ee728b)
Start importing Assets/Models & Prefabs/Walls and Floors/Models/Wood/materials/Wall-Wood-Model-10.png using Guid(73a539225e2e1334e8032e8f43a49314) Importer(815301076,1909f56bfc062723c751e8b465ee728b) (PreviewImporter) -> (artifact id: 'a818458e68e3af55c22329f0d3ef6fbe') in 0.0143421 seconds
Internal: There are remaining Allocations on the JobTempAlloc. This is a leak, and will impact performance
To Debug, run app with -diag-job-temp-memory-leak-validation cmd line argument. This will output the callstacks of the leaked allocations.
Number of updated asset objects reloaded before import = 0Number of asset objects unloaded after import = 2

========================================================================
Received Import Request.
  Time since last request: 0.015497 seconds.
  path: Assets/Materials and Textures/Downloaded/YughuesFreeGroundMaterials/Preview/P_Sphere.prefab
  artifactKey: Guid(df06d0b0a1c9f5148af85373fe38567a) Importer(815301076,1909f56bfc062723c751e8b465ee728b)
Start importing Assets/Materials and Textures/Downloaded/YughuesFreeGroundMaterials/Preview/P_Sphere.prefab using Guid(df06d0b0a1c9f5148af85373fe38567a) Importer(815301076,1909f56bfc062723c751e8b465ee728b) (PreviewImporter) -> (artifact id: '634a95e6880d2f3f018e8f0c7df6f770') in 0.0183958 seconds
Internal: There are remaining Allocations on the JobTempAlloc. This is a leak, and will impact performance
To Debug, run app with -diag-job-temp-memory-leak-validation cmd line argument. This will output the callstacks of the leaked allocations.
Number of updated asset objects reloaded before import = 0Number of asset objects unloaded after import = 15

========================================================================
Received Import Request.
  Time since last request: 0.014177 seconds.
  path: Assets/Models & Prefabs/Walls and Floors/Prefabs/Wood/Walls/Wall-Wood (12).prefab
  artifactKey: Guid(fb59533c38f3c0f4ca418d60818b0fa1) Importer(815301076,1909f56bfc062723c751e8b465ee728b)
Start importing Assets/Models & Prefabs/Walls and Floors/Prefabs/Wood/Walls/Wall-Wood (12).prefab using Guid(fb59533c38f3c0f4ca418d60818b0fa1) Importer(815301076,1909f56bfc062723c751e8b465ee728b) (PreviewImporter) -> (artifact id: 'b10152be4762829c270f460cae54f344') in 0.0172962 seconds
Internal: There are remaining Allocations on the JobTempAlloc. This is a leak, and will impact performance
To Debug, run app with -diag-job-temp-memory-leak-validation cmd line argument. This will output the callstacks of the leaked allocations.
Number of updated asset objects reloaded before import = 0Number of asset objects unloaded after import = 11

========================================================================
Received Import Request.
  Time since last request: 0.023793 seconds.
  path: Assets/Models & Prefabs/Models/Downloaded_Assets/ithappy/Animals_FREE/Animations/Other_Animations/Deer_001_walk.anim
  artifactKey: Guid(3264f521eed7f824f8d725deb24b4418) Importer(815301076,1909f56bfc062723c751e8b465ee728b)
Start importing Assets/Models & Prefabs/Models/Downloaded_Assets/ithappy/Animals_FREE/Animations/Other_Animations/Deer_001_walk.anim using Guid(3264f521eed7f824f8d725deb24b4418) Importer(815301076,1909f56bfc062723c751e8b465ee728b) (PreviewImporter) -> (artifact id: '83281d9281b4dea94c1fd319784c3dee') in 0.0055692 seconds
Internal: There are remaining Allocations on the JobTempAlloc. This is a leak, and will impact performance
To Debug, run app with -diag-job-temp-memory-leak-validation cmd line argument. This will output the callstacks of the leaked allocations.
Number of updated asset objects reloaded before import = 0Number of asset objects unloaded after import = 1

========================================================================
Received Import Request.
  Time since last request: 0.063147 seconds.
  path: Assets/Models & Prefabs/Models/Downloaded_Assets/Wooden Double Door front handle entrance/Textures/T_door1_medium_Normal.png
  artifactKey: Guid(e1fa9be4a28eec340a54d5ebabf142fe) Importer(815301076,1909f56bfc062723c751e8b465ee728b)
Start importing Assets/Models & Prefabs/Models/Downloaded_Assets/Wooden Double Door front handle entrance/Textures/T_door1_medium_Normal.png using Guid(e1fa9be4a28eec340a54d5ebabf142fe) Importer(815301076,1909f56bfc062723c751e8b465ee728b) (PreviewImporter) -> (artifact id: '149c3c58fedfb6413b129ec5d1569c72') in 0.0282066 seconds
Internal: There are remaining Allocations on the JobTempAlloc. This is a leak, and will impact performance
To Debug, run app with -diag-job-temp-memory-leak-validation cmd line argument. This will output the callstacks of the leaked allocations.
Number of updated asset objects reloaded before import = 0Number of asset objects unloaded after import = 2

========================================================================
Received Import Request.
  Time since last request: 0.008810 seconds.
  path: Assets/Models & Prefabs/Models/Downloaded_Assets/DungeonModularPack/Prefabs/Tile_A.prefab
  artifactKey: Guid(c863f656782d099438e2f1ba789301c8) Importer(815301076,1909f56bfc062723c751e8b465ee728b)
Start importing Assets/Models & Prefabs/Models/Downloaded_Assets/DungeonModularPack/Prefabs/Tile_A.prefab using Guid(c863f656782d099438e2f1ba789301c8) Importer(815301076,1909f56bfc062723c751e8b465ee728b) (PreviewImporter) -> (artifact id: '12f4aa25d114c3d9693315393486db88') in 0.0190729 seconds
Internal: There are remaining Allocations on the JobTempAlloc. This is a leak, and will impact performance
To Debug, run app with -diag-job-temp-memory-leak-validation cmd line argument. This will output the callstacks of the leaked allocations.
Number of updated asset objects reloaded before import = 0Number of asset objects unloaded after import = 18

========================================================================
Received Import Request.
  Time since last request: 0.014422 seconds.
  path: Assets/Materials and Textures/Downloaded/Checker_Tile/Tiles074_1K-JPG.mtlx
  artifactKey: Guid(c0dee9f07d23c1343adad624bde5a204) Importer(815301076,1909f56bfc062723c751e8b465ee728b)
Start importing Assets/Materials and Textures/Downloaded/Checker_Tile/Tiles074_1K-JPG.mtlx using Guid(c0dee9f07d23c1343adad624bde5a204) Importer(815301076,1909f56bfc062723c751e8b465ee728b) (PreviewImporter) -> (artifact id: 'fd614a7b708805718e42b5666008af8f') in 0.0012352 seconds
Internal: There are remaining Allocations on the JobTempAlloc. This is a leak, and will impact performance
To Debug, run app with -diag-job-temp-memory-leak-validation cmd line argument. This will output the callstacks of the leaked allocations.
Number of updated asset objects reloaded before import = 0Number of asset objects unloaded after import = 1

========================================================================
Received Import Request.
  Time since last request: 0.039228 seconds.
  path: Assets/Models & Prefabs/Models/Downloaded_Assets/DungeonModularPack/Textures/T_Pillar_N.tga
  artifactKey: Guid(8f0e9be6b771b8f429c555ecce501df0) Importer(815301076,1909f56bfc062723c751e8b465ee728b)
Start importing Assets/Models & Prefabs/Models/Downloaded_Assets/DungeonModularPack/Textures/T_Pillar_N.tga using Guid(8f0e9be6b771b8f429c555ecce501df0) Importer(815301076,1909f56bfc062723c751e8b465ee728b) (PreviewImporter) -> (artifact id: 'a11c7512d3efb666266b4ecf315e7cbc') in 0.0159061 seconds
Internal: There are remaining Allocations on the JobTempAlloc. This is a leak, and will impact performance
To Debug, run app with -diag-job-temp-memory-leak-validation cmd line argument. This will output the callstacks of the leaked allocations.
Number of updated asset objects reloaded before import = 0Number of asset objects unloaded after import = 2

========================================================================
Received Import Request.
  Time since last request: 0.048562 seconds.
  path: Assets/Materials and Textures/Downloaded/YughuesFreeGroundMaterials/Textures/T_YFGM_GroundStones01_s.tga
  artifactKey: Guid(0e528efe9854fd94ba3249f3c0638b4b) Importer(815301076,1909f56bfc062723c751e8b465ee728b)
Start importing Assets/Materials and Textures/Downloaded/YughuesFreeGroundMaterials/Textures/T_YFGM_GroundStones01_s.tga using Guid(0e528efe9854fd94ba3249f3c0638b4b) Importer(815301076,1909f56bfc062723c751e8b465ee728b) (PreviewImporter) -> (artifact id: '5e8e617505c7d3c9acd7e5cde97a914b') in 0.1327651 seconds
Internal: There are remaining Allocations on the JobTempAlloc. This is a leak, and will impact performance
To Debug, run app with -diag-job-temp-memory-leak-validation cmd line argument. This will output the callstacks of the leaked allocations.
Number of updated asset objects reloaded before import = 0Number of asset objects unloaded after import = 2

========================================================================
Received Import Request.
  Time since last request: 0.044893 seconds.
  path: Assets/Models & Prefabs/Models/Downloaded_Assets/Korea_TreasureProps/Textures/T_040_A_Ceramic_Bottle_RN.png
  artifactKey: Guid(abc00000000017806800550235911478) Importer(815301076,1909f56bfc062723c751e8b465ee728b)
Start importing Assets/Models & Prefabs/Models/Downloaded_Assets/Korea_TreasureProps/Textures/T_040_A_Ceramic_Bottle_RN.png using Guid(abc00000000017806800550235911478) Importer(815301076,1909f56bfc062723c751e8b465ee728b) (PreviewImporter) -> (artifact id: '5dba78f5e9251fb74f0d0b94ae75cdf2') in 0.0167765 seconds
Internal: There are remaining Allocations on the JobTempAlloc. This is a leak, and will impact performance
To Debug, run app with -diag-job-temp-memory-leak-validation cmd line argument. This will output the callstacks of the leaked allocations.
Number of updated asset objects reloaded before import = 0Number of asset objects unloaded after import = 2

========================================================================
Received Import Request.
  Time since last request: 0.049958 seconds.
  path: Assets/Models & Prefabs/Models/Downloaded_Assets/Korea_TreasureProps/Meshes/SM_011_Statue_of_the_Buddha_002.fbx
  artifactKey: Guid(6c27f1b53778eea49842c23563caffc5) Importer(815301076,1909f56bfc062723c751e8b465ee728b)
Start importing Assets/Models & Prefabs/Models/Downloaded_Assets/Korea_TreasureProps/Meshes/SM_011_Statue_of_the_Buddha_002.fbx using Guid(6c27f1b53778eea49842c23563caffc5) Importer(815301076,1909f56bfc062723c751e8b465ee728b) (PreviewImporter) -> (artifact id: '3cf71e207e61f2ee5a5a4e15ac45a07a') in 0.027252 seconds
Internal: There are remaining Allocations on the JobTempAlloc. This is a leak, and will impact performance
To Debug, run app with -diag-job-temp-memory-leak-validation cmd line argument. This will output the callstacks of the leaked allocations.
Number of updated asset objects reloaded before import = 0Number of asset objects unloaded after import = 13

========================================================================
Received Import Request.
  Time since last request: 0.028702 seconds.
  path: Assets/Models & Prefabs/Prefabs/Structures/short_wall.prefab
  artifactKey: Guid(33c70ebaf7e606a4ca85ffd55b219212) Importer(815301076,1909f56bfc062723c751e8b465ee728b)
Start importing Assets/Models & Prefabs/Prefabs/Structures/short_wall.prefab using Guid(33c70ebaf7e606a4ca85ffd55b219212) Importer(815301076,1909f56bfc062723c751e8b465ee728b) (PreviewImporter) -> (artifact id: '85d723885f363f62678cec10b37152a8') in 0.0261768 seconds
Internal: There are remaining Allocations on the JobTempAlloc. This is a leak, and will impact performance
To Debug, run app with -diag-job-temp-memory-leak-validation cmd line argument. This will output the callstacks of the leaked allocations.
Number of updated asset objects reloaded before import = 0Number of asset objects unloaded after import = 20

========================================================================
Received Import Request.
  Time since last request: 0.003911 seconds.
  path: Assets/Models & Prefabs/Walls and Floors/Prefabs/Stone/Walls/Wall-Stone (8).prefab
  artifactKey: Guid(85436259a02f98b46a04c868d4cfd2af) Importer(815301076,1909f56bfc062723c751e8b465ee728b)
Start importing Assets/Models & Prefabs/Walls and Floors/Prefabs/Stone/Walls/Wall-Stone (8).prefab using Guid(85436259a02f98b46a04c868d4cfd2af) Importer(815301076,1909f56bfc062723c751e8b465ee728b) (PreviewImporter) -> (artifact id: '7194a935e2676fea8b362d4cf4edd80a') in 0.016385 seconds
Internal: There are remaining Allocations on the JobTempAlloc. This is a leak, and will impact performance
To Debug, run app with -diag-job-temp-memory-leak-validation cmd line argument. This will output the callstacks of the leaked allocations.
Number of updated asset objects reloaded before import = 0Number of asset objects unloaded after import = 10

========================================================================
Received Import Request.
  Time since last request: 0.004525 seconds.
  path: Assets/Models & Prefabs/Models/Downloaded_Assets/Awesome_Lamp_Collection/Modells/Materials/Lamp_10.mat
  artifactKey: Guid(553300d767fad184ea674f48bd8047db) Importer(815301076,1909f56bfc062723c751e8b465ee728b)
Start importing Assets/Models & Prefabs/Models/Downloaded_Assets/Awesome_Lamp_Collection/Modells/Materials/Lamp_10.mat using Guid(553300d767fad184ea674f48bd8047db) Importer(815301076,1909f56bfc062723c751e8b465ee728b) (PreviewImporter) -> (artifact id: 'f8872f392065b7f336d5929338458a48') in 0.0069944 seconds
Internal: There are remaining Allocations on the JobTempAlloc. This is a leak, and will impact performance
To Debug, run app with -diag-job-temp-memory-leak-validation cmd line argument. This will output the callstacks of the leaked allocations.
Number of updated asset objects reloaded before import = 0Number of asset objects unloaded after import = 1

========================================================================
Received Import Request.
  Time since last request: 0.059191 seconds.
  path: Assets/Models & Prefabs/Models/Downloaded_Assets/Floreswa/Prefabs
  artifactKey: Guid(c990e6adbc5959146a5275ba84b7e8c0) Importer(815301076,1909f56bfc062723c751e8b465ee728b)
Start importing Assets/Models & Prefabs/Models/Downloaded_Assets/Floreswa/Prefabs using Guid(c990e6adbc5959146a5275ba84b7e8c0) Importer(815301076,1909f56bfc062723c751e8b465ee728b) (PreviewImporter) -> (artifact id: '41735eb3c9729e003f818cf9e7319656') in 0.000575 seconds
Internal: There are remaining Allocations on the JobTempAlloc. This is a leak, and will impact performance
To Debug, run app with -diag-job-temp-memory-leak-validation cmd line argument. This will output the callstacks of the leaked allocations.
Number of updated asset objects reloaded before import = 0Number of asset objects unloaded after import = 0

========================================================================
Received Import Request.
  Time since last request: 0.110189 seconds.
  path: Assets/Models & Prefabs/Models/Downloaded_Assets/Korea_TreasureProps/Textures/T_083_Kettle_Lid_RN.png
  artifactKey: Guid(abc00000000009291547032015984995) Importer(815301076,1909f56bfc062723c751e8b465ee728b)
Start importing Assets/Models & Prefabs/Models/Downloaded_Assets/Korea_TreasureProps/Textures/T_083_Kettle_Lid_RN.png using Guid(abc00000000009291547032015984995) Importer(815301076,1909f56bfc062723c751e8b465ee728b) (PreviewImporter) -> (artifact id: 'eb93d4f5f43d621317b76c6b251905a0') in 0.0312461 seconds
Internal: There are remaining Allocations on the JobTempAlloc. This is a leak, and will impact performance
To Debug, run app with -diag-job-temp-memory-leak-validation cmd line argument. This will output the callstacks of the leaked allocations.
Number of updated asset objects reloaded before import = 0Number of asset objects unloaded after import = 2

========================================================================
Received Import Request.
  Time since last request: 0.003481 seconds.
  path: Assets/Models & Prefabs/Models/Downloaded_Assets/Awesome_Lamp_Collection/Textures/Lamp17.1
  artifactKey: Guid(eb5612e8c59fbe74ca1accbe73fd2353) Importer(815301076,1909f56bfc062723c751e8b465ee728b)
Start importing Assets/Models & Prefabs/Models/Downloaded_Assets/Awesome_Lamp_Collection/Textures/Lamp17.1 using Guid(eb5612e8c59fbe74ca1accbe73fd2353) Importer(815301076,1909f56bfc062723c751e8b465ee728b) (PreviewImporter) -> (artifact id: '7823cd5575fb6a1894c5e4444eafc57d') in 0.0006306 seconds
Internal: There are remaining Allocations on the JobTempAlloc. This is a leak, and will impact performance
To Debug, run app with -diag-job-temp-memory-leak-validation cmd line argument. This will output the callstacks of the leaked allocations.
Number of updated asset objects reloaded before import = 0Number of asset objects unloaded after import = 0

========================================================================
Received Import Request.
  Time since last request: 0.009503 seconds.
  path: Assets/Models & Prefabs/Walls and Floors/Models/Wood/materials/Wall-Wood-Model-03.mat
  artifactKey: Guid(f38051be6a8ad8f4fb93e30ac60ba245) Importer(815301076,1909f56bfc062723c751e8b465ee728b)
Start importing Assets/Models & Prefabs/Walls and Floors/Models/Wood/materials/Wall-Wood-Model-03.mat using Guid(f38051be6a8ad8f4fb93e30ac60ba245) Importer(815301076,1909f56bfc062723c751e8b465ee728b) (PreviewImporter) -> (artifact id: 'f20cde334bbee8630214b0d6fa24b6c0') in 0.0198948 seconds
Internal: There are remaining Allocations on the JobTempAlloc. This is a leak, and will impact performance
To Debug, run app with -diag-job-temp-memory-leak-validation cmd line argument. This will output the callstacks of the leaked allocations.
Number of updated asset objects reloaded before import = 0Number of asset objects unloaded after import = 2

========================================================================
Received Import Request.
  Time since last request: 0.067174 seconds.
  path: Assets/Models & Prefabs/Models/Downloaded_Assets/Awesome_Lamp_Collection/Modells/Materials/Lamp_05.mat
  artifactKey: Guid(c0b37b720c1507e4bb033be3889eb3c3) Importer(815301076,1909f56bfc062723c751e8b465ee728b)
Start importing Assets/Models & Prefabs/Models/Downloaded_Assets/Awesome_Lamp_Collection/Modells/Materials/Lamp_05.mat using Guid(c0b37b720c1507e4bb033be3889eb3c3) Importer(815301076,1909f56bfc062723c751e8b465ee728b) (PreviewImporter) -> (artifact id: '5916eaada5a0525739d85c5042bc5b90') in 0.0066393 seconds
Internal: There are remaining Allocations on the JobTempAlloc. This is a leak, and will impact performance
To Debug, run app with -diag-job-temp-memory-leak-validation cmd line argument. This will output the callstacks of the leaked allocations.
Number of updated asset objects reloaded before import = 0Number of asset objects unloaded after import = 1

========================================================================
Received Import Request.
  Time since last request: 0.098626 seconds.
  path: Assets/Audio/Super Mario 64 - Inside Peachs Castle Music.mp3
  artifactKey: Guid(5c16c5277f707f64c89057f275a1959e) Importer(815301076,1909f56bfc062723c751e8b465ee728b)
Start importing Assets/Audio/Super Mario 64 - Inside Peachs Castle Music.mp3 using Guid(5c16c5277f707f64c89057f275a1959e) Importer(815301076,1909f56bfc062723c751e8b465ee728b) (PreviewImporter) -> (artifact id: '308b43b1b8a5d80dc7860ef1e7d2ba3a') in 0.017377 seconds
Internal: There are remaining Allocations on the JobTempAlloc. This is a leak, and will impact performance
To Debug, run app with -diag-job-temp-memory-leak-validation cmd line argument. This will output the callstacks of the leaked allocations.
Number of updated asset objects reloaded before import = 0Number of asset objects unloaded after import = 2

========================================================================
Received Import Request.
  Time since last request: 0.010318 seconds.
  path: Assets/Materials and Textures/Downloaded/YughuesFreeGroundMaterials/Textures/T_YFGM_Salt_n.tga
  artifactKey: Guid(d24694a408677f1428c9bb23f20e6beb) Importer(815301076,1909f56bfc062723c751e8b465ee728b)
Start importing Assets/Materials and Textures/Downloaded/YughuesFreeGroundMaterials/Textures/T_YFGM_Salt_n.tga using Guid(d24694a408677f1428c9bb23f20e6beb) Importer(815301076,1909f56bfc062723c751e8b465ee728b) (PreviewImporter) -> (artifact id: 'cda8f844c14854608bdab36b880f2bc7') in 0.0486836 seconds
Internal: There are remaining Allocations on the JobTempAlloc. This is a leak, and will impact performance
To Debug, run app with -diag-job-temp-memory-leak-validation cmd line argument. This will output the callstacks of the leaked allocations.
Number of updated asset objects reloaded before import = 0Number of asset objects unloaded after import = 2

========================================================================
Received Import Request.
  Time since last request: 0.004417 seconds.
  path: Assets/TextMesh Pro/Resources/Sprite Assets/EmojiOne.asset
  artifactKey: Guid(c41005c129ba4d66911b75229fd70b45) Importer(815301076,1909f56bfc062723c751e8b465ee728b)
Start importing Assets/TextMesh Pro/Resources/Sprite Assets/EmojiOne.asset using Guid(c41005c129ba4d66911b75229fd70b45) Importer(815301076,1909f56bfc062723c751e8b465ee728b) (PreviewImporter) -> (artifact id: 'c548126f5a7cab685a54f1b1230c7e19') in 0.0030768 seconds
Internal: There are remaining Allocations on the JobTempAlloc. This is a leak, and will impact performance
To Debug, run app with -diag-job-temp-memory-leak-validation cmd line argument. This will output the callstacks of the leaked allocations.
Number of updated asset objects reloaded before import = 0Number of asset objects unloaded after import = 3

========================================================================
Received Import Request.
  Time since last request: 0.029449 seconds.
  path: Assets/Models & Prefabs/Walls and Floors/Models/Wood/materials/Floor-Wood-Model-01.mat
  artifactKey: Guid(cbfb4d7cac84be4449eb79e6a47c9ad0) Importer(815301076,1909f56bfc062723c751e8b465ee728b)
Start importing Assets/Models & Prefabs/Walls and Floors/Models/Wood/materials/Floor-Wood-Model-01.mat using Guid(cbfb4d7cac84be4449eb79e6a47c9ad0) Importer(815301076,1909f56bfc062723c751e8b465ee728b) (PreviewImporter) -> (artifact id: 'affac91a4d96ffbc3b45ecd2bef38635') in 0.0293492 seconds
Internal: There are remaining Allocations on the JobTempAlloc. This is a leak, and will impact performance
To Debug, run app with -diag-job-temp-memory-leak-validation cmd line argument. This will output the callstacks of the leaked allocations.
Number of updated asset objects reloaded before import = 0Number of asset objects unloaded after import = 5

========================================================================
Received Import Request.
  Time since last request: 0.014792 seconds.
  path: Assets/Models & Prefabs/Walls and Floors/Prefabs/Stone/Walls/Wall-Stone (10).prefab
  artifactKey: Guid(011b6cd529bfaf543ad52857ad90de05) Importer(815301076,1909f56bfc062723c751e8b465ee728b)
Start importing Assets/Models & Prefabs/Walls and Floors/Prefabs/Stone/Walls/Wall-Stone (10).prefab using Guid(011b6cd529bfaf543ad52857ad90de05) Importer(815301076,1909f56bfc062723c751e8b465ee728b) (PreviewImporter) -> (artifact id: '346675d7a6aa5379b4608ce9b2c17742') in 0.0158379 seconds
Internal: There are remaining Allocations on the JobTempAlloc. This is a leak, and will impact performance
To Debug, run app with -diag-job-temp-memory-leak-validation cmd line argument. This will output the callstacks of the leaked allocations.
Number of updated asset objects reloaded before import = 0Number of asset objects unloaded after import = 10

========================================================================
Received Import Request.
  Time since last request: 0.017746 seconds.
  path: Assets/Models & Prefabs/Models/Downloaded_Assets/DungeonModularPack/Meshes/Tile_B.fbx
  artifactKey: Guid(28e05133da4356a4481dc9bd40ad9986) Importer(815301076,1909f56bfc062723c751e8b465ee728b)
Start importing Assets/Models & Prefabs/Models/Downloaded_Assets/DungeonModularPack/Meshes/Tile_B.fbx using Guid(28e05133da4356a4481dc9bd40ad9986) Importer(815301076,1909f56bfc062723c751e8b465ee728b) (PreviewImporter) -> (artifact id: '3db9d0fb4dab1fcbf4ef3d1e90137e53') in 0.0181636 seconds
Internal: There are remaining Allocations on the JobTempAlloc. This is a leak, and will impact performance
To Debug, run app with -diag-job-temp-memory-leak-validation cmd line argument. This will output the callstacks of the leaked allocations.
Number of updated asset objects reloaded before import = 0Number of asset objects unloaded after import = 7

========================================================================
Received Import Request.
  Time since last request: 0.015462 seconds.
  path: Assets/TextMesh Pro/Shaders/TMP_Sprite.shader
  artifactKey: Guid(cf81c85f95fe47e1a27f6ae460cf182c) Importer(815301076,1909f56bfc062723c751e8b465ee728b)
Start importing Assets/TextMesh Pro/Shaders/TMP_Sprite.shader using Guid(cf81c85f95fe47e1a27f6ae460cf182c) Importer(815301076,1909f56bfc062723c751e8b465ee728b) (PreviewImporter) -> (artifact id: '208275b7848b104193e1d58e77c457f8') in 0.0010209 seconds
Internal: There are remaining Allocations on the JobTempAlloc. This is a leak, and will impact performance
To Debug, run app with -diag-job-temp-memory-leak-validation cmd line argument. This will output the callstacks of the leaked allocations.
Number of updated asset objects reloaded before import = 0Number of asset objects unloaded after import = 0

========================================================================
Received Import Request.
  Time since last request: 0.031056 seconds.
  path: Assets/Models & Prefabs/Models/Downloaded_Assets/Korea_TreasureProps/Textures/T_083_Kettle_BC.png
  artifactKey: Guid(abc00000000014246618855772336974) Importer(815301076,1909f56bfc062723c751e8b465ee728b)
Start importing Assets/Models & Prefabs/Models/Downloaded_Assets/Korea_TreasureProps/Textures/T_083_Kettle_BC.png using Guid(abc00000000014246618855772336974) Importer(815301076,1909f56bfc062723c751e8b465ee728b) (PreviewImporter) -> (artifact id: 'ba533f81c9d42f9474b01e6f3f132faa') in 0.0207149 seconds
Internal: There are remaining Allocations on the JobTempAlloc. This is a leak, and will impact performance
To Debug, run app with -diag-job-temp-memory-leak-validation cmd line argument. This will output the callstacks of the leaked allocations.
Number of updated asset objects reloaded before import = 0Number of asset objects unloaded after import = 2

========================================================================
Received Import Request.
  Time since last request: 0.071264 seconds.
  path: Assets/Models & Prefabs/Models/Downloaded_Assets/Korea_TreasureProps/Textures/T_068_Kettle_BC.png
  artifactKey: Guid(abc00000000007965123936718769690) Importer(815301076,1909f56bfc062723c751e8b465ee728b)
Start importing Assets/Models & Prefabs/Models/Downloaded_Assets/Korea_TreasureProps/Textures/T_068_Kettle_BC.png using Guid(abc00000000007965123936718769690) Importer(815301076,1909f56bfc062723c751e8b465ee728b) (PreviewImporter) -> (artifact id: '9e01216fe882de2df688d155b6788c26') in 0.0185548 seconds
Internal: There are remaining Allocations on the JobTempAlloc. This is a leak, and will impact performance
To Debug, run app with -diag-job-temp-memory-leak-validation cmd line argument. This will output the callstacks of the leaked allocations.
Number of updated asset objects reloaded before import = 0Number of asset objects unloaded after import = 2

========================================================================
Received Import Request.
  Time since last request: 0.003432 seconds.
  path: Assets/Materials and Textures/Platform(Seemless_rock)
  artifactKey: Guid(16be00cba0e253e4fbd08cfd7fdf360e) Importer(815301076,1909f56bfc062723c751e8b465ee728b)
Start importing Assets/Materials and Textures/Platform(Seemless_rock) using Guid(16be00cba0e253e4fbd08cfd7fdf360e) Importer(815301076,1909f56bfc062723c751e8b465ee728b) (PreviewImporter) -> (artifact id: '7d3f86917a494c60108b83d5d3905bbe') in 0.0007217 seconds
Internal: There are remaining Allocations on the JobTempAlloc. This is a leak, and will impact performance
To Debug, run app with -diag-job-temp-memory-leak-validation cmd line argument. This will output the callstacks of the leaked allocations.
Number of updated asset objects reloaded before import = 0Number of asset objects unloaded after import = 0

========================================================================
Received Import Request.
  Time since last request: 0.035635 seconds.
  path: Assets/Models & Prefabs/Models/Downloaded_Assets/Awesome_Lamp_Collection/Textures/Lamp20.3/Lamp20.3_Emission.png
  artifactKey: Guid(7a00643d385a64d4f843876c5c675d7c) Importer(815301076,1909f56bfc062723c751e8b465ee728b)
Start importing Assets/Models & Prefabs/Models/Downloaded_Assets/Awesome_Lamp_Collection/Textures/Lamp20.3/Lamp20.3_Emission.png using Guid(7a00643d385a64d4f843876c5c675d7c) Importer(815301076,1909f56bfc062723c751e8b465ee728b) (PreviewImporter) -> (artifact id: '521afa9c2328b81a50c8edc89307f0b0') in 0.0290288 seconds
Internal: There are remaining Allocations on the JobTempAlloc. This is a leak, and will impact performance
To Debug, run app with -diag-job-temp-memory-leak-validation cmd line argument. This will output the callstacks of the leaked allocations.
Number of updated asset objects reloaded before import = 0Number of asset objects unloaded after import = 2

========================================================================
Received Import Request.
  Time since last request: 0.012429 seconds.
  path: Assets/Materials and Textures/Downloaded/YughuesFreeGroundMaterials/Textures/T_YFGM_Dry01_n.tga
  artifactKey: Guid(ed65f44110c10a84abfaabea9d3cab2b) Importer(815301076,1909f56bfc062723c751e8b465ee728b)
Start importing Assets/Materials and Textures/Downloaded/YughuesFreeGroundMaterials/Textures/T_YFGM_Dry01_n.tga using Guid(ed65f44110c10a84abfaabea9d3cab2b) Importer(815301076,1909f56bfc062723c751e8b465ee728b) (PreviewImporter) -> (artifact id: '86daea620c439b410fe8c1cea284cb9a') in 0.0189181 seconds
Internal: There are remaining Allocations on the JobTempAlloc. This is a leak, and will impact performance
To Debug, run app with -diag-job-temp-memory-leak-validation cmd line argument. This will output the callstacks of the leaked allocations.
Number of updated asset objects reloaded before import = 0Number of asset objects unloaded after import = 2

========================================================================
Received Import Request.
  Time since last request: 0.006747 seconds.
  path: Assets/Models & Prefabs/Models/Downloaded_Assets/Korea_TreasureProps/Textures/T_057_Brick_AO.png
  artifactKey: Guid(abc00000000016051344664047660793) Importer(815301076,1909f56bfc062723c751e8b465ee728b)
Start importing Assets/Models & Prefabs/Models/Downloaded_Assets/Korea_TreasureProps/Textures/T_057_Brick_AO.png using Guid(abc00000000016051344664047660793) Importer(815301076,1909f56bfc062723c751e8b465ee728b) (PreviewImporter) -> (artifact id: '8d420a8627be3717c03d0f56ca78807f') in 0.0196415 seconds
Internal: There are remaining Allocations on the JobTempAlloc. This is a leak, and will impact performance
To Debug, run app with -diag-job-temp-memory-leak-validation cmd line argument. This will output the callstacks of the leaked allocations.
Number of updated asset objects reloaded before import = 0Number of asset objects unloaded after import = 2

========================================================================
Received Import Request.
  Time since last request: 0.011918 seconds.
  path: Assets/Models & Prefabs/Models/Downloaded_Assets/Korea_TreasureProps/Textures/T_011_Statue_of_the_Buddha_001_BC.png
  artifactKey: Guid(abc00000000018336383811767127372) Importer(815301076,1909f56bfc062723c751e8b465ee728b)
Start importing Assets/Models & Prefabs/Models/Downloaded_Assets/Korea_TreasureProps/Textures/T_011_Statue_of_the_Buddha_001_BC.png using Guid(abc00000000018336383811767127372) Importer(815301076,1909f56bfc062723c751e8b465ee728b) (PreviewImporter) -> (artifact id: '73c89489655308bc3ee8e8ef934f3cac') in 0.0165346 seconds
Internal: There are remaining Allocations on the JobTempAlloc. This is a leak, and will impact performance
To Debug, run app with -diag-job-temp-memory-leak-validation cmd line argument. This will output the callstacks of the leaked allocations.
Number of updated asset objects reloaded before import = 0Number of asset objects unloaded after import = 2

========================================================================
Received Import Request.
  Time since last request: 0.011978 seconds.
  path: Assets/Materials and Textures/Downloaded/YughuesFreeGroundMaterials/Textures/T_YFGM_GroundStones02_s.tga
  artifactKey: Guid(6b2fdfa829374314a9ad310d564dc289) Importer(815301076,1909f56bfc062723c751e8b465ee728b)
Start importing Assets/Materials and Textures/Downloaded/YughuesFreeGroundMaterials/Textures/T_YFGM_GroundStones02_s.tga using Guid(6b2fdfa829374314a9ad310d564dc289) Importer(815301076,1909f56bfc062723c751e8b465ee728b) (PreviewImporter) -> (artifact id: '7eb3c280a1c69f5b71561174ee433547') in 0.0167406 seconds
Internal: There are remaining Allocations on the JobTempAlloc. This is a leak, and will impact performance
To Debug, run app with -diag-job-temp-memory-leak-validation cmd line argument. This will output the callstacks of the leaked allocations.
Number of updated asset objects reloaded before import = 0Number of asset objects unloaded after import = 2

========================================================================
Received Import Request.
  Time since last request: 0.035752 seconds.
  path: Assets/TextMesh Pro/Resources/Sprite Assets
  artifactKey: Guid(512a49d95c0c4332bdd98131869c23c9) Importer(815301076,1909f56bfc062723c751e8b465ee728b)
Start importing Assets/TextMesh Pro/Resources/Sprite Assets using Guid(512a49d95c0c4332bdd98131869c23c9) Importer(815301076,1909f56bfc062723c751e8b465ee728b) (PreviewImporter) -> (artifact id: '0acc7c95926c859315e3254dc448c9e8') in 0.0007619 seconds
Internal: There are remaining Allocations on the JobTempAlloc. This is a leak, and will impact performance
To Debug, run app with -diag-job-temp-memory-leak-validation cmd line argument. This will output the callstacks of the leaked allocations.
Number of updated asset objects reloaded before import = 0Number of asset objects unloaded after import = 0

========================================================================
Received Import Request.
  Time since last request: 0.079874 seconds.
  path: Assets/Models & Prefabs/Walls and Floors/Models/Stone/Wall-Stone-Model-07.fbx
  artifactKey: Guid(145a3c9f161ea3e4cb5a0e3a7b878e9e) Importer(815301076,1909f56bfc062723c751e8b465ee728b)
Start importing Assets/Models & Prefabs/Walls and Floors/Models/Stone/Wall-Stone-Model-07.fbx using Guid(145a3c9f161ea3e4cb5a0e3a7b878e9e) Importer(815301076,1909f56bfc062723c751e8b465ee728b) (PreviewImporter) -> (artifact id: '5d03fbe058481f73490d5e5ed84c36fb') in 0.0207922 seconds
Internal: There are remaining Allocations on the JobTempAlloc. This is a leak, and will impact performance
To Debug, run app with -diag-job-temp-memory-leak-validation cmd line argument. This will output the callstacks of the leaked allocations.
Number of updated asset objects reloaded before import = 0Number of asset objects unloaded after import = 9

========================================================================
Received Import Request.
  Time since last request: 0.055598 seconds.
  path: Assets/Materials and Textures/Downloaded/YughuesFreeGroundMaterials/Textures/T_YFGM_Dry01_s.tga
  artifactKey: Guid(6155a7c71afe0ef4f99b8eb592627e12) Importer(815301076,1909f56bfc062723c751e8b465ee728b)
Start importing Assets/Materials and Textures/Downloaded/YughuesFreeGroundMaterials/Textures/T_YFGM_Dry01_s.tga using Guid(6155a7c71afe0ef4f99b8eb592627e12) Importer(815301076,1909f56bfc062723c751e8b465ee728b) (PreviewImporter) -> (artifact id: '8a7c332893bdba64cc9423ae93237c7b') in 0.0169961 seconds
Internal: There are remaining Allocations on the JobTempAlloc. This is a leak, and will impact performance
To Debug, run app with -diag-job-temp-memory-leak-validation cmd line argument. This will output the callstacks of the leaked allocations.
Number of updated asset objects reloaded before import = 0Number of asset objects unloaded after import = 2

========================================================================
Received Import Request.
  Time since last request: 0.018962 seconds.
  path: Assets/TextMesh Pro/Shaders/SDFFunctions.hlsl
  artifactKey: Guid(96de908384869cd409c75efa351d5edf) Importer(815301076,1909f56bfc062723c751e8b465ee728b)
Start importing Assets/TextMesh Pro/Shaders/SDFFunctions.hlsl using Guid(96de908384869cd409c75efa351d5edf) Importer(815301076,1909f56bfc062723c751e8b465ee728b) (PreviewImporter) -> (artifact id: '7c656a28e397e7f89d7157c6ade468c8') in 0.0014261 seconds
Internal: There are remaining Allocations on the JobTempAlloc. This is a leak, and will impact performance
To Debug, run app with -diag-job-temp-memory-leak-validation cmd line argument. This will output the callstacks of the leaked allocations.
Number of updated asset objects reloaded before import = 0Number of asset objects unloaded after import = 1

========================================================================
Received Import Request.
  Time since last request: 0.002796 seconds.
  path: Assets/Models & Prefabs/Models/IGB101_Assets/Third Person Controller/Robot Kyle/Materials
  artifactKey: Guid(24b040bf5a1e9994ab22b9a3b6bf60dd) Importer(815301076,1909f56bfc062723c751e8b465ee728b)
Start importing Assets/Models & Prefabs/Models/IGB101_Assets/Third Person Controller/Robot Kyle/Materials using Guid(24b040bf5a1e9994ab22b9a3b6bf60dd) Importer(815301076,1909f56bfc062723c751e8b465ee728b) (PreviewImporter) -> (artifact id: 'c851b1592ba19a91f1108a7d1dc6c420') in 0.0005455 seconds
Internal: There are remaining Allocations on the JobTempAlloc. This is a leak, and will impact performance
To Debug, run app with -diag-job-temp-memory-leak-validation cmd line argument. This will output the callstacks of the leaked allocations.
Number of updated asset objects reloaded before import = 0Number of asset objects unloaded after import = 0

========================================================================
Received Import Request.
  Time since last request: 0.003767 seconds.
  path: Assets/Models & Prefabs/Walls and Floors/Models/Wood/materials/Wall-Wood-Model-08.mat
  artifactKey: Guid(d709285a8e45fcb44b3d0b8e0eb893ce) Importer(815301076,1909f56bfc062723c751e8b465ee728b)
Start importing Assets/Models & Prefabs/Walls and Floors/Models/Wood/materials/Wall-Wood-Model-08.mat using Guid(d709285a8e45fcb44b3d0b8e0eb893ce) Importer(815301076,1909f56bfc062723c751e8b465ee728b) (PreviewImporter) -> (artifact id: '1942cc3d312a296a91715084f0e557a5') in 0.0369341 seconds
Internal: There are remaining Allocations on the JobTempAlloc. This is a leak, and will impact performance
To Debug, run app with -diag-job-temp-memory-leak-validation cmd line argument. This will output the callstacks of the leaked allocations.
Number of updated asset objects reloaded before import = 0Number of asset objects unloaded after import = 3

========================================================================
Received Import Request.
  Time since last request: 0.019152 seconds.
  path: Assets/TextMesh Pro/Shaders/TMP_SDF Overlay.shader
  artifactKey: Guid(dd89cf5b9246416f84610a006f916af7) Importer(815301076,1909f56bfc062723c751e8b465ee728b)
Start importing Assets/TextMesh Pro/Shaders/TMP_SDF Overlay.shader using Guid(dd89cf5b9246416f84610a006f916af7) Importer(815301076,1909f56bfc062723c751e8b465ee728b) (PreviewImporter) -> (artifact id: '230a26b0e85940c8ad807a7eb48d237e') in 0.0009464 seconds
Internal: There are remaining Allocations on the JobTempAlloc. This is a leak, and will impact performance
To Debug, run app with -diag-job-temp-memory-leak-validation cmd line argument. This will output the callstacks of the leaked allocations.
Number of updated asset objects reloaded before import = 0Number of asset objects unloaded after import = 0

========================================================================
Received Import Request.
  Time since last request: 0.057497 seconds.
  path: Assets/Materials and Textures/Downloaded/YughuesFreeGroundMaterials/Textures/T_YFGM_SoilGravel03_d.tga
  artifactKey: Guid(01ce50ca5cda8d8489f2723684f0a796) Importer(815301076,1909f56bfc062723c751e8b465ee728b)
Start importing Assets/Materials and Textures/Downloaded/YughuesFreeGroundMaterials/Textures/T_YFGM_SoilGravel03_d.tga using Guid(01ce50ca5cda8d8489f2723684f0a796) Importer(815301076,1909f56bfc062723c751e8b465ee728b) (PreviewImporter) -> (artifact id: 'fc69eba7d8c0ae6f4c705efb220ab3ca') in 0.0167578 seconds
Internal: There are remaining Allocations on the JobTempAlloc. This is a leak, and will impact performance
To Debug, run app with -diag-job-temp-memory-leak-validation cmd line argument. This will output the callstacks of the leaked allocations.
Number of updated asset objects reloaded before import = 0Number of asset objects unloaded after import = 2

========================================================================
Received Import Request.
  Time since last request: 0.047159 seconds.
  path: Assets/Animation/Motions/Excited.anim
  artifactKey: Guid(26f9db3dd69bba345ae7a7793a099a1e) Importer(815301076,1909f56bfc062723c751e8b465ee728b)
Start importing Assets/Animation/Motions/Excited.anim using Guid(26f9db3dd69bba345ae7a7793a099a1e) Importer(815301076,1909f56bfc062723c751e8b465ee728b) (PreviewImporter) -> (artifact id: '8004c027a2b9fca5f6e9e3104704ab7d') in 0.0388644 seconds
Internal: There are remaining Allocations on the JobTempAlloc. This is a leak, and will impact performance
To Debug, run app with -diag-job-temp-memory-leak-validation cmd line argument. This will output the callstacks of the leaked allocations.
Number of updated asset objects reloaded before import = 0Number of asset objects unloaded after import = 1

========================================================================
Received Import Request.
  Time since last request: 0.034521 seconds.
  path: Assets/Skybox/QMS - Cartoon Skybox Pack FREE
  artifactKey: Guid(1bdf8c1592c1e9b48a25eb0ac953ac74) Importer(815301076,1909f56bfc062723c751e8b465ee728b)
Start importing Assets/Skybox/QMS - Cartoon Skybox Pack FREE using Guid(1bdf8c1592c1e9b48a25eb0ac953ac74) Importer(815301076,1909f56bfc062723c751e8b465ee728b) (PreviewImporter) -> (artifact id: 'c7bba909cf59f059cdcf3fa4f656aee9') in 0.0007734 seconds
Internal: There are remaining Allocations on the JobTempAlloc. This is a leak, and will impact performance
To Debug, run app with -diag-job-temp-memory-leak-validation cmd line argument. This will output the callstacks of the leaked allocations.
Number of updated asset objects reloaded before import = 0Number of asset objects unloaded after import = 0

========================================================================
Received Import Request.
  Time since last request: 0.060395 seconds.
  path: Assets/Models & Prefabs/Models/Downloaded_Assets/ithappy/Animals_FREE/Animations/Animation_Controllers/Pinguin 1.controller
  artifactKey: Guid(507ec9475dab88b4a852a030919305aa) Importer(815301076,1909f56bfc062723c751e8b465ee728b)
Start importing Assets/Models & Prefabs/Models/Downloaded_Assets/ithappy/Animals_FREE/Animations/Animation_Controllers/Pinguin 1.controller using Guid(507ec9475dab88b4a852a030919305aa) Importer(815301076,1909f56bfc062723c751e8b465ee728b) (PreviewImporter) -> (artifact id: '68b1adf8a03ad89f3963e0751e9540ef') in 0.0026665 seconds
Internal: There are remaining Allocations on the JobTempAlloc. This is a leak, and will impact performance
To Debug, run app with -diag-job-temp-memory-leak-validation cmd line argument. This will output the callstacks of the leaked allocations.
Number of updated asset objects reloaded before import = 0Number of asset objects unloaded after import = 8

========================================================================
Received Import Request.
  Time since last request: 0.009763 seconds.
  path: Assets/Models & Prefabs/Models/Downloaded_Assets/Korea_TreasureProps/Textures/T_067_Kettle_RN.png
  artifactKey: Guid(abc00000000001433784665209287537) Importer(815301076,1909f56bfc062723c751e8b465ee728b)
Start importing Assets/Models & Prefabs/Models/Downloaded_Assets/Korea_TreasureProps/Textures/T_067_Kettle_RN.png using Guid(abc00000000001433784665209287537) Importer(815301076,1909f56bfc062723c751e8b465ee728b) (PreviewImporter) -> (artifact id: 'a313c53bdb93055adc80a6ae6acd29f8') in 0.0302034 seconds
Internal: There are remaining Allocations on the JobTempAlloc. This is a leak, and will impact performance
To Debug, run app with -diag-job-temp-memory-leak-validation cmd line argument. This will output the callstacks of the leaked allocations.
Number of updated asset objects reloaded before import = 0Number of asset objects unloaded after import = 2

========================================================================
Received Import Request.
  Time since last request: 0.003184 seconds.
  path: Assets/Models & Prefabs/Models/Downloaded_Assets/Wooden Double Door front handle entrance
  artifactKey: Guid(24912d8b6d0a7044ab8805d8b41f0c35) Importer(815301076,1909f56bfc062723c751e8b465ee728b)
Start importing Assets/Models & Prefabs/Models/Downloaded_Assets/Wooden Double Door front handle entrance using Guid(24912d8b6d0a7044ab8805d8b41f0c35) Importer(815301076,1909f56bfc062723c751e8b465ee728b) (PreviewImporter) -> (artifact id: 'dce8660f62a6ee4ada5d44cec1cb414b') in 0.0008208 seconds
Internal: There are remaining Allocations on the JobTempAlloc. This is a leak, and will impact performance
To Debug, run app with -diag-job-temp-memory-leak-validation cmd line argument. This will output the callstacks of the leaked allocations.
Number of updated asset objects reloaded before import = 0Number of asset objects unloaded after import = 0

========================================================================
Received Import Request.
  Time since last request: 0.006234 seconds.
  path: Assets/Models & Prefabs/Models/Downloaded_Assets/Awesome_Lamp_Collection/Materials/Lamp_16/Lamp_16.1.mat
  artifactKey: Guid(f365f842efa845548a178b884457ba5f) Importer(815301076,1909f56bfc062723c751e8b465ee728b)
Start importing Assets/Models & Prefabs/Models/Downloaded_Assets/Awesome_Lamp_Collection/Materials/Lamp_16/Lamp_16.1.mat using Guid(f365f842efa845548a178b884457ba5f) Importer(815301076,1909f56bfc062723c751e8b465ee728b) (PreviewImporter) -> (artifact id: '575620fb3c518a35d9bc1a4509ba2839') in 0.038063 seconds
Internal: There are remaining Allocations on the JobTempAlloc. This is a leak, and will impact performance
To Debug, run app with -diag-job-temp-memory-leak-validation cmd line argument. This will output the callstacks of the leaked allocations.
Number of updated asset objects reloaded before import = 0Number of asset objects unloaded after import = 5

========================================================================
Received Import Request.
  Time since last request: 0.023447 seconds.
  path: Assets/Models & Prefabs/Models/Downloaded_Assets/Awesome_Lamp_Collection/Modells/Materials
  artifactKey: Guid(3aaefd09379243a4585edafe42c86bb4) Importer(815301076,1909f56bfc062723c751e8b465ee728b)
Start importing Assets/Models & Prefabs/Models/Downloaded_Assets/Awesome_Lamp_Collection/Modells/Materials using Guid(3aaefd09379243a4585edafe42c86bb4) Importer(815301076,1909f56bfc062723c751e8b465ee728b) (PreviewImporter) -> (artifact id: '5240864eac4b58b952469a4867ad1080') in 0.0007467 seconds
Internal: There are remaining Allocations on the JobTempAlloc. This is a leak, and will impact performance
To Debug, run app with -diag-job-temp-memory-leak-validation cmd line argument. This will output the callstacks of the leaked allocations.
Number of updated asset objects reloaded before import = 0Number of asset objects unloaded after import = 0

========================================================================
Received Import Request.
  Time since last request: 0.004768 seconds.
  path: Assets/Models & Prefabs/Models/Downloaded_Assets/Awesome_Lamp_Collection/Modells/Materials/Lamp_01.mat
  artifactKey: Guid(7a153e65f156c404bba3ab7efc21c90a) Importer(815301076,1909f56bfc062723c751e8b465ee728b)
Start importing Assets/Models & Prefabs/Models/Downloaded_Assets/Awesome_Lamp_Collection/Modells/Materials/Lamp_01.mat using Guid(7a153e65f156c404bba3ab7efc21c90a) Importer(815301076,1909f56bfc062723c751e8b465ee728b) (PreviewImporter) -> (artifact id: 'aa2614010939ec798d085f1bf568c5ac') in 0.0072309 seconds
Internal: There are remaining Allocations on the JobTempAlloc. This is a leak, and will impact performance
To Debug, run app with -diag-job-temp-memory-leak-validation cmd line argument. This will output the callstacks of the leaked allocations.
Number of updated asset objects reloaded before import = 0Number of asset objects unloaded after import = 1

========================================================================
Received Import Request.
  Time since last request: 0.013330 seconds.
  path: Assets/Models & Prefabs/Models/Downloaded_Assets/Awesome_Lamp_Collection/Textures/Lamp16.1
  artifactKey: Guid(3ffc29a952c4bf94e825b21acb91f725) Importer(815301076,1909f56bfc062723c751e8b465ee728b)
Start importing Assets/Models & Prefabs/Models/Downloaded_Assets/Awesome_Lamp_Collection/Textures/Lamp16.1 using Guid(3ffc29a952c4bf94e825b21acb91f725) Importer(815301076,1909f56bfc062723c751e8b465ee728b) (PreviewImporter) -> (artifact id: '95a53a42442d81fdf325318e6786ad07') in 0.0007395 seconds
Internal: There are remaining Allocations on the JobTempAlloc. This is a leak, and will impact performance
To Debug, run app with -diag-job-temp-memory-leak-validation cmd line argument. This will output the callstacks of the leaked allocations.
Number of updated asset objects reloaded before import = 0Number of asset objects unloaded after import = 0

========================================================================
Received Import Request.
  Time since last request: 0.035472 seconds.
  path: Assets/Models & Prefabs/Models/Downloaded_Assets/Korea_TreasureProps/Prefabs/Sets/SM_094_Incense_BurnerSet.prefab
  artifactKey: Guid(410a9e69ccb8ed44f9dc366e5a2ddd7c) Importer(815301076,1909f56bfc062723c751e8b465ee728b)
Start importing Assets/Models & Prefabs/Models/Downloaded_Assets/Korea_TreasureProps/Prefabs/Sets/SM_094_Incense_BurnerSet.prefab using Guid(410a9e69ccb8ed44f9dc366e5a2ddd7c) Importer(815301076,1909f56bfc062723c751e8b465ee728b) (PreviewImporter) -> (artifact id: '9505baed147599b8b04a5f4630714dd7') in 0.0019495 seconds
Internal: There are remaining Allocations on the JobTempAlloc. This is a leak, and will impact performance
To Debug, run app with -diag-job-temp-memory-leak-validation cmd line argument. This will output the callstacks of the leaked allocations.
Number of updated asset objects reloaded before import = 0Number of asset objects unloaded after import = 8

========================================================================
Received Import Request.
  Time since last request: 0.018137 seconds.
  path: Assets/Models & Prefabs/Models/Downloaded_Assets/DungeonModularPack/Textures/T_Handrail_ORM.tga
  artifactKey: Guid(0cd763926616d8147a07d75cc030da07) Importer(815301076,1909f56bfc062723c751e8b465ee728b)
Start importing Assets/Models & Prefabs/Models/Downloaded_Assets/DungeonModularPack/Textures/T_Handrail_ORM.tga using Guid(0cd763926616d8147a07d75cc030da07) Importer(815301076,1909f56bfc062723c751e8b465ee728b) (PreviewImporter) -> (artifact id: 'dac793099df3b613d0ff5cb784b6baf7') in 0.0144843 seconds
Internal: There are remaining Allocations on the JobTempAlloc. This is a leak, and will impact performance
To Debug, run app with -diag-job-temp-memory-leak-validation cmd line argument. This will output the callstacks of the leaked allocations.
Number of updated asset objects reloaded before import = 0Number of asset objects unloaded after import = 2

========================================================================
Received Import Request.
  Time since last request: 0.012379 seconds.
  path: Assets/Models & Prefabs/Walls and Floors/Prefabs/Wood/Walls/Wall-Wood (6).prefab
  artifactKey: Guid(0cf29fb7b25f2454cafc193efc74659c) Importer(815301076,1909f56bfc062723c751e8b465ee728b)
Start importing Assets/Models & Prefabs/Walls and Floors/Prefabs/Wood/Walls/Wall-Wood (6).prefab using Guid(0cf29fb7b25f2454cafc193efc74659c) Importer(815301076,1909f56bfc062723c751e8b465ee728b) (PreviewImporter) -> (artifact id: '6ea5384f6fa5fdecc2e36a9121e7d0fa') in 0.0211194 seconds
Internal: There are remaining Allocations on the JobTempAlloc. This is a leak, and will impact performance
To Debug, run app with -diag-job-temp-memory-leak-validation cmd line argument. This will output the callstacks of the leaked allocations.
Number of updated asset objects reloaded before import = 0Number of asset objects unloaded after import = 7

========================================================================
Received Import Request.
  Time since last request: 0.004019 seconds.
  path: Assets/Models & Prefabs/Walls and Floors/Models/Stone/materials/Door-Stone-Model-03.png
  artifactKey: Guid(2c3b502c3b0689e4c8b7f41463ed9197) Importer(815301076,1909f56bfc062723c751e8b465ee728b)
Start importing Assets/Models & Prefabs/Walls and Floors/Models/Stone/materials/Door-Stone-Model-03.png using Guid(2c3b502c3b0689e4c8b7f41463ed9197) Importer(815301076,1909f56bfc062723c751e8b465ee728b) (PreviewImporter) -> (artifact id: 'd651192bd6e12255939960449a25d97b') in 0.0146393 seconds
Internal: There are remaining Allocations on the JobTempAlloc. This is a leak, and will impact performance
To Debug, run app with -diag-job-temp-memory-leak-validation cmd line argument. This will output the callstacks of the leaked allocations.
Number of updated asset objects reloaded before import = 0Number of asset objects unloaded after import = 2

========================================================================
Received Import Request.
  Time since last request: 0.056989 seconds.
  path: Assets/Models & Prefabs/Models/Downloaded_Assets/DungeonModularPack/Textures/T_Tile_N.tga
  artifactKey: Guid(726e23f5c7f76e84baea9bcc8a882413) Importer(815301076,1909f56bfc062723c751e8b465ee728b)
Start importing Assets/Models & Prefabs/Models/Downloaded_Assets/DungeonModularPack/Textures/T_Tile_N.tga using Guid(726e23f5c7f76e84baea9bcc8a882413) Importer(815301076,1909f56bfc062723c751e8b465ee728b) (PreviewImporter) -> (artifact id: 'c7765985534e744eb9a1d9cf526569d7') in 0.015098 seconds
Internal: There are remaining Allocations on the JobTempAlloc. This is a leak, and will impact performance
To Debug, run app with -diag-job-temp-memory-leak-validation cmd line argument. This will output the callstacks of the leaked allocations.
Number of updated asset objects reloaded before import = 0Number of asset objects unloaded after import = 2

========================================================================
Received Import Request.
  Time since last request: 0.041445 seconds.
  path: Assets/Models & Prefabs/Models/Downloaded_Assets/ithappy/Animals_FREE/Animations/Animation_Controllers/Deer.controller
  artifactKey: Guid(23b5810cdc882b94a9994d786bc4c4b5) Importer(815301076,1909f56bfc062723c751e8b465ee728b)
Start importing Assets/Models & Prefabs/Models/Downloaded_Assets/ithappy/Animals_FREE/Animations/Animation_Controllers/Deer.controller using Guid(23b5810cdc882b94a9994d786bc4c4b5) Importer(815301076,1909f56bfc062723c751e8b465ee728b) (PreviewImporter) -> (artifact id: '835a024f984e616d992f2b014b13240f') in 0.0123478 seconds
Internal: There are remaining Allocations on the JobTempAlloc. This is a leak, and will impact performance
To Debug, run app with -diag-job-temp-memory-leak-validation cmd line argument. This will output the callstacks of the leaked allocations.
Number of updated asset objects reloaded before import = 0Number of asset objects unloaded after import = 10

========================================================================
Received Import Request.
  Time since last request: 0.013869 seconds.
  path: Assets/Models & Prefabs/Models/Downloaded_Assets/DungeonModularPack/Prefabs
  artifactKey: Guid(db79728a33dc7f44cbeaf827ac5bb556) Importer(815301076,1909f56bfc062723c751e8b465ee728b)
Start importing Assets/Models & Prefabs/Models/Downloaded_Assets/DungeonModularPack/Prefabs using Guid(db79728a33dc7f44cbeaf827ac5bb556) Importer(815301076,1909f56bfc062723c751e8b465ee728b) (PreviewImporter) -> (artifact id: '3865b661dbad154b40f189b4ab246f60') in 0.0006211 seconds
Internal: There are remaining Allocations on the JobTempAlloc. This is a leak, and will impact performance
To Debug, run app with -diag-job-temp-memory-leak-validation cmd line argument. This will output the callstacks of the leaked allocations.
Number of updated asset objects reloaded before import = 0Number of asset objects unloaded after import = 0

========================================================================
Received Import Request.
  Time since last request: 0.015560 seconds.
  path: Assets/Models & Prefabs/Walls and Floors/Prefabs/Stone/Walls/Wall-Stone (4).prefab
  artifactKey: Guid(e6bbaf2297b9038409733c2f1128003b) Importer(815301076,1909f56bfc062723c751e8b465ee728b)
Start importing Assets/Models & Prefabs/Walls and Floors/Prefabs/Stone/Walls/Wall-Stone (4).prefab using Guid(e6bbaf2297b9038409733c2f1128003b) Importer(815301076,1909f56bfc062723c751e8b465ee728b) (PreviewImporter) -> (artifact id: 'f5e03e244a8de1faf5bc97e9237a4eaf') in 0.0157608 seconds
Internal: There are remaining Allocations on the JobTempAlloc. This is a leak, and will impact performance
To Debug, run app with -diag-job-temp-memory-leak-validation cmd line argument. This will output the callstacks of the leaked allocations.
Number of updated asset objects reloaded before import = 0Number of asset objects unloaded after import = 10

========================================================================
Received Import Request.
  Time since last request: 0.079281 seconds.
  path: Assets/Models & Prefabs/Models/Downloaded_Assets/Awesome_Lamp_Collection/Modells/Materials/Lamp_16.mat
  artifactKey: Guid(6fe9cf2055943534093cca24c94a6e85) Importer(815301076,1909f56bfc062723c751e8b465ee728b)
Start importing Assets/Models & Prefabs/Models/Downloaded_Assets/Awesome_Lamp_Collection/Modells/Materials/Lamp_16.mat using Guid(6fe9cf2055943534093cca24c94a6e85) Importer(815301076,1909f56bfc062723c751e8b465ee728b) (PreviewImporter) -> (artifact id: '60a877390d6f7616540d6e0459c32909') in 0.0247082 seconds
Internal: There are remaining Allocations on the JobTempAlloc. This is a leak, and will impact performance
To Debug, run app with -diag-job-temp-memory-leak-validation cmd line argument. This will output the callstacks of the leaked allocations.
Number of updated asset objects reloaded before import = 0Number of asset objects unloaded after import = 5

========================================================================
Received Import Request.
  Time since last request: 0.017605 seconds.
  path: Assets/Models & Prefabs/Walls and Floors/Models/Wood/materials/Corner-Wood-Model-03.mat
  artifactKey: Guid(024ec65dc7d742e4d87f866c034ff810) Importer(815301076,1909f56bfc062723c751e8b465ee728b)
Start importing Assets/Models & Prefabs/Walls and Floors/Models/Wood/materials/Corner-Wood-Model-03.mat using Guid(024ec65dc7d742e4d87f866c034ff810) Importer(815301076,1909f56bfc062723c751e8b465ee728b) (PreviewImporter) -> (artifact id: 'b53e284da63739200b29276c02ed8a78') in 0.0166204 seconds
Internal: There are remaining Allocations on the JobTempAlloc. This is a leak, and will impact performance
To Debug, run app with -diag-job-temp-memory-leak-validation cmd line argument. This will output the callstacks of the leaked allocations.
Number of updated asset objects reloaded before import = 0Number of asset objects unloaded after import = 2

========================================================================
Received Import Request.
  Time since last request: 0.010469 seconds.
  path: Assets/Models & Prefabs/Models/Downloaded_Assets/Korea_TreasureProps/Textures/T_040_A_Ceramic_Bottle_BC.png
  artifactKey: Guid(abc00000000004553824739727885469) Importer(815301076,1909f56bfc062723c751e8b465ee728b)
Start importing Assets/Models & Prefabs/Models/Downloaded_Assets/Korea_TreasureProps/Textures/T_040_A_Ceramic_Bottle_BC.png using Guid(abc00000000004553824739727885469) Importer(815301076,1909f56bfc062723c751e8b465ee728b) (PreviewImporter) -> (artifact id: '999159912e69f7754c544ff3ed01823e') in 0.0164028 seconds
Internal: There are remaining Allocations on the JobTempAlloc. This is a leak, and will impact performance
To Debug, run app with -diag-job-temp-memory-leak-validation cmd line argument. This will output the callstacks of the leaked allocations.
Number of updated asset objects reloaded before import = 0Number of asset objects unloaded after import = 2

========================================================================
Received Import Request.
  Time since last request: 0.031563 seconds.
  path: Assets/Models & Prefabs/Models/Downloaded_Assets/Awesome_Lamp_Collection/Textures/Lamp20.3/Lamp20.3_AlbedoTransparency.png
  artifactKey: Guid(e7365a9053e6e344cb2ea3dfbc70d89c) Importer(815301076,1909f56bfc062723c751e8b465ee728b)
Start importing Assets/Models & Prefabs/Models/Downloaded_Assets/Awesome_Lamp_Collection/Textures/Lamp20.3/Lamp20.3_AlbedoTransparency.png using Guid(e7365a9053e6e344cb2ea3dfbc70d89c) Importer(815301076,1909f56bfc062723c751e8b465ee728b) (PreviewImporter) -> (artifact id: 'ffa3ea0235041eaccd6a6eca3a00557b') in 0.0206143 seconds
Internal: There are remaining Allocations on the JobTempAlloc. This is a leak, and will impact performance
To Debug, run app with -diag-job-temp-memory-leak-validation cmd line argument. This will output the callstacks of the leaked allocations.
Number of updated asset objects reloaded before import = 0Number of asset objects unloaded after import = 2

========================================================================
Received Import Request.
  Time since last request: 0.016756 seconds.
  path: Assets/Models & Prefabs/Models/Downloaded_Assets/Awesome_Lamp_Collection/Modells/Materials/CabalButtonPlug.mat
  artifactKey: Guid(12204a76f34614f488a471b2a53c8275) Importer(815301076,1909f56bfc062723c751e8b465ee728b)
Start importing Assets/Models & Prefabs/Models/Downloaded_Assets/Awesome_Lamp_Collection/Modells/Materials/CabalButtonPlug.mat using Guid(12204a76f34614f488a471b2a53c8275) Importer(815301076,1909f56bfc062723c751e8b465ee728b) (PreviewImporter) -> (artifact id: '5f81254592c4001b0276cd6aca7cce66') in 0.0134943 seconds
Internal: There are remaining Allocations on the JobTempAlloc. This is a leak, and will impact performance
To Debug, run app with -diag-job-temp-memory-leak-validation cmd line argument. This will output the callstacks of the leaked allocations.
Number of updated asset objects reloaded before import = 0Number of asset objects unloaded after import = 1

========================================================================
Received Import Request.
  Time since last request: 0.060049 seconds.
  path: Assets/Models & Prefabs/Models/Downloaded_Assets/Korea_TreasureProps/Textures/T_011_Statue_of_the_Buddha_002_BC.png
  artifactKey: Guid(abc00000000014417713007656996523) Importer(815301076,1909f56bfc062723c751e8b465ee728b)
Start importing Assets/Models & Prefabs/Models/Downloaded_Assets/Korea_TreasureProps/Textures/T_011_Statue_of_the_Buddha_002_BC.png using Guid(abc00000000014417713007656996523) Importer(815301076,1909f56bfc062723c751e8b465ee728b) (PreviewImporter) -> (artifact id: 'f3854b1d52ce85d66034de3f60e78e35') in 0.0164673 seconds
Internal: There are remaining Allocations on the JobTempAlloc. This is a leak, and will impact performance
To Debug, run app with -diag-job-temp-memory-leak-validation cmd line argument. This will output the callstacks of the leaked allocations.
Number of updated asset objects reloaded before import = 0Number of asset objects unloaded after import = 2

========================================================================
Received Import Request.
  Time since last request: 0.021048 seconds.
  path: Assets/Models & Prefabs/Models/Downloaded_Assets/DungeonModularPack/Textures/T_Wall_ORM.tga
  artifactKey: Guid(e5cc1d10fcab1164c8d285ae050282b0) Importer(815301076,1909f56bfc062723c751e8b465ee728b)
Start importing Assets/Models & Prefabs/Models/Downloaded_Assets/DungeonModularPack/Textures/T_Wall_ORM.tga using Guid(e5cc1d10fcab1164c8d285ae050282b0) Importer(815301076,1909f56bfc062723c751e8b465ee728b) (PreviewImporter) -> (artifact id: '132e5debef0761570728ef95fab14fc8') in 0.0155877 seconds
Internal: There are remaining Allocations on the JobTempAlloc. This is a leak, and will impact performance
To Debug, run app with -diag-job-temp-memory-leak-validation cmd line argument. This will output the callstacks of the leaked allocations.
Number of updated asset objects reloaded before import = 0Number of asset objects unloaded after import = 2

========================================================================
Received Import Request.
  Time since last request: 0.012853 seconds.
  path: Assets/Models & Prefabs/Models/Downloaded_Assets/OlegWER/SkeletonsFreeSet/Textures/T_03.png
  artifactKey: Guid(d04bea356763d954cb3ce8b7654f6e66) Importer(815301076,1909f56bfc062723c751e8b465ee728b)
Start importing Assets/Models & Prefabs/Models/Downloaded_Assets/OlegWER/SkeletonsFreeSet/Textures/T_03.png using Guid(d04bea356763d954cb3ce8b7654f6e66) Importer(815301076,1909f56bfc062723c751e8b465ee728b) (PreviewImporter) -> (artifact id: 'fda96ae44b97997208c5e89d2bf9c3ee') in 0.0165927 seconds
Internal: There are remaining Allocations on the JobTempAlloc. This is a leak, and will impact performance
To Debug, run app with -diag-job-temp-memory-leak-validation cmd line argument. This will output the callstacks of the leaked allocations.
Number of updated asset objects reloaded before import = 0Number of asset objects unloaded after import = 2

========================================================================
Received Import Request.
  Time since last request: 0.009083 seconds.
  path: Assets/Models & Prefabs/Models/Downloaded_Assets/Korea_TreasureProps/Textures/T_011_Statue_of_the_Buddha_002_MT.png
  artifactKey: Guid(abc00000000003865290614214886713) Importer(815301076,1909f56bfc062723c751e8b465ee728b)
Start importing Assets/Models & Prefabs/Models/Downloaded_Assets/Korea_TreasureProps/Textures/T_011_Statue_of_the_Buddha_002_MT.png using Guid(abc00000000003865290614214886713) Importer(815301076,1909f56bfc062723c751e8b465ee728b) (PreviewImporter) -> (artifact id: '5353d1ea040153cb7a164ca2fcbe6eeb') in 0.017028 seconds
Internal: There are remaining Allocations on the JobTempAlloc. This is a leak, and will impact performance
To Debug, run app with -diag-job-temp-memory-leak-validation cmd line argument. This will output the callstacks of the leaked allocations.
Number of updated asset objects reloaded before import = 0Number of asset objects unloaded after import = 2

========================================================================
Received Import Request.
  Time since last request: 0.006965 seconds.
  path: Assets/Models & Prefabs/Models/Downloaded_Assets/Korea_TreasureProps/Textures/T_083_Kettle_Lid_AO.png
  artifactKey: Guid(abc00000000014503301145643066859) Importer(815301076,1909f56bfc062723c751e8b465ee728b)
Start importing Assets/Models & Prefabs/Models/Downloaded_Assets/Korea_TreasureProps/Textures/T_083_Kettle_Lid_AO.png using Guid(abc00000000014503301145643066859) Importer(815301076,1909f56bfc062723c751e8b465ee728b) (PreviewImporter) -> (artifact id: '103ec364839f0c278a097f8d592b55eb') in 0.0174978 seconds
Internal: There are remaining Allocations on the JobTempAlloc. This is a leak, and will impact performance
To Debug, run app with -diag-job-temp-memory-leak-validation cmd line argument. This will output the callstacks of the leaked allocations.
Number of updated asset objects reloaded before import = 0Number of asset objects unloaded after import = 2

========================================================================
Received Import Request.
  Time since last request: 0.016594 seconds.
  path: Assets/Models & Prefabs/Models/Downloaded_Assets/Floreswa/Materials/Brown.mat
  artifactKey: Guid(eb474bc48fe62844f9412c1c69845103) Importer(815301076,1909f56bfc062723c751e8b465ee728b)
Start importing Assets/Models & Prefabs/Models/Downloaded_Assets/Floreswa/Materials/Brown.mat using Guid(eb474bc48fe62844f9412c1c69845103) Importer(815301076,1909f56bfc062723c751e8b465ee728b) (PreviewImporter) -> (artifact id: 'ee411aa7612d3ee6d307696132485680') in 0.0163525 seconds
Internal: There are remaining Allocations on the JobTempAlloc. This is a leak, and will impact performance
To Debug, run app with -diag-job-temp-memory-leak-validation cmd line argument. This will output the callstacks of the leaked allocations.
Number of updated asset objects reloaded before import = 0Number of asset objects unloaded after import = 1

========================================================================
Received Import Request.
  Time since last request: 0.004133 seconds.
  path: Assets/Models & Prefabs/Walls and Floors/Models/Stone/materials/Door-Stone-Model-02.mat
  artifactKey: Guid(12c7faa25ab84cf47b63336a6f0eae56) Importer(815301076,1909f56bfc062723c751e8b465ee728b)
Start importing Assets/Models & Prefabs/Walls and Floors/Models/Stone/materials/Door-Stone-Model-02.mat using Guid(12c7faa25ab84cf47b63336a6f0eae56) Importer(815301076,1909f56bfc062723c751e8b465ee728b) (PreviewImporter) -> (artifact id: '8f1312846fed73bc87b2675e78ce3b1e') in 0.0220652 seconds
Internal: There are remaining Allocations on the JobTempAlloc. This is a leak, and will impact performance
To Debug, run app with -diag-job-temp-memory-leak-validation cmd line argument. This will output the callstacks of the leaked allocations.
Number of updated asset objects reloaded before import = 0Number of asset objects unloaded after import = 2

========================================================================
Received Import Request.
  Time since last request: 0.034621 seconds.
  path: Assets/Materials and Textures/Downloaded/YughuesFreeGroundMaterials/Textures/T_YFGM_Ground02_d.tga
  artifactKey: Guid(5f3d454e328dfca41a98ed7fa2fb5638) Importer(815301076,1909f56bfc062723c751e8b465ee728b)
Start importing Assets/Materials and Textures/Downloaded/YughuesFreeGroundMaterials/Textures/T_YFGM_Ground02_d.tga using Guid(5f3d454e328dfca41a98ed7fa2fb5638) Importer(815301076,1909f56bfc062723c751e8b465ee728b) (PreviewImporter) -> (artifact id: '426613dfc130a403dd82cd6e3369e8c4') in 0.0186295 seconds
Internal: There are remaining Allocations on the JobTempAlloc. This is a leak, and will impact performance
To Debug, run app with -diag-job-temp-memory-leak-validation cmd line argument. This will output the callstacks of the leaked allocations.
Number of updated asset objects reloaded before import = 0Number of asset objects unloaded after import = 2

========================================================================
Received Import Request.
  Time since last request: 0.004729 seconds.
  path: Assets/Models & Prefabs/Walls and Floors/Models/Stone/Wall-Stone-Model-06.fbx
  artifactKey: Guid(6e47fb2c4bc7154499c144b3e215870d) Importer(815301076,1909f56bfc062723c751e8b465ee728b)
Start importing Assets/Models & Prefabs/Walls and Floors/Models/Stone/Wall-Stone-Model-06.fbx using Guid(6e47fb2c4bc7154499c144b3e215870d) Importer(815301076,1909f56bfc062723c751e8b465ee728b) (PreviewImporter) -> (artifact id: '773bd3a7b1922b5d4cc2fe25925ef635') in 0.0197325 seconds
Internal: There are remaining Allocations on the JobTempAlloc. This is a leak, and will impact performance
To Debug, run app with -diag-job-temp-memory-leak-validation cmd line argument. This will output the callstacks of the leaked allocations.
Number of updated asset objects reloaded before import = 0Number of asset objects unloaded after import = 9

========================================================================
Received Import Request.
  Time since last request: 0.012895 seconds.
  path: Assets/Materials and Textures/Downloaded/YughuesFreeGroundMaterials/Textures/T_YFGM_MossStones_d.tga
  artifactKey: Guid(3f97d1a5bdda8764a8fe8fcab968f134) Importer(815301076,1909f56bfc062723c751e8b465ee728b)
Start importing Assets/Materials and Textures/Downloaded/YughuesFreeGroundMaterials/Textures/T_YFGM_MossStones_d.tga using Guid(3f97d1a5bdda8764a8fe8fcab968f134) Importer(815301076,1909f56bfc062723c751e8b465ee728b) (PreviewImporter) -> (artifact id: '82607c68df10bf466c09cb6ac2ef4c4e') in 0.0164775 seconds
Internal: There are remaining Allocations on the JobTempAlloc. This is a leak, and will impact performance
To Debug, run app with -diag-job-temp-memory-leak-validation cmd line argument. This will output the callstacks of the leaked allocations.
Number of updated asset objects reloaded before import = 0Number of asset objects unloaded after import = 2

========================================================================
Received Import Request.
  Time since last request: 0.004234 seconds.
  path: Assets/Models & Prefabs/Models/Downloaded_Assets/Awesome_Lamp_Collection/Materials/Lamp_16/Lamp_16.3.mat
  artifactKey: Guid(0a13b96efb3ad6742bfb3b9169519478) Importer(815301076,1909f56bfc062723c751e8b465ee728b)
Start importing Assets/Models & Prefabs/Models/Downloaded_Assets/Awesome_Lamp_Collection/Materials/Lamp_16/Lamp_16.3.mat using Guid(0a13b96efb3ad6742bfb3b9169519478) Importer(815301076,1909f56bfc062723c751e8b465ee728b) (PreviewImporter) -> (artifact id: '18a68a1d2223f70433fe3e3760582800') in 0.0072394 seconds
Internal: There are remaining Allocations on the JobTempAlloc. This is a leak, and will impact performance
To Debug, run app with -diag-job-temp-memory-leak-validation cmd line argument. This will output the callstacks of the leaked allocations.
Number of updated asset objects reloaded before import = 0Number of asset objects unloaded after import = 1

========================================================================
Received Import Request.
  Time since last request: 0.009285 seconds.
  path: Assets/Materials and Textures/Downloaded/YughuesFreeGroundMaterials/Textures/T_YFGM_SoilGravel02_n.tga
  artifactKey: Guid(3c2fc5c9472b0944b9ec1b361d40e0b6) Importer(815301076,1909f56bfc062723c751e8b465ee728b)
Start importing Assets/Materials and Textures/Downloaded/YughuesFreeGroundMaterials/Textures/T_YFGM_SoilGravel02_n.tga using Guid(3c2fc5c9472b0944b9ec1b361d40e0b6) Importer(815301076,1909f56bfc062723c751e8b465ee728b) (PreviewImporter) -> (artifact id: 'f98ea96c7416aeceb831d19fcc7f5fee') in 0.0179565 seconds
Internal: There are remaining Allocations on the JobTempAlloc. This is a leak, and will impact performance
To Debug, run app with -diag-job-temp-memory-leak-validation cmd line argument. This will output the callstacks of the leaked allocations.
Number of updated asset objects reloaded before import = 0Number of asset objects unloaded after import = 2

========================================================================
Received Import Request.
  Time since last request: 0.012084 seconds.
  path: Assets/Materials and Textures/Downloaded/YughuesFreeFlooringMaterials/Preview/Sc_YFFlM_Preview.unity
  artifactKey: Guid(d65cdaf43baefb445b11f7bd7d1faeac) Importer(815301076,1909f56bfc062723c751e8b465ee728b)
Start importing Assets/Materials and Textures/Downloaded/YughuesFreeFlooringMaterials/Preview/Sc_YFFlM_Preview.unity using Guid(d65cdaf43baefb445b11f7bd7d1faeac) Importer(815301076,1909f56bfc062723c751e8b465ee728b) (PreviewImporter) -> (artifact id: '4ed0fc46c93d4d1cad1600b53bdc6e56') in 0.0007385 seconds
Internal: There are remaining Allocations on the JobTempAlloc. This is a leak, and will impact performance
To Debug, run app with -diag-job-temp-memory-leak-validation cmd line argument. This will output the callstacks of the leaked allocations.
Number of updated asset objects reloaded before import = 0Number of asset objects unloaded after import = 0

========================================================================
Received Import Request.
  Time since last request: 0.004600 seconds.
  path: Assets/Models & Prefabs/Models/Downloaded_Assets/Korea_TreasureProps/Prefabs/Sets/SM_107_BowlSet.prefab
  artifactKey: Guid(257243be425682f4c94201beaeb8d7ce) Importer(815301076,1909f56bfc062723c751e8b465ee728b)
Start importing Assets/Models & Prefabs/Models/Downloaded_Assets/Korea_TreasureProps/Prefabs/Sets/SM_107_BowlSet.prefab using Guid(257243be425682f4c94201beaeb8d7ce) Importer(815301076,1909f56bfc062723c751e8b465ee728b) (PreviewImporter) -> (artifact id: '6b1f05863ed4672116e9935a790dc311') in 0.002212 seconds
Internal: There are remaining Allocations on the JobTempAlloc. This is a leak, and will impact performance
To Debug, run app with -diag-job-temp-memory-leak-validation cmd line argument. This will output the callstacks of the leaked allocations.
Number of updated asset objects reloaded before import = 0Number of asset objects unloaded after import = 8

========================================================================
Received Import Request.
  Time since last request: 0.020344 seconds.
  path: Assets/Models & Prefabs/Models/Downloaded_Assets/DungeonModularPack/Textures/T_Step_C.tga
  artifactKey: Guid(19431d886a4108f49aef1ae0c5e1e992) Importer(815301076,1909f56bfc062723c751e8b465ee728b)
Start importing Assets/Models & Prefabs/Models/Downloaded_Assets/DungeonModularPack/Textures/T_Step_C.tga using Guid(19431d886a4108f49aef1ae0c5e1e992) Importer(815301076,1909f56bfc062723c751e8b465ee728b) (PreviewImporter) -> (artifact id: '5f34951abbdba5cd5f1af5c37607e4e2') in 0.0175839 seconds
Internal: There are remaining Allocations on the JobTempAlloc. This is a leak, and will impact performance
To Debug, run app with -diag-job-temp-memory-leak-validation cmd line argument. This will output the callstacks of the leaked allocations.
Number of updated asset objects reloaded before import = 0Number of asset objects unloaded after import = 2

========================================================================
Received Import Request.
  Time since last request: 0.025992 seconds.
  path: Assets/Models & Prefabs/Models/Downloaded_Assets/DungeonModularPack/Textures/T_Pillar_ORM.tga
  artifactKey: Guid(b6474f9092574fd42b7922bbcfed27f5) Importer(815301076,1909f56bfc062723c751e8b465ee728b)
Start importing Assets/Models & Prefabs/Models/Downloaded_Assets/DungeonModularPack/Textures/T_Pillar_ORM.tga using Guid(b6474f9092574fd42b7922bbcfed27f5) Importer(815301076,1909f56bfc062723c751e8b465ee728b) (PreviewImporter) -> (artifact id: '6cfb0bd5cb9461e0a49f4abb24be2962') in 0.0146559 seconds
Internal: There are remaining Allocations on the JobTempAlloc. This is a leak, and will impact performance
To Debug, run app with -diag-job-temp-memory-leak-validation cmd line argument. This will output the callstacks of the leaked allocations.
Number of updated asset objects reloaded before import = 0Number of asset objects unloaded after import = 2

========================================================================
Received Import Request.
  Time since last request: 0.022504 seconds.
  path: Assets/Materials and Textures/Downloaded/YughuesFreeGroundMaterials/Textures/T_YFGM_Grass02_n.tga
  artifactKey: Guid(99b5636251ba75b409bdeec86cf5a887) Importer(815301076,1909f56bfc062723c751e8b465ee728b)
Start importing Assets/Materials and Textures/Downloaded/YughuesFreeGroundMaterials/Textures/T_YFGM_Grass02_n.tga using Guid(99b5636251ba75b409bdeec86cf5a887) Importer(815301076,1909f56bfc062723c751e8b465ee728b) (PreviewImporter) -> (artifact id: '720d023a1a0bba6147d732e90715def6') in 0.0168925 seconds
Internal: There are remaining Allocations on the JobTempAlloc. This is a leak, and will impact performance
To Debug, run app with -diag-job-temp-memory-leak-validation cmd line argument. This will output the callstacks of the leaked allocations.
Number of updated asset objects reloaded before import = 0Number of asset objects unloaded after import = 2

========================================================================
Received Import Request.
  Time since last request: 0.004329 seconds.
  path: Assets/Models & Prefabs/Models/Downloaded_Assets/Korea_TreasureProps/Prefabs/Sets/SM_079_BowlSet.prefab
  artifactKey: Guid(2b78ec92a205d0a4e9c19b50b03c98dd) Importer(815301076,1909f56bfc062723c751e8b465ee728b)
Start importing Assets/Models & Prefabs/Models/Downloaded_Assets/Korea_TreasureProps/Prefabs/Sets/SM_079_BowlSet.prefab using Guid(2b78ec92a205d0a4e9c19b50b03c98dd) Importer(815301076,1909f56bfc062723c751e8b465ee728b) (PreviewImporter) -> (artifact id: '9af7cc31d1f3835c616d1dc024db0103') in 0.002089 seconds
Internal: There are remaining Allocations on the JobTempAlloc. This is a leak, and will impact performance
To Debug, run app with -diag-job-temp-memory-leak-validation cmd line argument. This will output the callstacks of the leaked allocations.
Number of updated asset objects reloaded before import = 0Number of asset objects unloaded after import = 8

========================================================================
Received Import Request.
  Time since last request: 0.019183 seconds.
  path: Assets/Materials and Textures/Downloaded/YughuesFreeGroundMaterials/Textures/T_YFGM_Grass04_d.tga
  artifactKey: Guid(0b6c444d13ed153479011a14e45cfa24) Importer(815301076,1909f56bfc062723c751e8b465ee728b)
Start importing Assets/Materials and Textures/Downloaded/YughuesFreeGroundMaterials/Textures/T_YFGM_Grass04_d.tga using Guid(0b6c444d13ed153479011a14e45cfa24) Importer(815301076,1909f56bfc062723c751e8b465ee728b) (PreviewImporter) -> (artifact id: '259e6ba1feb704dde0a908d7000ae18d') in 0.0161646 seconds
Internal: There are remaining Allocations on the JobTempAlloc. This is a leak, and will impact performance
To Debug, run app with -diag-job-temp-memory-leak-validation cmd line argument. This will output the callstacks of the leaked allocations.
Number of updated asset objects reloaded before import = 0Number of asset objects unloaded after import = 2

========================================================================
Received Import Request.
  Time since last request: 0.004749 seconds.
  path: Assets/Models & Prefabs/Walls and Floors/Models/Stone/materials/Floor-Stone-Model-01.png
  artifactKey: Guid(b23359ca8f9cca44f85121625463e5d0) Importer(815301076,1909f56bfc062723c751e8b465ee728b)
Start importing Assets/Models & Prefabs/Walls and Floors/Models/Stone/materials/Floor-Stone-Model-01.png using Guid(b23359ca8f9cca44f85121625463e5d0) Importer(815301076,1909f56bfc062723c751e8b465ee728b) (PreviewImporter) -> (artifact id: 'c5754aeea0990bb50f09b325344f594c') in 0.0153231 seconds
Internal: There are remaining Allocations on the JobTempAlloc. This is a leak, and will impact performance
To Debug, run app with -diag-job-temp-memory-leak-validation cmd line argument. This will output the callstacks of the leaked allocations.
Number of updated asset objects reloaded before import = 0Number of asset objects unloaded after import = 2

========================================================================
Received Import Request.
  Time since last request: 0.003616 seconds.
  path: Assets/Models & Prefabs/Models/IGB101_Assets/Third Person Controller/Robot Kyle/Textures
  artifactKey: Guid(01816f00f4cbe1a4d8423e6ef6679b26) Importer(815301076,1909f56bfc062723c751e8b465ee728b)
Start importing Assets/Models & Prefabs/Models/IGB101_Assets/Third Person Controller/Robot Kyle/Textures using Guid(01816f00f4cbe1a4d8423e6ef6679b26) Importer(815301076,1909f56bfc062723c751e8b465ee728b) (PreviewImporter) -> (artifact id: '81e71e9bb293d0113b7c3a1d15778cd6') in 0.0006415 seconds
Internal: There are remaining Allocations on the JobTempAlloc. This is a leak, and will impact performance
To Debug, run app with -diag-job-temp-memory-leak-validation cmd line argument. This will output the callstacks of the leaked allocations.
Number of updated asset objects reloaded before import = 0Number of asset objects unloaded after import = 0

========================================================================
Received Import Request.
  Time since last request: 0.028856 seconds.
  path: Assets/Models & Prefabs/Models/Downloaded_Assets/Floreswa
  artifactKey: Guid(b26977027d4d50e47aa8c293536b43fb) Importer(815301076,1909f56bfc062723c751e8b465ee728b)
Start importing Assets/Models & Prefabs/Models/Downloaded_Assets/Floreswa using Guid(b26977027d4d50e47aa8c293536b43fb) Importer(815301076,1909f56bfc062723c751e8b465ee728b) (PreviewImporter) -> (artifact id: '0c651f9b32c09522c8edbf1922bd1069') in 0.0007798 seconds
Internal: There are remaining Allocations on the JobTempAlloc. This is a leak, and will impact performance
To Debug, run app with -diag-job-temp-memory-leak-validation cmd line argument. This will output the callstacks of the leaked allocations.
Number of updated asset objects reloaded before import = 0Number of asset objects unloaded after import = 0

========================================================================
Received Import Request.
  Time since last request: 0.009059 seconds.
  path: Assets/Materials and Textures/Downloaded/YughuesFreeGroundMaterials/Textures/T_YFGM_SandySoil_n.tga
  artifactKey: Guid(8fd0f8225a215f2468343706df80639b) Importer(815301076,1909f56bfc062723c751e8b465ee728b)
Start importing Assets/Materials and Textures/Downloaded/YughuesFreeGroundMaterials/Textures/T_YFGM_SandySoil_n.tga using Guid(8fd0f8225a215f2468343706df80639b) Importer(815301076,1909f56bfc062723c751e8b465ee728b) (PreviewImporter) -> (artifact id: 'aae67de2a3244a5b91ddaa61552acf45') in 0.0184107 seconds
Internal: There are remaining Allocations on the JobTempAlloc. This is a leak, and will impact performance
To Debug, run app with -diag-job-temp-memory-leak-validation cmd line argument. This will output the callstacks of the leaked allocations.
Number of updated asset objects reloaded before import = 0Number of asset objects unloaded after import = 2

========================================================================
Received Import Request.
  Time since last request: 0.016310 seconds.
  path: Assets/Models & Prefabs/Models/Downloaded_Assets/Korea_TreasureProps/Textures/T_083_Kettle_AO.png
  artifactKey: Guid(abc00000000014227659414932811641) Importer(815301076,1909f56bfc062723c751e8b465ee728b)
Start importing Assets/Models & Prefabs/Models/Downloaded_Assets/Korea_TreasureProps/Textures/T_083_Kettle_AO.png using Guid(abc00000000014227659414932811641) Importer(815301076,1909f56bfc062723c751e8b465ee728b) (PreviewImporter) -> (artifact id: '912e2da7177eea81453c3d5a5744a70a') in 0.0184571 seconds
Internal: There are remaining Allocations on the JobTempAlloc. This is a leak, and will impact performance
To Debug, run app with -diag-job-temp-memory-leak-validation cmd line argument. This will output the callstacks of the leaked allocations.
Number of updated asset objects reloaded before import = 0Number of asset objects unloaded after import = 2

========================================================================
Received Import Request.
  Time since last request: 0.020710 seconds.
  path: Assets/Materials and Textures/Downloaded/YughuesFreeGroundMaterials/Textures/T_YFGM_Dry02_s.tga
  artifactKey: Guid(7b22d0e45c5f87c4eb0b9ed9f7793f5e) Importer(815301076,1909f56bfc062723c751e8b465ee728b)
Start importing Assets/Materials and Textures/Downloaded/YughuesFreeGroundMaterials/Textures/T_YFGM_Dry02_s.tga using Guid(7b22d0e45c5f87c4eb0b9ed9f7793f5e) Importer(815301076,1909f56bfc062723c751e8b465ee728b) (PreviewImporter) -> (artifact id: '46dd6c44116099851000598cf5189c49') in 0.0180102 seconds
Internal: There are remaining Allocations on the JobTempAlloc. This is a leak, and will impact performance
To Debug, run app with -diag-job-temp-memory-leak-validation cmd line argument. This will output the callstacks of the leaked allocations.
Number of updated asset objects reloaded before import = 0Number of asset objects unloaded after import = 2

========================================================================
Received Import Request.
  Time since last request: 0.003996 seconds.
  path: Assets/Materials and Textures/Downloaded/YughuesFreeFlooringMaterials/Preview/Sc_YFFlM_Preview
  artifactKey: Guid(5f0b06cd7974bcb47bc1b7f8b151ac55) Importer(815301076,1909f56bfc062723c751e8b465ee728b)
Start importing Assets/Materials and Textures/Downloaded/YughuesFreeFlooringMaterials/Preview/Sc_YFFlM_Preview using Guid(5f0b06cd7974bcb47bc1b7f8b151ac55) Importer(815301076,1909f56bfc062723c751e8b465ee728b) (PreviewImporter) -> (artifact id: 'da363c20ef70ca0ba0ddb66a0fc68c68') in 0.0007548 seconds
Internal: There are remaining Allocations on the JobTempAlloc. This is a leak, and will impact performance
To Debug, run app with -diag-job-temp-memory-leak-validation cmd line argument. This will output the callstacks of the leaked allocations.
Number of updated asset objects reloaded before import = 0Number of asset objects unloaded after import = 0

========================================================================
Received Import Request.
  Time since last request: 0.021083 seconds.
  path: Assets/Materials and Textures/Downloaded/YughuesFreeGroundMaterials/Textures/T_YFGM_Grass04_s.tga
  artifactKey: Guid(f34a5c3640680b84abb07f2b4abef5be) Importer(815301076,1909f56bfc062723c751e8b465ee728b)
Start importing Assets/Materials and Textures/Downloaded/YughuesFreeGroundMaterials/Textures/T_YFGM_Grass04_s.tga using Guid(f34a5c3640680b84abb07f2b4abef5be) Importer(815301076,1909f56bfc062723c751e8b465ee728b) (PreviewImporter) -> (artifact id: 'e6dd9f22912c57c7e16f86194b507916') in 0.017259 seconds
Internal: There are remaining Allocations on the JobTempAlloc. This is a leak, and will impact performance
To Debug, run app with -diag-job-temp-memory-leak-validation cmd line argument. This will output the callstacks of the leaked allocations.
Number of updated asset objects reloaded before import = 0Number of asset objects unloaded after import = 2

========================================================================
Received Import Request.
  Time since last request: 0.007748 seconds.
  path: Assets/Models & Prefabs/Walls and Floors/Models/Stone/materials/Corner-Stone-Model-03.mat
  artifactKey: Guid(3f413147f079ccf4f9c492a01b0e39f4) Importer(815301076,1909f56bfc062723c751e8b465ee728b)
Start importing Assets/Models & Prefabs/Walls and Floors/Models/Stone/materials/Corner-Stone-Model-03.mat using Guid(3f413147f079ccf4f9c492a01b0e39f4) Importer(815301076,1909f56bfc062723c751e8b465ee728b) (PreviewImporter) -> (artifact id: 'de5dd5dffb3677d4c545e668d90e39a6') in 0.0166804 seconds
Internal: There are remaining Allocations on the JobTempAlloc. This is a leak, and will impact performance
To Debug, run app with -diag-job-temp-memory-leak-validation cmd line argument. This will output the callstacks of the leaked allocations.
Number of updated asset objects reloaded before import = 0Number of asset objects unloaded after import = 2

========================================================================
Received Import Request.
  Time since last request: 0.004289 seconds.
  path: Assets/Models & Prefabs/Prefabs/Structures/Wood_Corner_Pillars.prefab
  artifactKey: Guid(e4e5850efa485014a917daedfdb38425) Importer(815301076,1909f56bfc062723c751e8b465ee728b)
Start importing Assets/Models & Prefabs/Prefabs/Structures/Wood_Corner_Pillars.prefab using Guid(e4e5850efa485014a917daedfdb38425) Importer(815301076,1909f56bfc062723c751e8b465ee728b) (PreviewImporter) -> (artifact id: '5b493933515fb825bfd8cbad613c1fe6') in 0.0176506 seconds
Internal: There are remaining Allocations on the JobTempAlloc. This is a leak, and will impact performance
To Debug, run app with -diag-job-temp-memory-leak-validation cmd line argument. This will output the callstacks of the leaked allocations.
Number of updated asset objects reloaded before import = 0Number of asset objects unloaded after import = 151

========================================================================
Received Import Request.
  Time since last request: 0.004694 seconds.
  path: Assets/Models & Prefabs/Walls and Floors/Models/Stone/materials/Floor-Stone-Model-03.png
  artifactKey: Guid(890066c6fee80104a8e1dd4cbffdb746) Importer(815301076,1909f56bfc062723c751e8b465ee728b)
Start importing Assets/Models & Prefabs/Walls and Floors/Models/Stone/materials/Floor-Stone-Model-03.png using Guid(890066c6fee80104a8e1dd4cbffdb746) Importer(815301076,1909f56bfc062723c751e8b465ee728b) (PreviewImporter) -> (artifact id: '7be5c76de94805eb11d730f587d03a51') in 0.0146424 seconds
Internal: There are remaining Allocations on the JobTempAlloc. This is a leak, and will impact performance
To Debug, run app with -diag-job-temp-memory-leak-validation cmd line argument. This will output the callstacks of the leaked allocations.
Number of updated asset objects reloaded before import = 0Number of asset objects unloaded after import = 2

========================================================================
Received Import Request.
  Time since last request: 0.012980 seconds.
  path: Assets/Models & Prefabs/Models/Downloaded_Assets/ithappy/Animals_FREE/Scripts
  artifactKey: Guid(f853990e5772f884290f13fd6d8555b0) Importer(815301076,1909f56bfc062723c751e8b465ee728b)
Start importing Assets/Models & Prefabs/Models/Downloaded_Assets/ithappy/Animals_FREE/Scripts using Guid(f853990e5772f884290f13fd6d8555b0) Importer(815301076,1909f56bfc062723c751e8b465ee728b) (PreviewImporter) -> (artifact id: '0e07d7ed63cfdd6aa1ab5a04941efd7d') in 0.0008567 seconds
Internal: There are remaining Allocations on the JobTempAlloc. This is a leak, and will impact performance
To Debug, run app with -diag-job-temp-memory-leak-validation cmd line argument. This will output the callstacks of the leaked allocations.
Number of updated asset objects reloaded before import = 0Number of asset objects unloaded after import = 0

========================================================================
Received Import Request.
  Time since last request: 0.009507 seconds.
  path: Assets/Materials and Textures/Downloaded/YughuesFreeGroundMaterials/Textures/T_YFGM_Grass01_n.tga
  artifactKey: Guid(cb39bd4bc91c216419ef2e6dc2afae0c) Importer(815301076,1909f56bfc062723c751e8b465ee728b)
Start importing Assets/Materials and Textures/Downloaded/YughuesFreeGroundMaterials/Textures/T_YFGM_Grass01_n.tga using Guid(cb39bd4bc91c216419ef2e6dc2afae0c) Importer(815301076,1909f56bfc062723c751e8b465ee728b) (PreviewImporter) -> (artifact id: 'b89fbae8b1641580cd01146374da3a6e') in 0.0178774 seconds
Internal: There are remaining Allocations on the JobTempAlloc. This is a leak, and will impact performance
To Debug, run app with -diag-job-temp-memory-leak-validation cmd line argument. This will output the callstacks of the leaked allocations.
Number of updated asset objects reloaded before import = 0Number of asset objects unloaded after import = 2

========================================================================
Received Import Request.
  Time since last request: 0.004422 seconds.
  path: Assets/Models & Prefabs/Models/Downloaded_Assets/Awesome_Lamp_Collection/Modells/Materials/Lamp_04.mat
  artifactKey: Guid(cb544b18d8079b94692d968f474b5add) Importer(815301076,1909f56bfc062723c751e8b465ee728b)
Start importing Assets/Models & Prefabs/Models/Downloaded_Assets/Awesome_Lamp_Collection/Modells/Materials/Lamp_04.mat using Guid(cb544b18d8079b94692d968f474b5add) Importer(815301076,1909f56bfc062723c751e8b465ee728b) (PreviewImporter) -> (artifact id: '4c7247112186cb2af3b1a63943b18ca8') in 0.0085257 seconds
Internal: There are remaining Allocations on the JobTempAlloc. This is a leak, and will impact performance
To Debug, run app with -diag-job-temp-memory-leak-validation cmd line argument. This will output the callstacks of the leaked allocations.
Number of updated asset objects reloaded before import = 0Number of asset objects unloaded after import = 1

========================================================================
Received Import Request.
  Time since last request: 0.004383 seconds.
  path: Assets/Models & Prefabs/Models/Downloaded_Assets/ithappy/Animals_FREE/Animations/Other_Animations/Pinguin_001_walk.anim
  artifactKey: Guid(e700b568f84eddf44833ed126c4a4db9) Importer(815301076,1909f56bfc062723c751e8b465ee728b)
Start importing Assets/Models & Prefabs/Models/Downloaded_Assets/ithappy/Animals_FREE/Animations/Other_Animations/Pinguin_001_walk.anim using Guid(e700b568f84eddf44833ed126c4a4db9) Importer(815301076,1909f56bfc062723c751e8b465ee728b) (PreviewImporter) -> (artifact id: '7f8725888190b21231c1eb2495e11383') in 0.0034924 seconds
Internal: There are remaining Allocations on the JobTempAlloc. This is a leak, and will impact performance
To Debug, run app with -diag-job-temp-memory-leak-validation cmd line argument. This will output the callstacks of the leaked allocations.
Number of updated asset objects reloaded before import = 0Number of asset objects unloaded after import = 1

========================================================================
Received Import Request.
  Time since last request: 0.017382 seconds.
  path: Assets/Models & Prefabs/Models/Downloaded_Assets/Awesome_Lamp_Collection/Modells/Materials/Lamp_15.mat
  artifactKey: Guid(fc579854b8fe074499225c53131abe39) Importer(815301076,1909f56bfc062723c751e8b465ee728b)
Start importing Assets/Models & Prefabs/Models/Downloaded_Assets/Awesome_Lamp_Collection/Modells/Materials/Lamp_15.mat using Guid(fc579854b8fe074499225c53131abe39) Importer(815301076,1909f56bfc062723c751e8b465ee728b) (PreviewImporter) -> (artifact id: '1cd024231c54d13ee051edcce74276a9') in 0.0076909 seconds
Internal: There are remaining Allocations on the JobTempAlloc. This is a leak, and will impact performance
To Debug, run app with -diag-job-temp-memory-leak-validation cmd line argument. This will output the callstacks of the leaked allocations.
Number of updated asset objects reloaded before import = 0Number of asset objects unloaded after import = 1

========================================================================
Received Import Request.
  Time since last request: 0.015051 seconds.
  path: Assets/Models & Prefabs/Walls and Floors/Models/Stone/materials/Corner-Stone-Model-01.mat
  artifactKey: Guid(9ea8f35b013d57543844fb8784445267) Importer(815301076,1909f56bfc062723c751e8b465ee728b)
Start importing Assets/Models & Prefabs/Walls and Floors/Models/Stone/materials/Corner-Stone-Model-01.mat using Guid(9ea8f35b013d57543844fb8784445267) Importer(815301076,1909f56bfc062723c751e8b465ee728b) (PreviewImporter) -> (artifact id: 'a83fec2e12e32bfffe6f16e18b701416') in 0.015406 seconds
Internal: There are remaining Allocations on the JobTempAlloc. This is a leak, and will impact performance
To Debug, run app with -diag-job-temp-memory-leak-validation cmd line argument. This will output the callstacks of the leaked allocations.
Number of updated asset objects reloaded before import = 0Number of asset objects unloaded after import = 2

========================================================================
Received Import Request.
  Time since last request: 0.008695 seconds.
  path: Assets/Models & Prefabs/Models/Downloaded_Assets/Korea_TreasureProps/Prefabs/Sets/SM_099_Incense_BurnerSet.prefab
  artifactKey: Guid(d410d47ffddbc3a4f841ece15b5f8334) Importer(815301076,1909f56bfc062723c751e8b465ee728b)
Start importing Assets/Models & Prefabs/Models/Downloaded_Assets/Korea_TreasureProps/Prefabs/Sets/SM_099_Incense_BurnerSet.prefab using Guid(d410d47ffddbc3a4f841ece15b5f8334) Importer(815301076,1909f56bfc062723c751e8b465ee728b) (PreviewImporter) -> (artifact id: '2d8615372c6ec0dec954db5fd6c3eaaa') in 0.002325 seconds
Internal: There are remaining Allocations on the JobTempAlloc. This is a leak, and will impact performance
To Debug, run app with -diag-job-temp-memory-leak-validation cmd line argument. This will output the callstacks of the leaked allocations.
Number of updated asset objects reloaded before import = 0Number of asset objects unloaded after import = 8

========================================================================
Received Import Request.
  Time since last request: 0.009305 seconds.
  path: Assets/Materials and Textures/Downloaded/YughuesFreeGroundMaterials/Textures/T_YFGM_GroundStones01_n.tga
  artifactKey: Guid(6063cf4d5229a7d42baade71d038d9e8) Importer(815301076,1909f56bfc062723c751e8b465ee728b)
Start importing Assets/Materials and Textures/Downloaded/YughuesFreeGroundMaterials/Textures/T_YFGM_GroundStones01_n.tga using Guid(6063cf4d5229a7d42baade71d038d9e8) Importer(815301076,1909f56bfc062723c751e8b465ee728b) (PreviewImporter) -> (artifact id: '0886ef32a467146e1ba0438d499473c5') in 0.0169997 seconds
Internal: There are remaining Allocations on the JobTempAlloc. This is a leak, and will impact performance
To Debug, run app with -diag-job-temp-memory-leak-validation cmd line argument. This will output the callstacks of the leaked allocations.
Number of updated asset objects reloaded before import = 0Number of asset objects unloaded after import = 2

========================================================================
Received Import Request.
  Time since last request: 0.004290 seconds.
  path: Assets/Models & Prefabs/Walls and Floors/Prefabs/Stone/Walls/Wall-Stone (6).prefab
  artifactKey: Guid(61f8389dfe13a1441b7a47fe06931bac) Importer(815301076,1909f56bfc062723c751e8b465ee728b)
Start importing Assets/Models & Prefabs/Walls and Floors/Prefabs/Stone/Walls/Wall-Stone (6).prefab using Guid(61f8389dfe13a1441b7a47fe06931bac) Importer(815301076,1909f56bfc062723c751e8b465ee728b) (PreviewImporter) -> (artifact id: '2dc49506f7ce0c15baf1e18f2a3098bb') in 0.0166395 seconds
Internal: There are remaining Allocations on the JobTempAlloc. This is a leak, and will impact performance
To Debug, run app with -diag-job-temp-memory-leak-validation cmd line argument. This will output the callstacks of the leaked allocations.
Number of updated asset objects reloaded before import = 0Number of asset objects unloaded after import = 10

========================================================================
Received Import Request.
  Time since last request: 0.012981 seconds.
  path: Assets/Materials and Textures/Downloaded/YughuesFreeGroundMaterials/Textures/T_YFGM_Grass03_s.tga
  artifactKey: Guid(0066ccd09c473314d8c22021a1ec3fb6) Importer(815301076,1909f56bfc062723c751e8b465ee728b)
Start importing Assets/Materials and Textures/Downloaded/YughuesFreeGroundMaterials/Textures/T_YFGM_Grass03_s.tga using Guid(0066ccd09c473314d8c22021a1ec3fb6) Importer(815301076,1909f56bfc062723c751e8b465ee728b) (PreviewImporter) -> (artifact id: '98046d567d0273d33c70c42d1614ef2e') in 0.0174431 seconds
Internal: There are remaining Allocations on the JobTempAlloc. This is a leak, and will impact performance
To Debug, run app with -diag-job-temp-memory-leak-validation cmd line argument. This will output the callstacks of the leaked allocations.
Number of updated asset objects reloaded before import = 0Number of asset objects unloaded after import = 2

========================================================================
Received Import Request.
  Time since last request: 0.007543 seconds.
  path: Assets/Models & Prefabs/Models/Downloaded_Assets/Korea_TreasureProps/Textures/T_009_Statue_of_the_Buddha_RN.png
  artifactKey: Guid(abc00000000015235032072485523489) Importer(815301076,1909f56bfc062723c751e8b465ee728b)
Start importing Assets/Models & Prefabs/Models/Downloaded_Assets/Korea_TreasureProps/Textures/T_009_Statue_of_the_Buddha_RN.png using Guid(abc00000000015235032072485523489) Importer(815301076,1909f56bfc062723c751e8b465ee728b) (PreviewImporter) -> (artifact id: '076e159c083a8f6949501c6049d3b89d') in 0.0175708 seconds
Internal: There are remaining Allocations on the JobTempAlloc. This is a leak, and will impact performance
To Debug, run app with -diag-job-temp-memory-leak-validation cmd line argument. This will output the callstacks of the leaked allocations.
Number of updated asset objects reloaded before import = 0Number of asset objects unloaded after import = 2

========================================================================
Received Import Request.
  Time since last request: 0.011834 seconds.
  path: Assets/Materials and Textures/Downloaded/YughuesFreeGroundMaterials/Textures/T_YFGM_Ground02_s.tga
  artifactKey: Guid(689f9767c1208dc4b822047799e1cac6) Importer(815301076,1909f56bfc062723c751e8b465ee728b)
Start importing Assets/Materials and Textures/Downloaded/YughuesFreeGroundMaterials/Textures/T_YFGM_Ground02_s.tga using Guid(689f9767c1208dc4b822047799e1cac6) Importer(815301076,1909f56bfc062723c751e8b465ee728b) (PreviewImporter) -> (artifact id: '6dca8b522197c95d3dfbd7f519d92981') in 0.0175297 seconds
Internal: There are remaining Allocations on the JobTempAlloc. This is a leak, and will impact performance
To Debug, run app with -diag-job-temp-memory-leak-validation cmd line argument. This will output the callstacks of the leaked allocations.
Number of updated asset objects reloaded before import = 0Number of asset objects unloaded after import = 2

========================================================================
Received Import Request.
  Time since last request: 0.022649 seconds.
  path: Assets/Models & Prefabs/Models/Downloaded_Assets/OlegWER/SkeletonsFreeSet/Textures/T_02.png
  artifactKey: Guid(af33138b22206c34a8757f7b4cb9f8a6) Importer(815301076,1909f56bfc062723c751e8b465ee728b)
Start importing Assets/Models & Prefabs/Models/Downloaded_Assets/OlegWER/SkeletonsFreeSet/Textures/T_02.png using Guid(af33138b22206c34a8757f7b4cb9f8a6) Importer(815301076,1909f56bfc062723c751e8b465ee728b) (PreviewImporter) -> (artifact id: '4d98e473d56686910048459e4b752731') in 0.0172602 seconds
Internal: There are remaining Allocations on the JobTempAlloc. This is a leak, and will impact performance
To Debug, run app with -diag-job-temp-memory-leak-validation cmd line argument. This will output the callstacks of the leaked allocations.
Number of updated asset objects reloaded before import = 0Number of asset objects unloaded after import = 2

========================================================================
Received Import Request.
  Time since last request: 0.004168 seconds.
  path: Assets/Models & Prefabs/Models/Downloaded_Assets/Korea_TreasureProps/Prefabs/SM_039_Pot.prefab
  artifactKey: Guid(d3a617cec9de71c43aa3c68db29f06a4) Importer(815301076,1909f56bfc062723c751e8b465ee728b)
Start importing Assets/Models & Prefabs/Models/Downloaded_Assets/Korea_TreasureProps/Prefabs/SM_039_Pot.prefab using Guid(d3a617cec9de71c43aa3c68db29f06a4) Importer(815301076,1909f56bfc062723c751e8b465ee728b) (PreviewImporter) -> (artifact id: '696ab9d6de118b768e5aaceebc0bf5d1') in 0.0240201 seconds
Internal: There are remaining Allocations on the JobTempAlloc. This is a leak, and will impact performance
To Debug, run app with -diag-job-temp-memory-leak-validation cmd line argument. This will output the callstacks of the leaked allocations.
Number of updated asset objects reloaded before import = 0Number of asset objects unloaded after import = 12

========================================================================
Received Import Request.
  Time since last request: 0.004363 seconds.
  path: Assets/Models & Prefabs/Walls and Floors/Prefabs/Wood/Walls/Wall-Wood (1).prefab
  artifactKey: Guid(0866de07a9e9b4a4ea72bedea81f3389) Importer(815301076,1909f56bfc062723c751e8b465ee728b)
Start importing Assets/Models & Prefabs/Walls and Floors/Prefabs/Wood/Walls/Wall-Wood (1).prefab using Guid(0866de07a9e9b4a4ea72bedea81f3389) Importer(815301076,1909f56bfc062723c751e8b465ee728b) (PreviewImporter) -> (artifact id: '282fc25020c2c5f4ade2cca55aea15ad') in 0.017583 seconds
Internal: There are remaining Allocations on the JobTempAlloc. This is a leak, and will impact performance
To Debug, run app with -diag-job-temp-memory-leak-validation cmd line argument. This will output the callstacks of the leaked allocations.
Number of updated asset objects reloaded before import = 0Number of asset objects unloaded after import = 11

========================================================================
Received Import Request.
  Time since last request: 0.005565 seconds.
  path: Assets/Materials and Textures/Downloaded/YughuesFreeGroundMaterials/Preview/Sc_Preview/ReflectionProbe-1.exr
  artifactKey: Guid(745d24c2752eeb94292e6bcab0633ec7) Importer(815301076,1909f56bfc062723c751e8b465ee728b)
Start importing Assets/Materials and Textures/Downloaded/YughuesFreeGroundMaterials/Preview/Sc_Preview/ReflectionProbe-1.exr using Guid(745d24c2752eeb94292e6bcab0633ec7) Importer(815301076,1909f56bfc062723c751e8b465ee728b) (PreviewImporter) -> (artifact id: 'd19a2e754be33fdf780a70902ce7eb4d') in 0.0158738 seconds
Internal: There are remaining Allocations on the JobTempAlloc. This is a leak, and will impact performance
To Debug, run app with -diag-job-temp-memory-leak-validation cmd line argument. This will output the callstacks of the leaked allocations.
Number of updated asset objects reloaded before import = 0Number of asset objects unloaded after import = 1

========================================================================
Received Import Request.
  Time since last request: 0.010845 seconds.
  path: Assets/Models & Prefabs/Models/Downloaded_Assets/ithappy/Animals_FREE/Scripts/MovePlayerInput.cs
  artifactKey: Guid(b2c67ce836140b4479603ebcf944cddd) Importer(815301076,1909f56bfc062723c751e8b465ee728b)
Start importing Assets/Models & Prefabs/Models/Downloaded_Assets/ithappy/Animals_FREE/Scripts/MovePlayerInput.cs using Guid(b2c67ce836140b4479603ebcf944cddd) Importer(815301076,1909f56bfc062723c751e8b465ee728b) (PreviewImporter) -> (artifact id: 'c4e1b1ddac173c5fc3725d2481ae1593') in 0.0008569 seconds
Internal: There are remaining Allocations on the JobTempAlloc. This is a leak, and will impact performance
To Debug, run app with -diag-job-temp-memory-leak-validation cmd line argument. This will output the callstacks of the leaked allocations.
Number of updated asset objects reloaded before import = 0Number of asset objects unloaded after import = 0

========================================================================
Received Import Request.
  Time since last request: 0.005530 seconds.
  path: Assets/Models & Prefabs/Walls and Floors/Models/Stone/materials/Wall-Stone-Model-12.png
  artifactKey: Guid(a484a1cab5c216e4593450e16523b630) Importer(815301076,1909f56bfc062723c751e8b465ee728b)
Start importing Assets/Models & Prefabs/Walls and Floors/Models/Stone/materials/Wall-Stone-Model-12.png using Guid(a484a1cab5c216e4593450e16523b630) Importer(815301076,1909f56bfc062723c751e8b465ee728b) (PreviewImporter) -> (artifact id: '1a9b215686c72e8b83110098c48e942b') in 0.0159725 seconds
Internal: There are remaining Allocations on the JobTempAlloc. This is a leak, and will impact performance
To Debug, run app with -diag-job-temp-memory-leak-validation cmd line argument. This will output the callstacks of the leaked allocations.
Number of updated asset objects reloaded before import = 0Number of asset objects unloaded after import = 2

========================================================================
Received Import Request.
  Time since last request: 0.003595 seconds.
  path: Assets/Models & Prefabs/Models/Downloaded_Assets/ithappy/Animals_FREE/Animations/Animation_Controllers
  artifactKey: Guid(1f05f83ed1ed1bb499231ceda83030ec) Importer(815301076,1909f56bfc062723c751e8b465ee728b)
Start importing Assets/Models & Prefabs/Models/Downloaded_Assets/ithappy/Animals_FREE/Animations/Animation_Controllers using Guid(1f05f83ed1ed1bb499231ceda83030ec) Importer(815301076,1909f56bfc062723c751e8b465ee728b) (PreviewImporter) -> (artifact id: '8b598d56b1c3bfe614e6f07634fe7535') in 0.000693 seconds
Internal: There are remaining Allocations on the JobTempAlloc. This is a leak, and will impact performance
To Debug, run app with -diag-job-temp-memory-leak-validation cmd line argument. This will output the callstacks of the leaked allocations.
Number of updated asset objects reloaded before import = 0Number of asset objects unloaded after import = 0

========================================================================
Received Import Request.
  Time since last request: 0.004329 seconds.
  path: Assets/Models & Prefabs/Models/Downloaded_Assets/DungeonModularPack/Prefabs/Step_A.prefab
  artifactKey: Guid(388d9b17ab21db24abe453cf6da856ae) Importer(815301076,1909f56bfc062723c751e8b465ee728b)
Start importing Assets/Models & Prefabs/Models/Downloaded_Assets/DungeonModularPack/Prefabs/Step_A.prefab using Guid(388d9b17ab21db24abe453cf6da856ae) Importer(815301076,1909f56bfc062723c751e8b465ee728b) (PreviewImporter) -> (artifact id: '473d9a0730db19012f1b690a0f731337') in 0.0235996 seconds
Internal: There are remaining Allocations on the JobTempAlloc. This is a leak, and will impact performance
To Debug, run app with -diag-job-temp-memory-leak-validation cmd line argument. This will output the callstacks of the leaked allocations.
Number of updated asset objects reloaded before import = 0Number of asset objects unloaded after import = 22

========================================================================
Received Import Request.
  Time since last request: 0.095109 seconds.
  path: Assets/Models & Prefabs/Models/Downloaded_Assets/Awesome_Lamp_Collection/Materials/Lamp_16/Lamp_16.4.mat
  artifactKey: Guid(7246de507c801d94c9670d25d42bcbdf) Importer(815301076,1909f56bfc062723c751e8b465ee728b)
Start importing Assets/Models & Prefabs/Models/Downloaded_Assets/Awesome_Lamp_Collection/Materials/Lamp_16/Lamp_16.4.mat using Guid(7246de507c801d94c9670d25d42bcbdf) Importer(815301076,1909f56bfc062723c751e8b465ee728b) (PreviewImporter) -> (artifact id: 'e379cbc4a8ee80bfc83cd47439c59cdb') in 0.007202 seconds
Internal: There are remaining Allocations on the JobTempAlloc. This is a leak, and will impact performance
To Debug, run app with -diag-job-temp-memory-leak-validation cmd line argument. This will output the callstacks of the leaked allocations.
Number of updated asset objects reloaded before import = 0Number of asset objects unloaded after import = 1

========================================================================
Received Import Request.
  Time since last request: 0.015038 seconds.
  path: Assets/Models & Prefabs/Models/Downloaded_Assets/Korea_TreasureProps/Prefabs/Sets/SM_080_A_Ceramic_BottleSet.prefab
  artifactKey: Guid(5411ca0dedc7d144aa389692b38f1808) Importer(815301076,1909f56bfc062723c751e8b465ee728b)
Start importing Assets/Models & Prefabs/Models/Downloaded_Assets/Korea_TreasureProps/Prefabs/Sets/SM_080_A_Ceramic_BottleSet.prefab using Guid(5411ca0dedc7d144aa389692b38f1808) Importer(815301076,1909f56bfc062723c751e8b465ee728b) (PreviewImporter) -> (artifact id: 'e33c8455286e49f8f1d3967c984bdfa7') in 0.0021966 seconds
Internal: There are remaining Allocations on the JobTempAlloc. This is a leak, and will impact performance
To Debug, run app with -diag-job-temp-memory-leak-validation cmd line argument. This will output the callstacks of the leaked allocations.
Number of updated asset objects reloaded before import = 0Number of asset objects unloaded after import = 8

========================================================================
Received Import Request.
  Time since last request: 0.016696 seconds.
  path: Assets/Models & Prefabs/Models/Downloaded_Assets/Korea_TreasureProps/Textures/T_011_Statue_of_the_Buddha_001_NM.png
  artifactKey: Guid(abc00000000011402309068354440042) Importer(815301076,1909f56bfc062723c751e8b465ee728b)
Start importing Assets/Models & Prefabs/Models/Downloaded_Assets/Korea_TreasureProps/Textures/T_011_Statue_of_the_Buddha_001_NM.png using Guid(abc00000000011402309068354440042) Importer(815301076,1909f56bfc062723c751e8b465ee728b) (PreviewImporter) -> (artifact id: 'd617e21bc939084b71afac640193502c') in 0.0181924 seconds
Internal: There are remaining Allocations on the JobTempAlloc. This is a leak, and will impact performance
To Debug, run app with -diag-job-temp-memory-leak-validation cmd line argument. This will output the callstacks of the leaked allocations.
Number of updated asset objects reloaded before import = 0Number of asset objects unloaded after import = 2

========================================================================
Received Import Request.
  Time since last request: 0.010628 seconds.
  path: Assets/Models & Prefabs/Models/Downloaded_Assets/ithappy/Animals_FREE/Animations/Other_Animations/Pinguin_001_idle.anim
  artifactKey: Guid(7f690a34d9c0a9246a914695a844844f) Importer(815301076,1909f56bfc062723c751e8b465ee728b)
Start importing Assets/Models & Prefabs/Models/Downloaded_Assets/ithappy/Animals_FREE/Animations/Other_Animations/Pinguin_001_idle.anim using Guid(7f690a34d9c0a9246a914695a844844f) Importer(815301076,1909f56bfc062723c751e8b465ee728b) (PreviewImporter) -> (artifact id: 'cd9eb2da31ad48550c89ff514ab3414e') in 0.0053536 seconds
Internal: There are remaining Allocations on the JobTempAlloc. This is a leak, and will impact performance
To Debug, run app with -diag-job-temp-memory-leak-validation cmd line argument. This will output the callstacks of the leaked allocations.
Number of updated asset objects reloaded before import = 0Number of asset objects unloaded after import = 1

========================================================================
Received Import Request.
  Time since last request: 0.003816 seconds.
  path: Assets/Models & Prefabs/Models/Downloaded_Assets/Awesome_Lamp_Collection/Modells/Materials/Lamp_02.mat
  artifactKey: Guid(d1909660d9f98f645ac0a5b546d72d3d) Importer(815301076,1909f56bfc062723c751e8b465ee728b)
Start importing Assets/Models & Prefabs/Models/Downloaded_Assets/Awesome_Lamp_Collection/Modells/Materials/Lamp_02.mat using Guid(d1909660d9f98f645ac0a5b546d72d3d) Importer(815301076,1909f56bfc062723c751e8b465ee728b) (PreviewImporter) -> (artifact id: 'cf596d557288fd9cb3752794f81d0ed1') in 0.0070046 seconds
Internal: There are remaining Allocations on the JobTempAlloc. This is a leak, and will impact performance
To Debug, run app with -diag-job-temp-memory-leak-validation cmd line argument. This will output the callstacks of the leaked allocations.
Number of updated asset objects reloaded before import = 0Number of asset objects unloaded after import = 1

========================================================================
Received Import Request.
  Time since last request: 0.013748 seconds.
  path: Assets/Models & Prefabs/Models/Downloaded_Assets
  artifactKey: Guid(db7c4ed3ec3f4624394140950ae8b9d4) Importer(815301076,1909f56bfc062723c751e8b465ee728b)
Start importing Assets/Models & Prefabs/Models/Downloaded_Assets using Guid(db7c4ed3ec3f4624394140950ae8b9d4) Importer(815301076,1909f56bfc062723c751e8b465ee728b) (PreviewImporter) -> (artifact id: '14cca1eff09c7416092fa69937e98914') in 0.0007661 seconds
Internal: There are remaining Allocations on the JobTempAlloc. This is a leak, and will impact performance
To Debug, run app with -diag-job-temp-memory-leak-validation cmd line argument. This will output the callstacks of the leaked allocations.
Number of updated asset objects reloaded before import = 0Number of asset objects unloaded after import = 0

========================================================================
Received Import Request.
  Time since last request: 0.011642 seconds.
  path: Assets/Materials and Textures/Downloaded/YughuesFreeGroundMaterials/Textures/T_YFGM_Burnt_n.tga
  artifactKey: Guid(a4ca5bebfbb944f4a85c51171f2f3421) Importer(815301076,1909f56bfc062723c751e8b465ee728b)
Start importing Assets/Materials and Textures/Downloaded/YughuesFreeGroundMaterials/Textures/T_YFGM_Burnt_n.tga using Guid(a4ca5bebfbb944f4a85c51171f2f3421) Importer(815301076,1909f56bfc062723c751e8b465ee728b) (PreviewImporter) -> (artifact id: 'f75cb4b6942ac6317b8153f9f33d92a3') in 0.0216184 seconds
Internal: There are remaining Allocations on the JobTempAlloc. This is a leak, and will impact performance
To Debug, run app with -diag-job-temp-memory-leak-validation cmd line argument. This will output the callstacks of the leaked allocations.
Number of updated asset objects reloaded before import = 0Number of asset objects unloaded after import = 2

========================================================================
Received Import Request.
  Time since last request: 0.003351 seconds.
  path: Assets/Materials and Textures/Downloaded/YughuesFreeGroundMaterials/Textures
  artifactKey: Guid(284dac9b2e822174ab6cbabfbd9fde5a) Importer(815301076,1909f56bfc062723c751e8b465ee728b)
Start importing Assets/Materials and Textures/Downloaded/YughuesFreeGroundMaterials/Textures using Guid(284dac9b2e822174ab6cbabfbd9fde5a) Importer(815301076,1909f56bfc062723c751e8b465ee728b) (PreviewImporter) -> (artifact id: '853df9dadd41281f55d2bc18a6fa102e') in 0.0007331 seconds
Internal: There are remaining Allocations on the JobTempAlloc. This is a leak, and will impact performance
To Debug, run app with -diag-job-temp-memory-leak-validation cmd line argument. This will output the callstacks of the leaked allocations.
Number of updated asset objects reloaded before import = 0Number of asset objects unloaded after import = 0

========================================================================
Received Import Request.
  Time since last request: 0.011626 seconds.
  path: Assets/Models & Prefabs/Models/Downloaded_Assets/Korea_TreasureProps/Textures/T_083_Kettle_Lid_BC.png
  artifactKey: Guid(abc00000000000452911604810037700) Importer(815301076,1909f56bfc062723c751e8b465ee728b)
Start importing Assets/Models & Prefabs/Models/Downloaded_Assets/Korea_TreasureProps/Textures/T_083_Kettle_Lid_BC.png using Guid(abc00000000000452911604810037700) Importer(815301076,1909f56bfc062723c751e8b465ee728b) (PreviewImporter) -> (artifact id: 'ff39bcdadb0aeb8437d414ecf99bc8a9') in 0.0182735 seconds
Internal: There are remaining Allocations on the JobTempAlloc. This is a leak, and will impact performance
To Debug, run app with -diag-job-temp-memory-leak-validation cmd line argument. This will output the callstacks of the leaked allocations.
Number of updated asset objects reloaded before import = 0Number of asset objects unloaded after import = 2

========================================================================
Received Import Request.
  Time since last request: 0.004357 seconds.
  path: Assets/Models & Prefabs/Walls and Floors/Prefabs/Wood/Walls/Wall-Wood (2).prefab
  artifactKey: Guid(1813c94b1a0c7b94da308ac04531370d) Importer(815301076,1909f56bfc062723c751e8b465ee728b)
Start importing Assets/Models & Prefabs/Walls and Floors/Prefabs/Wood/Walls/Wall-Wood (2).prefab using Guid(1813c94b1a0c7b94da308ac04531370d) Importer(815301076,1909f56bfc062723c751e8b465ee728b) (PreviewImporter) -> (artifact id: '6d006bdb2031803622cd1968b4887201') in 0.0181518 seconds
Internal: There are remaining Allocations on the JobTempAlloc. This is a leak, and will impact performance
To Debug, run app with -diag-job-temp-memory-leak-validation cmd line argument. This will output the callstacks of the leaked allocations.
Number of updated asset objects reloaded before import = 0Number of asset objects unloaded after import = 11

========================================================================
Received Import Request.
  Time since last request: 0.003493 seconds.
  path: Assets/TextMesh Pro/Resources
  artifactKey: Guid(243e06394e614e5d99fab26083b707fa) Importer(815301076,1909f56bfc062723c751e8b465ee728b)
Start importing Assets/TextMesh Pro/Resources using Guid(243e06394e614e5d99fab26083b707fa) Importer(815301076,1909f56bfc062723c751e8b465ee728b) (PreviewImporter) -> (artifact id: '11df96cbc1ee0a65f3e870d2c6937e97') in 0.0005989 seconds
Internal: There are remaining Allocations on the JobTempAlloc. This is a leak, and will impact performance
To Debug, run app with -diag-job-temp-memory-leak-validation cmd line argument. This will output the callstacks of the leaked allocations.
Number of updated asset objects reloaded before import = 0Number of asset objects unloaded after import = 0

========================================================================
Received Import Request.
  Time since last request: 0.040413 seconds.
  path: Assets/Materials and Textures/Downloaded/YughuesFreeGroundMaterials/Textures/T_YFGM_Burnt_s.tga
  artifactKey: Guid(1e21ab15dd5f9e3478e2ec24273f2da0) Importer(815301076,1909f56bfc062723c751e8b465ee728b)
Start importing Assets/Materials and Textures/Downloaded/YughuesFreeGroundMaterials/Textures/T_YFGM_Burnt_s.tga using Guid(1e21ab15dd5f9e3478e2ec24273f2da0) Importer(815301076,1909f56bfc062723c751e8b465ee728b) (PreviewImporter) -> (artifact id: '78e9ef1d873fc9992ab910b15d9f4d76') in 0.0166344 seconds
Internal: There are remaining Allocations on the JobTempAlloc. This is a leak, and will impact performance
To Debug, run app with -diag-job-temp-memory-leak-validation cmd line argument. This will output the callstacks of the leaked allocations.
Number of updated asset objects reloaded before import = 0Number of asset objects unloaded after import = 2

========================================================================
Received Import Request.
  Time since last request: 0.003463 seconds.
  path: Assets/Models & Prefabs/Models/Downloaded_Assets/Korea_TreasureProps/Meshes
  artifactKey: Guid(f9032d52b1928554caf7aadd8c9bb77c) Importer(815301076,1909f56bfc062723c751e8b465ee728b)
Start importing Assets/Models & Prefabs/Models/Downloaded_Assets/Korea_TreasureProps/Meshes using Guid(f9032d52b1928554caf7aadd8c9bb77c) Importer(815301076,1909f56bfc062723c751e8b465ee728b) (PreviewImporter) -> (artifact id: 'a12c99e4b77922c5e809c059d27b1a1c') in 0.0007932 seconds
Internal: There are remaining Allocations on the JobTempAlloc. This is a leak, and will impact performance
To Debug, run app with -diag-job-temp-memory-leak-validation cmd line argument. This will output the callstacks of the leaked allocations.
Number of updated asset objects reloaded before import = 0Number of asset objects unloaded after import = 0

========================================================================
Received Import Request.
  Time since last request: 0.012751 seconds.
  path: Assets/Models & Prefabs/Models/Downloaded_Assets/Greek Statue/Materials/GreekStatue_LOD1.png
  artifactKey: Guid(9e0feefc28cdbc543aba2d99a1879201) Importer(815301076,1909f56bfc062723c751e8b465ee728b)
Start importing Assets/Models & Prefabs/Models/Downloaded_Assets/Greek Statue/Materials/GreekStatue_LOD1.png using Guid(9e0feefc28cdbc543aba2d99a1879201) Importer(815301076,1909f56bfc062723c751e8b465ee728b) (PreviewImporter) -> (artifact id: 'b45d54280ffd3ee67ec76bd910968924') in 0.0210695 seconds
Internal: There are remaining Allocations on the JobTempAlloc. This is a leak, and will impact performance
To Debug, run app with -diag-job-temp-memory-leak-validation cmd line argument. This will output the callstacks of the leaked allocations.
Number of updated asset objects reloaded before import = 0Number of asset objects unloaded after import = 2

========================================================================
Received Import Request.
  Time since last request: 0.004762 seconds.
  path: Assets/Models & Prefabs/Models/Downloaded_Assets/ithappy/Animals_FREE/Animations/Other_Animations/Tiger_001_walk.anim
  artifactKey: Guid(6922d6a93060d7547a659edc79fedf1b) Importer(815301076,1909f56bfc062723c751e8b465ee728b)
Start importing Assets/Models & Prefabs/Models/Downloaded_Assets/ithappy/Animals_FREE/Animations/Other_Animations/Tiger_001_walk.anim using Guid(6922d6a93060d7547a659edc79fedf1b) Importer(815301076,1909f56bfc062723c751e8b465ee728b) (PreviewImporter) -> (artifact id: '3c822e6f5ef5dfeb0a654b1c373e1ef6') in 0.0075546 seconds
Internal: There are remaining Allocations on the JobTempAlloc. This is a leak, and will impact performance
To Debug, run app with -diag-job-temp-memory-leak-validation cmd line argument. This will output the callstacks of the leaked allocations.
Number of updated asset objects reloaded before import = 0Number of asset objects unloaded after import = 1

========================================================================
Received Import Request.
  Time since last request: 0.005416 seconds.
  path: Assets/TextMesh Pro/Fonts/LiberationSans.ttf
  artifactKey: Guid(e3265ab4bf004d28a9537516768c1c75) Importer(815301076,1909f56bfc062723c751e8b465ee728b)
Start importing Assets/TextMesh Pro/Fonts/LiberationSans.ttf using Guid(e3265ab4bf004d28a9537516768c1c75) Importer(815301076,1909f56bfc062723c751e8b465ee728b) (PreviewImporter) -> (artifact id: '0c7f2e2e17a3ebdcac44bda580781b46') in 0.0439678 seconds
Internal: There are remaining Allocations on the JobTempAlloc. This is a leak, and will impact performance
To Debug, run app with -diag-job-temp-memory-leak-validation cmd line argument. This will output the callstacks of the leaked allocations.
Number of updated asset objects reloaded before import = 0Number of asset objects unloaded after import = 4

========================================================================
Received Import Request.
  Time since last request: 0.009794 seconds.
  path: Assets/Models & Prefabs/Prefabs/Structures/Stone_Walls.prefab
  artifactKey: Guid(0017d13135913aa488db1892290a1752) Importer(815301076,1909f56bfc062723c751e8b465ee728b)
Start importing Assets/Models & Prefabs/Prefabs/Structures/Stone_Walls.prefab using Guid(0017d13135913aa488db1892290a1752) Importer(815301076,1909f56bfc062723c751e8b465ee728b) (PreviewImporter) -> (artifact id: 'c5bcbd37a9839f3e0b5f024f408de00b') in 0.0357884 seconds
Internal: There are remaining Allocations on the JobTempAlloc. This is a leak, and will impact performance
To Debug, run app with -diag-job-temp-memory-leak-validation cmd line argument. This will output the callstacks of the leaked allocations.
Number of updated asset objects reloaded before import = 0Number of asset objects unloaded after import = 825

========================================================================
Received Import Request.
  Time since last request: 0.029136 seconds.
  path: Assets/TextMesh Pro/Shaders
  artifactKey: Guid(e9f693669af91aa45ad615fc681ed29f) Importer(815301076,1909f56bfc062723c751e8b465ee728b)
Start importing Assets/TextMesh Pro/Shaders using Guid(e9f693669af91aa45ad615fc681ed29f) Importer(815301076,1909f56bfc062723c751e8b465ee728b) (PreviewImporter) -> (artifact id: 'a144b211cd2a2def7d7b03dc72c8282d') in 0.0008801 seconds
Internal: There are remaining Allocations on the JobTempAlloc. This is a leak, and will impact performance
To Debug, run app with -diag-job-temp-memory-leak-validation cmd line argument. This will output the callstacks of the leaked allocations.
Number of updated asset objects reloaded before import = 0Number of asset objects unloaded after import = 0

========================================================================
Received Import Request.
  Time since last request: 0.009022 seconds.
  path: Assets/Models & Prefabs/Models/Downloaded_Assets/Floreswa/Materials/Burgundy.mat
  artifactKey: Guid(68a28e8d45be2bc458387c8031168835) Importer(815301076,1909f56bfc062723c751e8b465ee728b)
Start importing Assets/Models & Prefabs/Models/Downloaded_Assets/Floreswa/Materials/Burgundy.mat using Guid(68a28e8d45be2bc458387c8031168835) Importer(815301076,1909f56bfc062723c751e8b465ee728b) (PreviewImporter) -> (artifact id: 'fde3e60fd515efb67ffd1d439f55193e') in 0.0152978 seconds
Internal: There are remaining Allocations on the JobTempAlloc. This is a leak, and will impact performance
To Debug, run app with -diag-job-temp-memory-leak-validation cmd line argument. This will output the callstacks of the leaked allocations.
Number of updated asset objects reloaded before import = 0Number of asset objects unloaded after import = 1

========================================================================
Received Import Request.
  Time since last request: 0.004322 seconds.
  path: Assets/Models & Prefabs/Models/Downloaded_Assets/ithappy/Animals_FREE/Meshes/Penguin_5.controller
  artifactKey: Guid(a10c840ef3b6df546b8e05375c41e10d) Importer(815301076,1909f56bfc062723c751e8b465ee728b)
Start importing Assets/Models & Prefabs/Models/Downloaded_Assets/ithappy/Animals_FREE/Meshes/Penguin_5.controller using Guid(a10c840ef3b6df546b8e05375c41e10d) Importer(815301076,1909f56bfc062723c751e8b465ee728b) (PreviewImporter) -> (artifact id: 'ab94523a7cd2f7474fb4b693a1310df4') in 0.0019062 seconds
Internal: There are remaining Allocations on the JobTempAlloc. This is a leak, and will impact performance
To Debug, run app with -diag-job-temp-memory-leak-validation cmd line argument. This will output the callstacks of the leaked allocations.
Number of updated asset objects reloaded before import = 0Number of asset objects unloaded after import = 4

========================================================================
Received Import Request.
  Time since last request: 0.008919 seconds.
  path: Assets/Materials and Textures/Downloaded/YughuesFreeGroundMaterials/Textures/T_YFGM_SoilWeeds_n.tga
  artifactKey: Guid(6429029fa72b5434eae110c89d474458) Importer(815301076,1909f56bfc062723c751e8b465ee728b)
Start importing Assets/Materials and Textures/Downloaded/YughuesFreeGroundMaterials/Textures/T_YFGM_SoilWeeds_n.tga using Guid(6429029fa72b5434eae110c89d474458) Importer(815301076,1909f56bfc062723c751e8b465ee728b) (PreviewImporter) -> (artifact id: '13922be2d806ebf0871f40c49beaaca3') in 0.0156042 seconds
Internal: There are remaining Allocations on the JobTempAlloc. This is a leak, and will impact performance
To Debug, run app with -diag-job-temp-memory-leak-validation cmd line argument. This will output the callstacks of the leaked allocations.
Number of updated asset objects reloaded before import = 0Number of asset objects unloaded after import = 2

========================================================================
Received Import Request.
  Time since last request: 0.011751 seconds.
  path: Assets/Materials and Textures/Downloaded/YughuesFreeGroundMaterials/Textures/T_YFGM_GrassLeafs01_s.tga
  artifactKey: Guid(e8366c04858c22d4ca3c406ebff5117c) Importer(815301076,1909f56bfc062723c751e8b465ee728b)
Start importing Assets/Materials and Textures/Downloaded/YughuesFreeGroundMaterials/Textures/T_YFGM_GrassLeafs01_s.tga using Guid(e8366c04858c22d4ca3c406ebff5117c) Importer(815301076,1909f56bfc062723c751e8b465ee728b) (PreviewImporter) -> (artifact id: 'e3fb9bf4d7cc49a427838ba3f54423fb') in 0.0172444 seconds
Internal: There are remaining Allocations on the JobTempAlloc. This is a leak, and will impact performance
To Debug, run app with -diag-job-temp-memory-leak-validation cmd line argument. This will output the callstacks of the leaked allocations.
Number of updated asset objects reloaded before import = 0Number of asset objects unloaded after import = 2

========================================================================
Received Import Request.
  Time since last request: 0.007560 seconds.
  path: Assets/Models & Prefabs/Models/Downloaded_Assets/Greek Statue/Mesh
  artifactKey: Guid(db3086ad467b8e84e892b63db5eaaee2) Importer(815301076,1909f56bfc062723c751e8b465ee728b)
Start importing Assets/Models & Prefabs/Models/Downloaded_Assets/Greek Statue/Mesh using Guid(db3086ad467b8e84e892b63db5eaaee2) Importer(815301076,1909f56bfc062723c751e8b465ee728b) (PreviewImporter) -> (artifact id: 'cb8171f25e90a11638ce823d237deb21') in 0.0009013 seconds
Internal: There are remaining Allocations on the JobTempAlloc. This is a leak, and will impact performance
To Debug, run app with -diag-job-temp-memory-leak-validation cmd line argument. This will output the callstacks of the leaked allocations.
Number of updated asset objects reloaded before import = 0Number of asset objects unloaded after import = 0

========================================================================
Received Import Request.
  Time since last request: 0.013729 seconds.
  path: Assets/Models & Prefabs/Models/IGB101_Assets/Third Person Controller/Robot Kyle/Textures/Robot_Normal.tga
  artifactKey: Guid(94c473c9137744d7eabd829f1150da8d) Importer(815301076,1909f56bfc062723c751e8b465ee728b)
Start importing Assets/Models & Prefabs/Models/IGB101_Assets/Third Person Controller/Robot Kyle/Textures/Robot_Normal.tga using Guid(94c473c9137744d7eabd829f1150da8d) Importer(815301076,1909f56bfc062723c751e8b465ee728b) (PreviewImporter) -> (artifact id: '1a1b0c6e3c65d64c388d6d18f9e8ec76') in 0.019234 seconds
Internal: There are remaining Allocations on the JobTempAlloc. This is a leak, and will impact performance
To Debug, run app with -diag-job-temp-memory-leak-validation cmd line argument. This will output the callstacks of the leaked allocations.
Number of updated asset objects reloaded before import = 0Number of asset objects unloaded after import = 2

========================================================================
Received Import Request.
  Time since last request: 0.012005 seconds.
  path: Assets/Materials and Textures/Downloaded/YughuesFreeGroundMaterials/Textures/T_YFGM_Dry02_d.tga
  artifactKey: Guid(07baef80bd4beb64ba80aa3897d6dde1) Importer(815301076,1909f56bfc062723c751e8b465ee728b)
Start importing Assets/Materials and Textures/Downloaded/YughuesFreeGroundMaterials/Textures/T_YFGM_Dry02_d.tga using Guid(07baef80bd4beb64ba80aa3897d6dde1) Importer(815301076,1909f56bfc062723c751e8b465ee728b) (PreviewImporter) -> (artifact id: '141f6d2c5af1aa1dc729c591fd4c4c81') in 0.0165023 seconds
Internal: There are remaining Allocations on the JobTempAlloc. This is a leak, and will impact performance
To Debug, run app with -diag-job-temp-memory-leak-validation cmd line argument. This will output the callstacks of the leaked allocations.
Number of updated asset objects reloaded before import = 0Number of asset objects unloaded after import = 2

========================================================================
Received Import Request.
  Time since last request: 0.003141 seconds.
  path: Assets/Models & Prefabs/Walls and Floors/Prefabs/Wood/Walls
  artifactKey: Guid(6aec68cbe30877f4898ad2937e198f0f) Importer(815301076,1909f56bfc062723c751e8b465ee728b)
Start importing Assets/Models & Prefabs/Walls and Floors/Prefabs/Wood/Walls using Guid(6aec68cbe30877f4898ad2937e198f0f) Importer(815301076,1909f56bfc062723c751e8b465ee728b) (PreviewImporter) -> (artifact id: '5df30f6382fdfbfe318376f33d259981') in 0.0006729 seconds
Internal: There are remaining Allocations on the JobTempAlloc. This is a leak, and will impact performance
To Debug, run app with -diag-job-temp-memory-leak-validation cmd line argument. This will output the callstacks of the leaked allocations.
Number of updated asset objects reloaded before import = 0Number of asset objects unloaded after import = 0

========================================================================
Received Import Request.
  Time since last request: 0.016924 seconds.
  path: Assets/Materials and Textures/Downloaded/YughuesFreeGroundMaterials/Textures/T_YFGM_Grass06_d.tga
  artifactKey: Guid(8d38408652a91a549ad06164ec9f74ca) Importer(815301076,1909f56bfc062723c751e8b465ee728b)
Start importing Assets/Materials and Textures/Downloaded/YughuesFreeGroundMaterials/Textures/T_YFGM_Grass06_d.tga using Guid(8d38408652a91a549ad06164ec9f74ca) Importer(815301076,1909f56bfc062723c751e8b465ee728b) (PreviewImporter) -> (artifact id: '71e264f841690f46dcd06e3cc5fb8091') in 0.0202629 seconds
Internal: There are remaining Allocations on the JobTempAlloc. This is a leak, and will impact performance
To Debug, run app with -diag-job-temp-memory-leak-validation cmd line argument. This will output the callstacks of the leaked allocations.
Number of updated asset objects reloaded before import = 0Number of asset objects unloaded after import = 2

========================================================================
Received Import Request.
  Time since last request: 0.009046 seconds.
  path: Assets/Audio/Dire, Dire Docks - Super Mario 64.mp3
  artifactKey: Guid(8b40e29d8092ea644ba01e635ee701a8) Importer(815301076,1909f56bfc062723c751e8b465ee728b)
Start importing Assets/Audio/Dire, Dire Docks - Super Mario 64.mp3 using Guid(8b40e29d8092ea644ba01e635ee701a8) Importer(815301076,1909f56bfc062723c751e8b465ee728b) (PreviewImporter) -> (artifact id: 'a15d58eeb81b06d81c983faa64d19441') in 0.0188775 seconds
Internal: There are remaining Allocations on the JobTempAlloc. This is a leak, and will impact performance
To Debug, run app with -diag-job-temp-memory-leak-validation cmd line argument. This will output the callstacks of the leaked allocations.
Number of updated asset objects reloaded before import = 0Number of asset objects unloaded after import = 2

========================================================================
Received Import Request.
  Time since last request: 0.010587 seconds.
  path: Assets/Materials and Textures/Downloaded/YughuesFreeGroundMaterials/Textures/T_YFGM_Clay_s.tga
  artifactKey: Guid(341ed9a2275bda542946dcc309472f4a) Importer(815301076,1909f56bfc062723c751e8b465ee728b)
Start importing Assets/Materials and Textures/Downloaded/YughuesFreeGroundMaterials/Textures/T_YFGM_Clay_s.tga using Guid(341ed9a2275bda542946dcc309472f4a) Importer(815301076,1909f56bfc062723c751e8b465ee728b) (PreviewImporter) -> (artifact id: '50367a67d88fa4a1ced50a03731489fa') in 0.0166869 seconds
Internal: There are remaining Allocations on the JobTempAlloc. This is a leak, and will impact performance
To Debug, run app with -diag-job-temp-memory-leak-validation cmd line argument. This will output the callstacks of the leaked allocations.
Number of updated asset objects reloaded before import = 0Number of asset objects unloaded after import = 2

========================================================================
Received Import Request.
  Time since last request: 0.012014 seconds.
  path: Assets/Materials and Textures/Downloaded/YughuesFreeGroundMaterials/Textures/T_YFGM_Mars_s.tga
  artifactKey: Guid(89101dc700039b842bba61c2b4376af9) Importer(815301076,1909f56bfc062723c751e8b465ee728b)
Start importing Assets/Materials and Textures/Downloaded/YughuesFreeGroundMaterials/Textures/T_YFGM_Mars_s.tga using Guid(89101dc700039b842bba61c2b4376af9) Importer(815301076,1909f56bfc062723c751e8b465ee728b) (PreviewImporter) -> (artifact id: '879e9ef24a64d79d20fc71543fe42ef2') in 0.0171109 seconds
Internal: There are remaining Allocations on the JobTempAlloc. This is a leak, and will impact performance
To Debug, run app with -diag-job-temp-memory-leak-validation cmd line argument. This will output the callstacks of the leaked allocations.
Number of updated asset objects reloaded before import = 0Number of asset objects unloaded after import = 2

========================================================================
Received Import Request.
  Time since last request: 0.004392 seconds.
  path: Assets/Models & Prefabs/Models/Downloaded_Assets/ithappy/Animals_FREE/Animations/Other_Animations/Horse_001_idle.anim
  artifactKey: Guid(5167c71f04ff8394296521169dcfe464) Importer(815301076,1909f56bfc062723c751e8b465ee728b)
Start importing Assets/Models & Prefabs/Models/Downloaded_Assets/ithappy/Animals_FREE/Animations/Other_Animations/Horse_001_idle.anim using Guid(5167c71f04ff8394296521169dcfe464) Importer(815301076,1909f56bfc062723c751e8b465ee728b) (PreviewImporter) -> (artifact id: 'bb5209f5e4e8b42817a31cf900f0e990') in 0.0047351 seconds
Internal: There are remaining Allocations on the JobTempAlloc. This is a leak, and will impact performance
To Debug, run app with -diag-job-temp-memory-leak-validation cmd line argument. This will output the callstacks of the leaked allocations.
Number of updated asset objects reloaded before import = 0Number of asset objects unloaded after import = 1

========================================================================
Received Import Request.
  Time since last request: 0.023266 seconds.
  path: Assets/Models & Prefabs/Models/Downloaded_Assets/Korea_TreasureProps/Textures/T_083_Kettle_NM.png
  artifactKey: Guid(abc00000000010818565856465518120) Importer(815301076,1909f56bfc062723c751e8b465ee728b)
Start importing Assets/Models & Prefabs/Models/Downloaded_Assets/Korea_TreasureProps/Textures/T_083_Kettle_NM.png using Guid(abc00000000010818565856465518120) Importer(815301076,1909f56bfc062723c751e8b465ee728b) (PreviewImporter) -> (artifact id: '8f3b8c46574aab2f1440b0cd93714850') in 0.0208074 seconds
Internal: There are remaining Allocations on the JobTempAlloc. This is a leak, and will impact performance
To Debug, run app with -diag-job-temp-memory-leak-validation cmd line argument. This will output the callstacks of the leaked allocations.
Number of updated asset objects reloaded before import = 0Number of asset objects unloaded after import = 2

========================================================================
Received Import Request.
  Time since last request: 0.016359 seconds.
  path: Assets/Materials and Textures/Downloaded/YughuesFreeGroundMaterials/Textures/T_YFGM_Dry03_s.tga
  artifactKey: Guid(2d4505821b5c4f348926fcad29f559af) Importer(815301076,1909f56bfc062723c751e8b465ee728b)
Start importing Assets/Materials and Textures/Downloaded/YughuesFreeGroundMaterials/Textures/T_YFGM_Dry03_s.tga using Guid(2d4505821b5c4f348926fcad29f559af) Importer(815301076,1909f56bfc062723c751e8b465ee728b) (PreviewImporter) -> (artifact id: 'b0c3d1cc2bc3b72dcf736df2bcb75dfc') in 0.0181889 seconds
Internal: There are remaining Allocations on the JobTempAlloc. This is a leak, and will impact performance
To Debug, run app with -diag-job-temp-memory-leak-validation cmd line argument. This will output the callstacks of the leaked allocations.
Number of updated asset objects reloaded before import = 0Number of asset objects unloaded after import = 2

========================================================================
Received Import Request.
  Time since last request: 0.011957 seconds.
  path: Assets/Models & Prefabs/Models/Downloaded_Assets/Korea_TreasureProps/Textures/T_057_Brick_BC.png
  artifactKey: Guid(abc00000000016070304104887186126) Importer(815301076,1909f56bfc062723c751e8b465ee728b)
Start importing Assets/Models & Prefabs/Models/Downloaded_Assets/Korea_TreasureProps/Textures/T_057_Brick_BC.png using Guid(abc00000000016070304104887186126) Importer(815301076,1909f56bfc062723c751e8b465ee728b) (PreviewImporter) -> (artifact id: '0328c9f814a7aaa9a32a2f659e175946') in 0.0188416 seconds
Internal: There are remaining Allocations on the JobTempAlloc. This is a leak, and will impact performance
To Debug, run app with -diag-job-temp-memory-leak-validation cmd line argument. This will output the callstacks of the leaked allocations.
Number of updated asset objects reloaded before import = 0Number of asset objects unloaded after import = 2

========================================================================
Received Import Request.
  Time since last request: 0.023738 seconds.
  path: Assets/Materials and Textures/Downloaded/YughuesFreeGroundMaterials/Textures/T_YFGM_SoilWeeds_d.tga
  artifactKey: Guid(95f562bf706ffc64892f14787d6cfffb) Importer(815301076,1909f56bfc062723c751e8b465ee728b)
Start importing Assets/Materials and Textures/Downloaded/YughuesFreeGroundMaterials/Textures/T_YFGM_SoilWeeds_d.tga using Guid(95f562bf706ffc64892f14787d6cfffb) Importer(815301076,1909f56bfc062723c751e8b465ee728b) (PreviewImporter) -> (artifact id: 'a55ea223f1835528b74999bbe5b6fb51') in 0.0170897 seconds
Internal: There are remaining Allocations on the JobTempAlloc. This is a leak, and will impact performance
To Debug, run app with -diag-job-temp-memory-leak-validation cmd line argument. This will output the callstacks of the leaked allocations.
Number of updated asset objects reloaded before import = 0Number of asset objects unloaded after import = 2

========================================================================
Received Import Request.
  Time since last request: 0.017069 seconds.
  path: Assets/Models & Prefabs/Models/Downloaded_Assets/Korea_TreasureProps/Textures/T_067_Kettle_NM.png
  artifactKey: Guid(abc00000000017472790642541559900) Importer(815301076,1909f56bfc062723c751e8b465ee728b)
Start importing Assets/Models & Prefabs/Models/Downloaded_Assets/Korea_TreasureProps/Textures/T_067_Kettle_NM.png using Guid(abc00000000017472790642541559900) Importer(815301076,1909f56bfc062723c751e8b465ee728b) (PreviewImporter) -> (artifact id: '735b57f9c3e31920a407a6885efaf2e0') in 0.0206797 seconds
Internal: There are remaining Allocations on the JobTempAlloc. This is a leak, and will impact performance
To Debug, run app with -diag-job-temp-memory-leak-validation cmd line argument. This will output the callstacks of the leaked allocations.
Number of updated asset objects reloaded before import = 0Number of asset objects unloaded after import = 2

========================================================================
Received Import Request.
  Time since last request: 0.020776 seconds.
  path: Assets/Models & Prefabs/Walls and Floors/Models/Wood/materials/T_YFFlM_08_n.tga
  artifactKey: Guid(42ac18b684bff0142bd0566c97fa25c9) Importer(815301076,1909f56bfc062723c751e8b465ee728b)
Start importing Assets/Models & Prefabs/Walls and Floors/Models/Wood/materials/T_YFFlM_08_n.tga using Guid(42ac18b684bff0142bd0566c97fa25c9) Importer(815301076,1909f56bfc062723c751e8b465ee728b) (PreviewImporter) -> (artifact id: '238f9cb43e56d32d6461f55685188622') in 0.0156394 seconds
Internal: There are remaining Allocations on the JobTempAlloc. This is a leak, and will impact performance
To Debug, run app with -diag-job-temp-memory-leak-validation cmd line argument. This will output the callstacks of the leaked allocations.
Number of updated asset objects reloaded before import = 0Number of asset objects unloaded after import = 2

========================================================================
Received Import Request.
  Time since last request: 0.009783 seconds.
  path: Assets/Models & Prefabs/Models/Downloaded_Assets/ithappy/Animals_FREE/Animations/Animation_Controllers/Tiger 1.controller
  artifactKey: Guid(5b090081b1a740849b6d2ee27dd07664) Importer(815301076,1909f56bfc062723c751e8b465ee728b)
Start importing Assets/Models & Prefabs/Models/Downloaded_Assets/ithappy/Animals_FREE/Animations/Animation_Controllers/Tiger 1.controller using Guid(5b090081b1a740849b6d2ee27dd07664) Importer(815301076,1909f56bfc062723c751e8b465ee728b) (PreviewImporter) -> (artifact id: 'dd2a32f29a410c9b70776681f068b5ec') in 0.0105375 seconds
Internal: There are remaining Allocations on the JobTempAlloc. This is a leak, and will impact performance
To Debug, run app with -diag-job-temp-memory-leak-validation cmd line argument. This will output the callstacks of the leaked allocations.
Number of updated asset objects reloaded before import = 0Number of asset objects unloaded after import = 8

========================================================================
Received Import Request.
  Time since last request: 0.003575 seconds.
  path: Assets/Models & Prefabs/Walls and Floors/Models/Stone/materials/Corner-Stone-Model-02.mat
  artifactKey: Guid(ac40411b9455773439ac8c5675392892) Importer(815301076,1909f56bfc062723c751e8b465ee728b)
Start importing Assets/Models & Prefabs/Walls and Floors/Models/Stone/materials/Corner-Stone-Model-02.mat using Guid(ac40411b9455773439ac8c5675392892) Importer(815301076,1909f56bfc062723c751e8b465ee728b) (PreviewImporter) -> (artifact id: '4c9ba4bf6ab80a3629bf08fe21ef1775') in 0.0156117 seconds
Internal: There are remaining Allocations on the JobTempAlloc. This is a leak, and will impact performance
To Debug, run app with -diag-job-temp-memory-leak-validation cmd line argument. This will output the callstacks of the leaked allocations.
Number of updated asset objects reloaded before import = 0Number of asset objects unloaded after import = 2

========================================================================
Received Import Request.
  Time since last request: 0.004820 seconds.
  path: Assets/Scenes/IGB101_A2_Meagan Shaw.unity
  artifactKey: Guid(aacc5aacf651b9f49b052cab46fd65da) Importer(815301076,1909f56bfc062723c751e8b465ee728b)
Start importing Assets/Scenes/IGB101_A2_Meagan Shaw.unity using Guid(aacc5aacf651b9f49b052cab46fd65da) Importer(815301076,1909f56bfc062723c751e8b465ee728b) (PreviewImporter) -> (artifact id: 'baddcf059f08b563d5a06dc7f06e054c') in 0.0009223 seconds
Internal: There are remaining Allocations on the JobTempAlloc. This is a leak, and will impact performance
To Debug, run app with -diag-job-temp-memory-leak-validation cmd line argument. This will output the callstacks of the leaked allocations.
Number of updated asset objects reloaded before import = 0Number of asset objects unloaded after import = 0

========================================================================
Received Import Request.
  Time since last request: 0.002655 seconds.
  path: Assets/Models & Prefabs/Walls and Floors/Prefabs/Wood/Corners
  artifactKey: Guid(b3708bbfa4afef243afa593cd1c19575) Importer(815301076,1909f56bfc062723c751e8b465ee728b)
Start importing Assets/Models & Prefabs/Walls and Floors/Prefabs/Wood/Corners using Guid(b3708bbfa4afef243afa593cd1c19575) Importer(815301076,1909f56bfc062723c751e8b465ee728b) (PreviewImporter) -> (artifact id: 'a0f19d052a376ac8844a17577d445c46') in 0.0006075 seconds
Internal: There are remaining Allocations on the JobTempAlloc. This is a leak, and will impact performance
To Debug, run app with -diag-job-temp-memory-leak-validation cmd line argument. This will output the callstacks of the leaked allocations.
Number of updated asset objects reloaded before import = 0Number of asset objects unloaded after import = 0

========================================================================
Received Import Request.
  Time since last request: 0.003832 seconds.
  path: Assets/Models & Prefabs/Walls and Floors/Prefabs/Wood/Walls/Wall-Wood (4).prefab
  artifactKey: Guid(7b9c6a300ca94e84aa580ff42a8b8292) Importer(815301076,1909f56bfc062723c751e8b465ee728b)
Start importing Assets/Models & Prefabs/Walls and Floors/Prefabs/Wood/Walls/Wall-Wood (4).prefab using Guid(7b9c6a300ca94e84aa580ff42a8b8292) Importer(815301076,1909f56bfc062723c751e8b465ee728b) (PreviewImporter) -> (artifact id: 'd44a21e7d49af2cb4631b21ddf2a8c5f') in 0.0021473 seconds
Internal: There are remaining Allocations on the JobTempAlloc. This is a leak, and will impact performance
To Debug, run app with -diag-job-temp-memory-leak-validation cmd line argument. This will output the callstacks of the leaked allocations.
Number of updated asset objects reloaded before import = 0Number of asset objects unloaded after import = 7

========================================================================
Received Import Request.
  Time since last request: 0.008321 seconds.
  path: Assets/Models & Prefabs/Models/Downloaded_Assets/Awesome_Lamp_Collection/Modells/Materials/Bulb.mat
  artifactKey: Guid(4decbeba27b933b46923b95ea1e54617) Importer(815301076,1909f56bfc062723c751e8b465ee728b)
Start importing Assets/Models & Prefabs/Models/Downloaded_Assets/Awesome_Lamp_Collection/Modells/Materials/Bulb.mat using Guid(4decbeba27b933b46923b95ea1e54617) Importer(815301076,1909f56bfc062723c751e8b465ee728b) (PreviewImporter) -> (artifact id: 'c49d95a8555021bda301d9e5f452137f') in 0.0066131 seconds
Internal: There are remaining Allocations on the JobTempAlloc. This is a leak, and will impact performance
To Debug, run app with -diag-job-temp-memory-leak-validation cmd line argument. This will output the callstacks of the leaked allocations.
Number of updated asset objects reloaded before import = 0Number of asset objects unloaded after import = 1

========================================================================
Received Import Request.
  Time since last request: 0.018210 seconds.
  path: Assets/Materials and Textures/Downloaded/YughuesFreeGroundMaterials/Textures/T_YFGM_Grass05_d.tga
  artifactKey: Guid(0f7b02a6635fe744c9c28407ede09d57) Importer(815301076,1909f56bfc062723c751e8b465ee728b)
Start importing Assets/Materials and Textures/Downloaded/YughuesFreeGroundMaterials/Textures/T_YFGM_Grass05_d.tga using Guid(0f7b02a6635fe744c9c28407ede09d57) Importer(815301076,1909f56bfc062723c751e8b465ee728b) (PreviewImporter) -> (artifact id: 'bb9bb74750f60a0fa2cd96ba7c0ef500') in 0.0167437 seconds
Internal: There are remaining Allocations on the JobTempAlloc. This is a leak, and will impact performance
To Debug, run app with -diag-job-temp-memory-leak-validation cmd line argument. This will output the callstacks of the leaked allocations.
Number of updated asset objects reloaded before import = 0Number of asset objects unloaded after import = 2

========================================================================
Received Import Request.
  Time since last request: 0.004940 seconds.
  path: Assets/Models & Prefabs/Walls and Floors/Models/Wood/materials/Door-Wood-Model-03.png
  artifactKey: Guid(16db49039a16de24896fd3f0a23ea5be) Importer(815301076,1909f56bfc062723c751e8b465ee728b)
Start importing Assets/Models & Prefabs/Walls and Floors/Models/Wood/materials/Door-Wood-Model-03.png using Guid(16db49039a16de24896fd3f0a23ea5be) Importer(815301076,1909f56bfc062723c751e8b465ee728b) (PreviewImporter) -> (artifact id: 'aa9582611b6bab5ae918e26bc7e3937f') in 0.0170699 seconds
Internal: There are remaining Allocations on the JobTempAlloc. This is a leak, and will impact performance
To Debug, run app with -diag-job-temp-memory-leak-validation cmd line argument. This will output the callstacks of the leaked allocations.
Number of updated asset objects reloaded before import = 0Number of asset objects unloaded after import = 2

========================================================================
Received Import Request.
  Time since last request: 0.003362 seconds.
  path: Assets/Models & Prefabs/Walls and Floors/Models/Wood/materials
  artifactKey: Guid(3837870fba6fa704f94bd8129a3e3f92) Importer(815301076,1909f56bfc062723c751e8b465ee728b)
Start importing Assets/Models & Prefabs/Walls and Floors/Models/Wood/materials using Guid(3837870fba6fa704f94bd8129a3e3f92) Importer(815301076,1909f56bfc062723c751e8b465ee728b) (PreviewImporter) -> (artifact id: 'c04e55fa3f0da0c7e427361081af18df') in 0.0008749 seconds
Internal: There are remaining Allocations on the JobTempAlloc. This is a leak, and will impact performance
To Debug, run app with -diag-job-temp-memory-leak-validation cmd line argument. This will output the callstacks of the leaked allocations.
Number of updated asset objects reloaded before import = 0Number of asset objects unloaded after import = 0

========================================================================
Received Import Request.
  Time since last request: 0.008950 seconds.
  path: Assets/Models & Prefabs/Models/Downloaded_Assets/ithappy/Animals_FREE/Animations/Other_Animations/Horse_001_walk.anim
  artifactKey: Guid(3535c491fc53d4949ab7afc8dc9ba534) Importer(815301076,1909f56bfc062723c751e8b465ee728b)
Start importing Assets/Models & Prefabs/Models/Downloaded_Assets/ithappy/Animals_FREE/Animations/Other_Animations/Horse_001_walk.anim using Guid(3535c491fc53d4949ab7afc8dc9ba534) Importer(815301076,1909f56bfc062723c751e8b465ee728b) (PreviewImporter) -> (artifact id: '95fae1c133d80bea650af9a3f98800a1') in 0.0057944 seconds
Internal: There are remaining Allocations on the JobTempAlloc. This is a leak, and will impact performance
To Debug, run app with -diag-job-temp-memory-leak-validation cmd line argument. This will output the callstacks of the leaked allocations.
Number of updated asset objects reloaded before import = 0Number of asset objects unloaded after import = 1

========================================================================
Received Import Request.
  Time since last request: 0.031684 seconds.
  path: Assets/Materials and Textures/Downloaded/YughuesFreeGroundMaterials/Textures/T_YFGM_Grass01_s.tga
  artifactKey: Guid(c10418a65c9c0bd49a7d940e44e4be84) Importer(815301076,1909f56bfc062723c751e8b465ee728b)
Start importing Assets/Materials and Textures/Downloaded/YughuesFreeGroundMaterials/Textures/T_YFGM_Grass01_s.tga using Guid(c10418a65c9c0bd49a7d940e44e4be84) Importer(815301076,1909f56bfc062723c751e8b465ee728b) (PreviewImporter) -> (artifact id: '3c19906be37da9bb9688c1dcf3a691f9') in 0.0175795 seconds
Internal: There are remaining Allocations on the JobTempAlloc. This is a leak, and will impact performance
To Debug, run app with -diag-job-temp-memory-leak-validation cmd line argument. This will output the callstacks of the leaked allocations.
Number of updated asset objects reloaded before import = 0Number of asset objects unloaded after import = 2

========================================================================
Received Import Request.
  Time since last request: 0.004461 seconds.
  path: Assets/Models & Prefabs/Models/Downloaded_Assets/ithappy/Animals_FREE/Animations/Animation_Controllers/Pinguin.controller
  artifactKey: Guid(be5a7892afce29a438c8214b00153288) Importer(815301076,1909f56bfc062723c751e8b465ee728b)
Start importing Assets/Models & Prefabs/Models/Downloaded_Assets/ithappy/Animals_FREE/Animations/Animation_Controllers/Pinguin.controller using Guid(be5a7892afce29a438c8214b00153288) Importer(815301076,1909f56bfc062723c751e8b465ee728b) (PreviewImporter) -> (artifact id: '144e30727bb349d4cec409f7b2a1476f') in 0.0029755 seconds
Internal: There are remaining Allocations on the JobTempAlloc. This is a leak, and will impact performance
To Debug, run app with -diag-job-temp-memory-leak-validation cmd line argument. This will output the callstacks of the leaked allocations.
Number of updated asset objects reloaded before import = 0Number of asset objects unloaded after import = 8

========================================================================
Received Import Request.
  Time since last request: 0.002706 seconds.
  path: Assets/Models & Prefabs/Models/Downloaded_Assets/DungeonModularPack/Meshes
  artifactKey: Guid(320884434d22d12408af7dccdd435ba8) Importer(815301076,1909f56bfc062723c751e8b465ee728b)
Start importing Assets/Models & Prefabs/Models/Downloaded_Assets/DungeonModularPack/Meshes using Guid(320884434d22d12408af7dccdd435ba8) Importer(815301076,1909f56bfc062723c751e8b465ee728b) (PreviewImporter) -> (artifact id: 'e0ba6429ee56d82e755ba237f6d10f04') in 0.0005498 seconds
Internal: There are remaining Allocations on the JobTempAlloc. This is a leak, and will impact performance
To Debug, run app with -diag-job-temp-memory-leak-validation cmd line argument. This will output the callstacks of the leaked allocations.
Number of updated asset objects reloaded before import = 0Number of asset objects unloaded after import = 0

========================================================================
Received Import Request.
  Time since last request: 0.003694 seconds.
  path: Assets/Models & Prefabs/Models/Downloaded_Assets/Korea_TreasureProps/Prefabs/Sets/SM_092_Incense_BurnerSet.prefab
  artifactKey: Guid(4e2473613d678dd4685b0a2b329bfc24) Importer(815301076,1909f56bfc062723c751e8b465ee728b)
Start importing Assets/Models & Prefabs/Models/Downloaded_Assets/Korea_TreasureProps/Prefabs/Sets/SM_092_Incense_BurnerSet.prefab using Guid(4e2473613d678dd4685b0a2b329bfc24) Importer(815301076,1909f56bfc062723c751e8b465ee728b) (PreviewImporter) -> (artifact id: 'da3f993fc7bd564f9070b358f71da955') in 0.0025441 seconds
Internal: There are remaining Allocations on the JobTempAlloc. This is a leak, and will impact performance
To Debug, run app with -diag-job-temp-memory-leak-validation cmd line argument. This will output the callstacks of the leaked allocations.
Number of updated asset objects reloaded before import = 0Number of asset objects unloaded after import = 8

========================================================================
Received Import Request.
  Time since last request: 0.014730 seconds.
  path: Assets/Materials and Textures/Downloaded/YughuesFreeGroundMaterials/Textures/T_YFGM_Grass04_n.tga
  artifactKey: Guid(0ed30fac3bd6bcb4b871f6c8d1833808) Importer(815301076,1909f56bfc062723c751e8b465ee728b)
Start importing Assets/Materials and Textures/Downloaded/YughuesFreeGroundMaterials/Textures/T_YFGM_Grass04_n.tga using Guid(0ed30fac3bd6bcb4b871f6c8d1833808) Importer(815301076,1909f56bfc062723c751e8b465ee728b) (PreviewImporter) -> (artifact id: '192b4af2f12a2ecea45c50c02fcdb6f3') in 0.0181979 seconds
Internal: There are remaining Allocations on the JobTempAlloc. This is a leak, and will impact performance
To Debug, run app with -diag-job-temp-memory-leak-validation cmd line argument. This will output the callstacks of the leaked allocations.
Number of updated asset objects reloaded before import = 0Number of asset objects unloaded after import = 2

========================================================================
Received Import Request.
  Time since last request: 0.020342 seconds.
  path: Assets/Models & Prefabs/Models/Downloaded_Assets/DungeonModularPack/Textures/T_Step_ORM.tga
  artifactKey: Guid(9fc6586e504e3f84493d30fb141fc922) Importer(815301076,1909f56bfc062723c751e8b465ee728b)
Start importing Assets/Models & Prefabs/Models/Downloaded_Assets/DungeonModularPack/Textures/T_Step_ORM.tga using Guid(9fc6586e504e3f84493d30fb141fc922) Importer(815301076,1909f56bfc062723c751e8b465ee728b) (PreviewImporter) -> (artifact id: 'bddb9700e5d67fb3336ccd7c8f9baa22') in 0.0146422 seconds
Internal: There are remaining Allocations on the JobTempAlloc. This is a leak, and will impact performance
To Debug, run app with -diag-job-temp-memory-leak-validation cmd line argument. This will output the callstacks of the leaked allocations.
Number of updated asset objects reloaded before import = 0Number of asset objects unloaded after import = 2

========================================================================
Received Import Request.
  Time since last request: 0.006677 seconds.
  path: Assets/Models & Prefabs/Models/Downloaded_Assets/Korea_TreasureProps/Textures/T_039_Pot_Lid_RN.png
  artifactKey: Guid(abc00000000003252999392873040621) Importer(815301076,1909f56bfc062723c751e8b465ee728b)
Start importing Assets/Models & Prefabs/Models/Downloaded_Assets/Korea_TreasureProps/Textures/T_039_Pot_Lid_RN.png using Guid(abc00000000003252999392873040621) Importer(815301076,1909f56bfc062723c751e8b465ee728b) (PreviewImporter) -> (artifact id: 'd44ff61c5fadd2e1c419593418194072') in 0.0203944 seconds
Internal: There are remaining Allocations on the JobTempAlloc. This is a leak, and will impact performance
To Debug, run app with -diag-job-temp-memory-leak-validation cmd line argument. This will output the callstacks of the leaked allocations.
Number of updated asset objects reloaded before import = 0Number of asset objects unloaded after import = 2

========================================================================
Received Import Request.
  Time since last request: 0.004409 seconds.
  path: Assets/Models & Prefabs/Prefabs/sign.prefab
  artifactKey: Guid(450fa3f67d8d3164987ee2ac241e135e) Importer(815301076,1909f56bfc062723c751e8b465ee728b)
Start importing Assets/Models & Prefabs/Prefabs/sign.prefab using Guid(450fa3f67d8d3164987ee2ac241e135e) Importer(815301076,1909f56bfc062723c751e8b465ee728b) (PreviewImporter) -> (artifact id: '278f88d46ca9b0f09e388771745a2dff') in 0.0239151 seconds
Internal: There are remaining Allocations on the JobTempAlloc. This is a leak, and will impact performance
To Debug, run app with -diag-job-temp-memory-leak-validation cmd line argument. This will output the callstacks of the leaked allocations.
Number of updated asset objects reloaded before import = 0Number of asset objects unloaded after import = 57

========================================================================
Received Import Request.
  Time since last request: 0.004351 seconds.
  path: Assets/Models & Prefabs/Models/Downloaded_Assets/ithappy/Animals_FREE/Animations/Other_Animations/Horse_001_eat.anim
  artifactKey: Guid(c75b7fa93e45ac0458f0dc318078cd77) Importer(815301076,1909f56bfc062723c751e8b465ee728b)
Start importing Assets/Models & Prefabs/Models/Downloaded_Assets/ithappy/Animals_FREE/Animations/Other_Animations/Horse_001_eat.anim using Guid(c75b7fa93e45ac0458f0dc318078cd77) Importer(815301076,1909f56bfc062723c751e8b465ee728b) (PreviewImporter) -> (artifact id: 'be77f89be26f1344f54a3ba2bb5a4db4') in 0.0042227 seconds
Internal: There are remaining Allocations on the JobTempAlloc. This is a leak, and will impact performance
To Debug, run app with -diag-job-temp-memory-leak-validation cmd line argument. This will output the callstacks of the leaked allocations.
Number of updated asset objects reloaded before import = 0Number of asset objects unloaded after import = 1

========================================================================
Received Import Request.
  Time since last request: 0.004673 seconds.
  path: Assets/Models & Prefabs/Models/Downloaded_Assets/DungeonModularPack/Meshes/Torch_A.fbx
  artifactKey: Guid(bcc66fb6042b14d46bc9d27fa37aae9b) Importer(815301076,1909f56bfc062723c751e8b465ee728b)
Start importing Assets/Models & Prefabs/Models/Downloaded_Assets/DungeonModularPack/Meshes/Torch_A.fbx using Guid(bcc66fb6042b14d46bc9d27fa37aae9b) Importer(815301076,1909f56bfc062723c751e8b465ee728b) (PreviewImporter) -> (artifact id: '2f5350532d327c002a56776234537489') in 0.0283746 seconds
Internal: There are remaining Allocations on the JobTempAlloc. This is a leak, and will impact performance
To Debug, run app with -diag-job-temp-memory-leak-validation cmd line argument. This will output the callstacks of the leaked allocations.
Number of updated asset objects reloaded before import = 0Number of asset objects unloaded after import = 7

========================================================================
Received Import Request.
  Time since last request: 0.004296 seconds.
  path: Assets/Models & Prefabs/Models/Downloaded_Assets/Korea_TreasureProps/Prefabs/Sets/SM_069_Incense_BurnerSet.prefab
  artifactKey: Guid(7bba53377dbebdb4c8bd299a65401867) Importer(815301076,1909f56bfc062723c751e8b465ee728b)
Start importing Assets/Models & Prefabs/Models/Downloaded_Assets/Korea_TreasureProps/Prefabs/Sets/SM_069_Incense_BurnerSet.prefab using Guid(7bba53377dbebdb4c8bd299a65401867) Importer(815301076,1909f56bfc062723c751e8b465ee728b) (PreviewImporter) -> (artifact id: 'a58540e03b0e4424097d04b470aa9aac') in 0.0027054 seconds
Internal: There are remaining Allocations on the JobTempAlloc. This is a leak, and will impact performance
To Debug, run app with -diag-job-temp-memory-leak-validation cmd line argument. This will output the callstacks of the leaked allocations.
Number of updated asset objects reloaded before import = 0Number of asset objects unloaded after import = 8

========================================================================
Received Import Request.
  Time since last request: 0.002535 seconds.
  path: Assets/Animation/Motions
  artifactKey: Guid(a3fd2781b5cb90743b1187ef3b7feffe) Importer(815301076,1909f56bfc062723c751e8b465ee728b)
Start importing Assets/Animation/Motions using Guid(a3fd2781b5cb90743b1187ef3b7feffe) Importer(815301076,1909f56bfc062723c751e8b465ee728b) (PreviewImporter) -> (artifact id: '1f5b560e38ea03e3b74d7774c6054618') in 0.0006094 seconds
Internal: There are remaining Allocations on the JobTempAlloc. This is a leak, and will impact performance
To Debug, run app with -diag-job-temp-memory-leak-validation cmd line argument. This will output the callstacks of the leaked allocations.
Number of updated asset objects reloaded before import = 0Number of asset objects unloaded after import = 0

========================================================================
Received Import Request.
  Time since last request: 0.010648 seconds.
  path: Assets/Audio/room ambience.mp3
  artifactKey: Guid(84bdb6c2450039648a8e4a2d9fa27486) Importer(815301076,1909f56bfc062723c751e8b465ee728b)
Start importing Assets/Audio/room ambience.mp3 using Guid(84bdb6c2450039648a8e4a2d9fa27486) Importer(815301076,1909f56bfc062723c751e8b465ee728b) (PreviewImporter) -> (artifact id: '18598c321f5d66cc7fdc727b2382ec31') in 0.0150031 seconds
Internal: There are remaining Allocations on the JobTempAlloc. This is a leak, and will impact performance
To Debug, run app with -diag-job-temp-memory-leak-validation cmd line argument. This will output the callstacks of the leaked allocations.
Number of updated asset objects reloaded before import = 0Number of asset objects unloaded after import = 2

========================================================================
Received Import Request.
  Time since last request: 0.025394 seconds.
  path: Assets/Materials and Textures/Downloaded/YughuesFreeGroundMaterials/Textures/T_YFGM_Grass05_s.tga
  artifactKey: Guid(81c423889c41ff44992f9ddf90b3aceb) Importer(815301076,1909f56bfc062723c751e8b465ee728b)
Start importing Assets/Materials and Textures/Downloaded/YughuesFreeGroundMaterials/Textures/T_YFGM_Grass05_s.tga using Guid(81c423889c41ff44992f9ddf90b3aceb) Importer(815301076,1909f56bfc062723c751e8b465ee728b) (PreviewImporter) -> (artifact id: '4fd3d3eb372ed0d186c31c86130d281b') in 0.0174873 seconds
Internal: There are remaining Allocations on the JobTempAlloc. This is a leak, and will impact performance
To Debug, run app with -diag-job-temp-memory-leak-validation cmd line argument. This will output the callstacks of the leaked allocations.
Number of updated asset objects reloaded before import = 0Number of asset objects unloaded after import = 2

========================================================================
Received Import Request.
  Time since last request: 0.017465 seconds.
  path: Assets/Materials and Textures/Downloaded/YughuesFreeGroundMaterials/Textures/T_YFGM_GrassLeafs01_d.tga
  artifactKey: Guid(38df840e9062f9543907232a2ab8d115) Importer(815301076,1909f56bfc062723c751e8b465ee728b)
Start importing Assets/Materials and Textures/Downloaded/YughuesFreeGroundMaterials/Textures/T_YFGM_GrassLeafs01_d.tga using Guid(38df840e9062f9543907232a2ab8d115) Importer(815301076,1909f56bfc062723c751e8b465ee728b) (PreviewImporter) -> (artifact id: '5a8be5ae44340e5cf9eee4fdfc9e4874') in 0.0165521 seconds
Internal: There are remaining Allocations on the JobTempAlloc. This is a leak, and will impact performance
To Debug, run app with -diag-job-temp-memory-leak-validation cmd line argument. This will output the callstacks of the leaked allocations.
Number of updated asset objects reloaded before import = 0Number of asset objects unloaded after import = 2

========================================================================
Received Import Request.
  Time since last request: 0.004181 seconds.
  path: Assets/Models & Prefabs/Models/Downloaded_Assets/Korea_TreasureProps/Prefabs/Sets/SM_065_BowlSet.prefab
  artifactKey: Guid(7db024166310b6d44b75cc7ecc308d9a) Importer(815301076,1909f56bfc062723c751e8b465ee728b)
Start importing Assets/Models & Prefabs/Models/Downloaded_Assets/Korea_TreasureProps/Prefabs/Sets/SM_065_BowlSet.prefab using Guid(7db024166310b6d44b75cc7ecc308d9a) Importer(815301076,1909f56bfc062723c751e8b465ee728b) (PreviewImporter) -> (artifact id: '5df4f702b355e8457cf9d5dfbc41109d') in 0.0022816 seconds
Internal: There are remaining Allocations on the JobTempAlloc. This is a leak, and will impact performance
To Debug, run app with -diag-job-temp-memory-leak-validation cmd line argument. This will output the callstacks of the leaked allocations.
Number of updated asset objects reloaded before import = 0Number of asset objects unloaded after import = 8

========================================================================
Received Import Request.
  Time since last request: 0.003778 seconds.
  path: Assets/Models & Prefabs/Models/Downloaded_Assets/Awesome_Lamp_Collection/Modells/Materials/Lamp_07.mat
  artifactKey: Guid(726fdd4abf8006f4a8e104531d33d199) Importer(815301076,1909f56bfc062723c751e8b465ee728b)
Start importing Assets/Models & Prefabs/Models/Downloaded_Assets/Awesome_Lamp_Collection/Modells/Materials/Lamp_07.mat using Guid(726fdd4abf8006f4a8e104531d33d199) Importer(815301076,1909f56bfc062723c751e8b465ee728b) (PreviewImporter) -> (artifact id: 'f30b0bad5adbcd886b60f9efa977d2cf') in 0.0077107 seconds
Internal: There are remaining Allocations on the JobTempAlloc. This is a leak, and will impact performance
To Debug, run app with -diag-job-temp-memory-leak-validation cmd line argument. This will output the callstacks of the leaked allocations.
Number of updated asset objects reloaded before import = 0Number of asset objects unloaded after import = 1

========================================================================
Received Import Request.
  Time since last request: 0.008183 seconds.
  path: Assets/Models & Prefabs/Models/Downloaded_Assets/Awesome_Lamp_Collection/Materials/Lamp_20
  artifactKey: Guid(69d7954efdb2a37439a87227d4c2da64) Importer(815301076,1909f56bfc062723c751e8b465ee728b)
Start importing Assets/Models & Prefabs/Models/Downloaded_Assets/Awesome_Lamp_Collection/Materials/Lamp_20 using Guid(69d7954efdb2a37439a87227d4c2da64) Importer(815301076,1909f56bfc062723c751e8b465ee728b) (PreviewImporter) -> (artifact id: '05302489f26453248b47ab17d447cc29') in 0.0006843 seconds
Internal: There are remaining Allocations on the JobTempAlloc. This is a leak, and will impact performance
To Debug, run app with -diag-job-temp-memory-leak-validation cmd line argument. This will output the callstacks of the leaked allocations.
Number of updated asset objects reloaded before import = 0Number of asset objects unloaded after import = 0

========================================================================
Received Import Request.
  Time since last request: 0.020175 seconds.
  path: Assets/Models & Prefabs/Walls and Floors/Models/Stone/materials/Door-Stone-Model-02.png
  artifactKey: Guid(adc4b68cc31d85c408cff305b2b6b1cb) Importer(815301076,1909f56bfc062723c751e8b465ee728b)
Start importing Assets/Models & Prefabs/Walls and Floors/Models/Stone/materials/Door-Stone-Model-02.png using Guid(adc4b68cc31d85c408cff305b2b6b1cb) Importer(815301076,1909f56bfc062723c751e8b465ee728b) (PreviewImporter) -> (artifact id: 'ee538a943b9b6cd37fd7c5394b176aa5') in 0.0239598 seconds
Internal: There are remaining Allocations on the JobTempAlloc. This is a leak, and will impact performance
To Debug, run app with -diag-job-temp-memory-leak-validation cmd line argument. This will output the callstacks of the leaked allocations.
Number of updated asset objects reloaded before import = 0Number of asset objects unloaded after import = 2

========================================================================
Received Import Request.
  Time since last request: 0.004521 seconds.
  path: Assets/Models & Prefabs/Models/Downloaded_Assets/Floreswa/Materials/Dark Brown.mat
  artifactKey: Guid(58ca5c15d788e6e46830f6284058b39b) Importer(815301076,1909f56bfc062723c751e8b465ee728b)
Start importing Assets/Models & Prefabs/Models/Downloaded_Assets/Floreswa/Materials/Dark Brown.mat using Guid(58ca5c15d788e6e46830f6284058b39b) Importer(815301076,1909f56bfc062723c751e8b465ee728b) (PreviewImporter) -> (artifact id: '525894cdb1ca530bba08a03beaf82110') in 0.0069671 seconds
Internal: There are remaining Allocations on the JobTempAlloc. This is a leak, and will impact performance
To Debug, run app with -diag-job-temp-memory-leak-validation cmd line argument. This will output the callstacks of the leaked allocations.
Number of updated asset objects reloaded before import = 0Number of asset objects unloaded after import = 1

========================================================================
Received Import Request.
  Time since last request: 0.011698 seconds.
  path: Assets/Materials and Textures/Downloaded/YughuesFreeGroundMaterials/Textures/T_YFGM_SoilGravel02_s.tga
  artifactKey: Guid(5730cda2497c7b14b8969b4782edcaf2) Importer(815301076,1909f56bfc062723c751e8b465ee728b)
Start importing Assets/Materials and Textures/Downloaded/YughuesFreeGroundMaterials/Textures/T_YFGM_SoilGravel02_s.tga using Guid(5730cda2497c7b14b8969b4782edcaf2) Importer(815301076,1909f56bfc062723c751e8b465ee728b) (PreviewImporter) -> (artifact id: '04d646a2287afd5936c842a909749849') in 0.0190319 seconds
Internal: There are remaining Allocations on the JobTempAlloc. This is a leak, and will impact performance
To Debug, run app with -diag-job-temp-memory-leak-validation cmd line argument. This will output the callstacks of the leaked allocations.
Number of updated asset objects reloaded before import = 0Number of asset objects unloaded after import = 2

========================================================================
Received Import Request.
  Time since last request: 0.015418 seconds.
  path: Assets/Materials and Textures/Downloaded/YughuesFreeGroundMaterials/Preview/Sc_Preview/LightingData.asset
  artifactKey: Guid(4ed41a33708b5ba4c9ed42e04f572784) Importer(815301076,1909f56bfc062723c751e8b465ee728b)
Start importing Assets/Materials and Textures/Downloaded/YughuesFreeGroundMaterials/Preview/Sc_Preview/LightingData.asset using Guid(4ed41a33708b5ba4c9ed42e04f572784) Importer(815301076,1909f56bfc062723c751e8b465ee728b) (PreviewImporter) -> (artifact id: '5383e5fb649c294eb61227c9fe69fb9c') in 0.0054501 seconds
Internal: There are remaining Allocations on the JobTempAlloc. This is a leak, and will impact performance
To Debug, run app with -diag-job-temp-memory-leak-validation cmd line argument. This will output the callstacks of the leaked allocations.
Number of updated asset objects reloaded before import = 0Number of asset objects unloaded after import = 2

========================================================================
Received Import Request.
  Time since last request: 0.011274 seconds.
  path: Assets/Models & Prefabs/Models/Downloaded_Assets/Greek Statue/Materials/GreekStatue_LOD1_Normal.png
  artifactKey: Guid(cb048c2a7a326a0469f0306393b22578) Importer(815301076,1909f56bfc062723c751e8b465ee728b)
Start importing Assets/Models & Prefabs/Models/Downloaded_Assets/Greek Statue/Materials/GreekStatue_LOD1_Normal.png using Guid(cb048c2a7a326a0469f0306393b22578) Importer(815301076,1909f56bfc062723c751e8b465ee728b) (PreviewImporter) -> (artifact id: '796eb9ae14e0551c108de649d7e2b904') in 0.0213282 seconds
Internal: There are remaining Allocations on the JobTempAlloc. This is a leak, and will impact performance
To Debug, run app with -diag-job-temp-memory-leak-validation cmd line argument. This will output the callstacks of the leaked allocations.
Number of updated asset objects reloaded before import = 0Number of asset objects unloaded after import = 2

========================================================================
Received Import Request.
  Time since last request: 0.004307 seconds.
  path: Assets/Models & Prefabs/Models/Downloaded_Assets/Floreswa/Materials/Blue.mat
  artifactKey: Guid(f5ce6eeb91b76804ca120a9a65e5261f) Importer(815301076,1909f56bfc062723c751e8b465ee728b)
Start importing Assets/Models & Prefabs/Models/Downloaded_Assets/Floreswa/Materials/Blue.mat using Guid(f5ce6eeb91b76804ca120a9a65e5261f) Importer(815301076,1909f56bfc062723c751e8b465ee728b) (PreviewImporter) -> (artifact id: 'dbbc21979d7d5edfad40259fc738813e') in 0.0073155 seconds
Internal: There are remaining Allocations on the JobTempAlloc. This is a leak, and will impact performance
To Debug, run app with -diag-job-temp-memory-leak-validation cmd line argument. This will output the callstacks of the leaked allocations.
Number of updated asset objects reloaded before import = 0Number of asset objects unloaded after import = 1

========================================================================
Received Import Request.
  Time since last request: 0.020058 seconds.
  path: Assets/Materials and Textures/Downloaded/YughuesFreeGroundMaterials/Textures/T_YFGM_Dry01_d.tga
  artifactKey: Guid(b47645ec735cee74b8dc287ec132889b) Importer(815301076,1909f56bfc062723c751e8b465ee728b)
Start importing Assets/Materials and Textures/Downloaded/YughuesFreeGroundMaterials/Textures/T_YFGM_Dry01_d.tga using Guid(b47645ec735cee74b8dc287ec132889b) Importer(815301076,1909f56bfc062723c751e8b465ee728b) (PreviewImporter) -> (artifact id: '4c7960c76e3f8bd8265850fd481e9840') in 0.0171988 seconds
Internal: There are remaining Allocations on the JobTempAlloc. This is a leak, and will impact performance
To Debug, run app with -diag-job-temp-memory-leak-validation cmd line argument. This will output the callstacks of the leaked allocations.
Number of updated asset objects reloaded before import = 0Number of asset objects unloaded after import = 2

========================================================================
Received Import Request.
  Time since last request: 0.011888 seconds.
  path: Assets/Models & Prefabs/Models/Downloaded_Assets/ithappy/Animals_FREE/Meshes/Penguin_4.controller
  artifactKey: Guid(7279fd1bf3315e84a9ed58524eccb978) Importer(815301076,1909f56bfc062723c751e8b465ee728b)
Start importing Assets/Models & Prefabs/Models/Downloaded_Assets/ithappy/Animals_FREE/Meshes/Penguin_4.controller using Guid(7279fd1bf3315e84a9ed58524eccb978) Importer(815301076,1909f56bfc062723c751e8b465ee728b) (PreviewImporter) -> (artifact id: '2dda0b370870f9fa142cb03d0675df3d') in 0.0028121 seconds
Internal: There are remaining Allocations on the JobTempAlloc. This is a leak, and will impact performance
To Debug, run app with -diag-job-temp-memory-leak-validation cmd line argument. This will output the callstacks of the leaked allocations.
Number of updated asset objects reloaded before import = 0Number of asset objects unloaded after import = 4

========================================================================
Received Import Request.
  Time since last request: 0.003578 seconds.
  path: Assets/Models & Prefabs/Models/Downloaded_Assets/Awesome_Lamp_Collection/Modells/Materials/Lamp_13.mat
  artifactKey: Guid(113c8054c1f854146ac92f8ce340ae55) Importer(815301076,1909f56bfc062723c751e8b465ee728b)
Start importing Assets/Models & Prefabs/Models/Downloaded_Assets/Awesome_Lamp_Collection/Modells/Materials/Lamp_13.mat using Guid(113c8054c1f854146ac92f8ce340ae55) Importer(815301076,1909f56bfc062723c751e8b465ee728b) (PreviewImporter) -> (artifact id: 'f7d95ea2c3ded779939e4ff938abd5e2') in 0.0075829 seconds
Internal: There are remaining Allocations on the JobTempAlloc. This is a leak, and will impact performance
To Debug, run app with -diag-job-temp-memory-leak-validation cmd line argument. This will output the callstacks of the leaked allocations.
Number of updated asset objects reloaded before import = 0Number of asset objects unloaded after import = 1

========================================================================
Received Import Request.
  Time since last request: 0.003650 seconds.
  path: Assets/Models & Prefabs/Models/Downloaded_Assets/DungeonModularPack
  artifactKey: Guid(718a8094bcade434c84275b2496f5161) Importer(815301076,1909f56bfc062723c751e8b465ee728b)
Start importing Assets/Models & Prefabs/Models/Downloaded_Assets/DungeonModularPack using Guid(718a8094bcade434c84275b2496f5161) Importer(815301076,1909f56bfc062723c751e8b465ee728b) (PreviewImporter) -> (artifact id: 'b6730c8a7630ae108f3084cc79430b0f') in 0.0005753 seconds
Internal: There are remaining Allocations on the JobTempAlloc. This is a leak, and will impact performance
To Debug, run app with -diag-job-temp-memory-leak-validation cmd line argument. This will output the callstacks of the leaked allocations.
Number of updated asset objects reloaded before import = 0Number of asset objects unloaded after import = 0

========================================================================
Received Import Request.
  Time since last request: 0.004283 seconds.
  path: Assets/Models & Prefabs/Walls and Floors/Prefabs/Stone/Walls/Wall-Stone (12).prefab
  artifactKey: Guid(a32c0d64e9a7a3844b9595b73654df6d) Importer(815301076,1909f56bfc062723c751e8b465ee728b)
Start importing Assets/Models & Prefabs/Walls and Floors/Prefabs/Stone/Walls/Wall-Stone (12).prefab using Guid(a32c0d64e9a7a3844b9595b73654df6d) Importer(815301076,1909f56bfc062723c751e8b465ee728b) (PreviewImporter) -> (artifact id: 'bb58e83ec75ce31671fb8a9987406860') in 0.0163266 seconds
Internal: There are remaining Allocations on the JobTempAlloc. This is a leak, and will impact performance
To Debug, run app with -diag-job-temp-memory-leak-validation cmd line argument. This will output the callstacks of the leaked allocations.
Number of updated asset objects reloaded before import = 0Number of asset objects unloaded after import = 10

========================================================================
Received Import Request.
  Time since last request: 0.029630 seconds.
  path: Assets/Models & Prefabs/Models/Downloaded_Assets/ithappy/Animals_FREE/Meshes/Penguin.controller
  artifactKey: Guid(dac6ff3fecc9eaf4098352abd4168f12) Importer(815301076,1909f56bfc062723c751e8b465ee728b)
Start importing Assets/Models & Prefabs/Models/Downloaded_Assets/ithappy/Animals_FREE/Meshes/Penguin.controller using Guid(dac6ff3fecc9eaf4098352abd4168f12) Importer(815301076,1909f56bfc062723c751e8b465ee728b) (PreviewImporter) -> (artifact id: 'cae77796e2b1f05235847f2a678d3482') in 0.0020459 seconds
Internal: There are remaining Allocations on the JobTempAlloc. This is a leak, and will impact performance
To Debug, run app with -diag-job-temp-memory-leak-validation cmd line argument. This will output the callstacks of the leaked allocations.
Number of updated asset objects reloaded before import = 0Number of asset objects unloaded after import = 4

========================================================================
Received Import Request.
  Time since last request: 0.003171 seconds.
  path: Assets/Models & Prefabs/Models/Downloaded_Assets/OlegWER/SkeletonsFreeSet
  artifactKey: Guid(41b3d8aa22705a54b950a0c4c3e36a65) Importer(815301076,1909f56bfc062723c751e8b465ee728b)
Start importing Assets/Models & Prefabs/Models/Downloaded_Assets/OlegWER/SkeletonsFreeSet using Guid(41b3d8aa22705a54b950a0c4c3e36a65) Importer(815301076,1909f56bfc062723c751e8b465ee728b) (PreviewImporter) -> (artifact id: '53eaa1826a258b0ec705b1987d8c9841') in 0.0006744 seconds
Internal: There are remaining Allocations on the JobTempAlloc. This is a leak, and will impact performance
To Debug, run app with -diag-job-temp-memory-leak-validation cmd line argument. This will output the callstacks of the leaked allocations.
Number of updated asset objects reloaded before import = 0Number of asset objects unloaded after import = 0

========================================================================
Received Import Request.
  Time since last request: 0.008088 seconds.
  path: Assets/Models & Prefabs/Models/Downloaded_Assets/Korea_TreasureProps/Textures/T_057_Brick_RN.png
  artifactKey: Guid(abc00000000003009961031518483045) Importer(815301076,1909f56bfc062723c751e8b465ee728b)
Start importing Assets/Models & Prefabs/Models/Downloaded_Assets/Korea_TreasureProps/Textures/T_057_Brick_RN.png using Guid(abc00000000003009961031518483045) Importer(815301076,1909f56bfc062723c751e8b465ee728b) (PreviewImporter) -> (artifact id: 'ffb57006600a0fe7ee51d4adc27d80b4') in 0.0211953 seconds
Internal: There are remaining Allocations on the JobTempAlloc. This is a leak, and will impact performance
To Debug, run app with -diag-job-temp-memory-leak-validation cmd line argument. This will output the callstacks of the leaked allocations.
Number of updated asset objects reloaded before import = 0Number of asset objects unloaded after import = 2

========================================================================
Received Import Request.
  Time since last request: 0.014369 seconds.
  path: Assets/Models & Prefabs/Walls and Floors/Prefabs/Stone/Walls/Wall-Stone (9).prefab
  artifactKey: Guid(ab81f7053ec51854a82c0f1f16fd6847) Importer(815301076,1909f56bfc062723c751e8b465ee728b)
Start importing Assets/Models & Prefabs/Walls and Floors/Prefabs/Stone/Walls/Wall-Stone (9).prefab using Guid(ab81f7053ec51854a82c0f1f16fd6847) Importer(815301076,1909f56bfc062723c751e8b465ee728b) (PreviewImporter) -> (artifact id: '2065bcb47035ed924955ff829018957a') in 0.0164238 seconds
Internal: There are remaining Allocations on the JobTempAlloc. This is a leak, and will impact performance
To Debug, run app with -diag-job-temp-memory-leak-validation cmd line argument. This will output the callstacks of the leaked allocations.
Number of updated asset objects reloaded before import = 0Number of asset objects unloaded after import = 10

========================================================================
Received Import Request.
  Time since last request: 0.003290 seconds.
  path: Assets/Skybox
  artifactKey: Guid(ef053b75038642d4086f9695a06fa56f) Importer(815301076,1909f56bfc062723c751e8b465ee728b)
Start importing Assets/Skybox using Guid(ef053b75038642d4086f9695a06fa56f) Importer(815301076,1909f56bfc062723c751e8b465ee728b) (PreviewImporter) -> (artifact id: 'b943e9a15d32c9c3be746a81e098cf7e') in 0.0006844 seconds
Internal: There are remaining Allocations on the JobTempAlloc. This is a leak, and will impact performance
To Debug, run app with -diag-job-temp-memory-leak-validation cmd line argument. This will output the callstacks of the leaked allocations.
Number of updated asset objects reloaded before import = 0Number of asset objects unloaded after import = 0

========================================================================
Received Import Request.
  Time since last request: 0.026228 seconds.
  path: Assets/Animation/Motions/male03_3.controller
  artifactKey: Guid(7a54cb868ce686349a237112703c9154) Importer(815301076,1909f56bfc062723c751e8b465ee728b)
Start importing Assets/Animation/Motions/male03_3.controller using Guid(7a54cb868ce686349a237112703c9154) Importer(815301076,1909f56bfc062723c751e8b465ee728b) (PreviewImporter) -> (artifact id: 'bea1a300a9f6adf4173bad9d3113aed9') in 0.0407392 seconds
Internal: There are remaining Allocations on the JobTempAlloc. This is a leak, and will impact performance
To Debug, run app with -diag-job-temp-memory-leak-validation cmd line argument. This will output the callstacks of the leaked allocations.
Number of updated asset objects reloaded before import = 0Number of asset objects unloaded after import = 4

========================================================================
Received Import Request.
  Time since last request: 0.014155 seconds.
  path: Assets/Materials and Textures/Downloaded/YughuesFreeGroundMaterials/Textures/T_YFGM_Clay_n.tga
  artifactKey: Guid(7aec7e3fe59cf0042901754e2d29dba8) Importer(815301076,1909f56bfc062723c751e8b465ee728b)
Start importing Assets/Materials and Textures/Downloaded/YughuesFreeGroundMaterials/Textures/T_YFGM_Clay_n.tga using Guid(7aec7e3fe59cf0042901754e2d29dba8) Importer(815301076,1909f56bfc062723c751e8b465ee728b) (PreviewImporter) -> (artifact id: '27d9225d26fc73f1e1f979babca23b32') in 0.0158318 seconds
Internal: There are remaining Allocations on the JobTempAlloc. This is a leak, and will impact performance
To Debug, run app with -diag-job-temp-memory-leak-validation cmd line argument. This will output the callstacks of the leaked allocations.
Number of updated asset objects reloaded before import = 0Number of asset objects unloaded after import = 2

========================================================================
Received Import Request.
  Time since last request: 0.005619 seconds.
  path: Assets/Models & Prefabs/Walls and Floors/Models/Wood/materials/Wall-Wood-Model-05.mat
  artifactKey: Guid(8325361387834014a9ef33531464743c) Importer(815301076,1909f56bfc062723c751e8b465ee728b)
Start importing Assets/Models & Prefabs/Walls and Floors/Models/Wood/materials/Wall-Wood-Model-05.mat using Guid(8325361387834014a9ef33531464743c) Importer(815301076,1909f56bfc062723c751e8b465ee728b) (PreviewImporter) -> (artifact id: '6c484a13796240bd6c013fb3ee8ed5b8') in 0.0152262 seconds
Internal: There are remaining Allocations on the JobTempAlloc. This is a leak, and will impact performance
To Debug, run app with -diag-job-temp-memory-leak-validation cmd line argument. This will output the callstacks of the leaked allocations.
Number of updated asset objects reloaded before import = 0Number of asset objects unloaded after import = 2

========================================================================
Received Import Request.
  Time since last request: 0.013088 seconds.
  path: Assets/Models & Prefabs/Models/Downloaded_Assets/Korea_TreasureProps/Textures/T_057_Brick_NM.png
  artifactKey: Guid(abc00000000012642251105580367272) Importer(815301076,1909f56bfc062723c751e8b465ee728b)
Start importing Assets/Models & Prefabs/Models/Downloaded_Assets/Korea_TreasureProps/Textures/T_057_Brick_NM.png using Guid(abc00000000012642251105580367272) Importer(815301076,1909f56bfc062723c751e8b465ee728b) (PreviewImporter) -> (artifact id: '6ac558ca45d7392247ab984ada95bcc8') in 0.0201934 seconds
Internal: There are remaining Allocations on the JobTempAlloc. This is a leak, and will impact performance
To Debug, run app with -diag-job-temp-memory-leak-validation cmd line argument. This will output the callstacks of the leaked allocations.
Number of updated asset objects reloaded before import = 0Number of asset objects unloaded after import = 2

========================================================================
Received Import Request.
  Time since last request: 0.003772 seconds.
  path: Assets/Models & Prefabs/Walls and Floors/Prefabs/Stone/Floors
  artifactKey: Guid(ed59fc8a832832c4eadfcfda09219fe7) Importer(815301076,1909f56bfc062723c751e8b465ee728b)
Start importing Assets/Models & Prefabs/Walls and Floors/Prefabs/Stone/Floors using Guid(ed59fc8a832832c4eadfcfda09219fe7) Importer(815301076,1909f56bfc062723c751e8b465ee728b) (PreviewImporter) -> (artifact id: '65f43a713ab1e699cc2ba623cf3f6f6f') in 0.0006538 seconds
Internal: There are remaining Allocations on the JobTempAlloc. This is a leak, and will impact performance
To Debug, run app with -diag-job-temp-memory-leak-validation cmd line argument. This will output the callstacks of the leaked allocations.
Number of updated asset objects reloaded before import = 0Number of asset objects unloaded after import = 0

========================================================================
Received Import Request.
  Time since last request: 0.004045 seconds.
  path: Assets/TextMesh Pro/Shaders/TMP_SDF-Mobile Overlay.shader
  artifactKey: Guid(a02a7d8c237544f1962732b55a9aebf1) Importer(815301076,1909f56bfc062723c751e8b465ee728b)
Start importing Assets/TextMesh Pro/Shaders/TMP_SDF-Mobile Overlay.shader using Guid(a02a7d8c237544f1962732b55a9aebf1) Importer(815301076,1909f56bfc062723c751e8b465ee728b) (PreviewImporter) -> (artifact id: '284e60c923ae2d2b710d43343fe2963c') in 0.0008597 seconds
Internal: There are remaining Allocations on the JobTempAlloc. This is a leak, and will impact performance
To Debug, run app with -diag-job-temp-memory-leak-validation cmd line argument. This will output the callstacks of the leaked allocations.
Number of updated asset objects reloaded before import = 0Number of asset objects unloaded after import = 0

========================================================================
Received Import Request.
  Time since last request: 0.012102 seconds.
  path: Assets/Materials and Textures/Downloaded/YughuesFreeGroundMaterials/Textures/T_YFGM_SandySoil_s.tga
  artifactKey: Guid(06559c58ad01ae540b9b525b532a025d) Importer(815301076,1909f56bfc062723c751e8b465ee728b)
Start importing Assets/Materials and Textures/Downloaded/YughuesFreeGroundMaterials/Textures/T_YFGM_SandySoil_s.tga using Guid(06559c58ad01ae540b9b525b532a025d) Importer(815301076,1909f56bfc062723c751e8b465ee728b) (PreviewImporter) -> (artifact id: 'a4a158834a543ac16c6ad8e70bcd8f33') in 0.0167895 seconds
Internal: There are remaining Allocations on the JobTempAlloc. This is a leak, and will impact performance
To Debug, run app with -diag-job-temp-memory-leak-validation cmd line argument. This will output the callstacks of the leaked allocations.
Number of updated asset objects reloaded before import = 0Number of asset objects unloaded after import = 2

========================================================================
Received Import Request.
  Time since last request: 0.004245 seconds.
  path: Assets/Models & Prefabs/Walls and Floors/Prefabs/Stone/Walls/Wall-Stone (11).prefab
  artifactKey: Guid(307cc9eec417ffe429036fda0dfd8b0e) Importer(815301076,1909f56bfc062723c751e8b465ee728b)
Start importing Assets/Models & Prefabs/Walls and Floors/Prefabs/Stone/Walls/Wall-Stone (11).prefab using Guid(307cc9eec417ffe429036fda0dfd8b0e) Importer(815301076,1909f56bfc062723c751e8b465ee728b) (PreviewImporter) -> (artifact id: 'aef076bbb7bf9c322c37c665ecd467d6') in 0.0160509 seconds
Internal: There are remaining Allocations on the JobTempAlloc. This is a leak, and will impact performance
To Debug, run app with -diag-job-temp-memory-leak-validation cmd line argument. This will output the callstacks of the leaked allocations.
Number of updated asset objects reloaded before import = 0Number of asset objects unloaded after import = 10

========================================================================
Received Import Request.
  Time since last request: 0.004481 seconds.
  path: Assets/Models & Prefabs/Walls and Floors/Models/Stone/materials/Wall-Stone-Model-07.png
  artifactKey: Guid(95c07c7da75cacd48ad197c7a0ca4779) Importer(815301076,1909f56bfc062723c751e8b465ee728b)
Start importing Assets/Models & Prefabs/Walls and Floors/Models/Stone/materials/Wall-Stone-Model-07.png using Guid(95c07c7da75cacd48ad197c7a0ca4779) Importer(815301076,1909f56bfc062723c751e8b465ee728b) (PreviewImporter) -> (artifact id: '1906de7b5a2455a73f6d19b63789f1cf') in 0.0172798 seconds
Internal: There are remaining Allocations on the JobTempAlloc. This is a leak, and will impact performance
To Debug, run app with -diag-job-temp-memory-leak-validation cmd line argument. This will output the callstacks of the leaked allocations.
Number of updated asset objects reloaded before import = 0Number of asset objects unloaded after import = 2

========================================================================
Received Import Request.
  Time since last request: 0.003352 seconds.
  path: Assets/Models & Prefabs/Models/Downloaded_Assets/Korea_TreasureProps
  artifactKey: Guid(4a45b0d3a7acc72409afd9b5fefa89b9) Importer(815301076,1909f56bfc062723c751e8b465ee728b)
Start importing Assets/Models & Prefabs/Models/Downloaded_Assets/Korea_TreasureProps using Guid(4a45b0d3a7acc72409afd9b5fefa89b9) Importer(815301076,1909f56bfc062723c751e8b465ee728b) (PreviewImporter) -> (artifact id: 'dd3b428d412bc76d2aa9e304d18cdeaa') in 0.0006184 seconds
Internal: There are remaining Allocations on the JobTempAlloc. This is a leak, and will impact performance
To Debug, run app with -diag-job-temp-memory-leak-validation cmd line argument. This will output the callstacks of the leaked allocations.
Number of updated asset objects reloaded before import = 0Number of asset objects unloaded after import = 0

========================================================================
Received Import Request.
  Time since last request: 0.004489 seconds.
  path: Assets/TextMesh Pro/Resources/LineBreaking Leading Characters.txt
  artifactKey: Guid(d82c1b31c7e74239bff1220585707d2b) Importer(815301076,1909f56bfc062723c751e8b465ee728b)
Start importing Assets/TextMesh Pro/Resources/LineBreaking Leading Characters.txt using Guid(d82c1b31c7e74239bff1220585707d2b) Importer(815301076,1909f56bfc062723c751e8b465ee728b) (PreviewImporter) -> (artifact id: '4311722f4226fc409773ff869643dd11') in 0.0011584 seconds
Internal: There are remaining Allocations on the JobTempAlloc. This is a leak, and will impact performance
To Debug, run app with -diag-job-temp-memory-leak-validation cmd line argument. This will output the callstacks of the leaked allocations.
Number of updated asset objects reloaded before import = 0Number of asset objects unloaded after import = 1

========================================================================
Received Import Request.
  Time since last request: 0.015858 seconds.
  path: Assets/Materials and Textures/Downloaded/YughuesFreeGroundMaterials/Textures/T_YFGM_Grass02_s.tga
  artifactKey: Guid(587ad15435001e04586f28ce1629e559) Importer(815301076,1909f56bfc062723c751e8b465ee728b)
Start importing Assets/Materials and Textures/Downloaded/YughuesFreeGroundMaterials/Textures/T_YFGM_Grass02_s.tga using Guid(587ad15435001e04586f28ce1629e559) Importer(815301076,1909f56bfc062723c751e8b465ee728b) (PreviewImporter) -> (artifact id: 'd62f73da0d72c5aa22f190c27386d735') in 0.0176934 seconds
Internal: There are remaining Allocations on the JobTempAlloc. This is a leak, and will impact performance
To Debug, run app with -diag-job-temp-memory-leak-validation cmd line argument. This will output the callstacks of the leaked allocations.
Number of updated asset objects reloaded before import = 0Number of asset objects unloaded after import = 2

========================================================================
Received Import Request.
  Time since last request: 0.009473 seconds.
  path: Assets/TextMesh Pro/Shaders/TMP_SDF.shader
  artifactKey: Guid(68e6db2ebdc24f95958faec2be5558d6) Importer(815301076,1909f56bfc062723c751e8b465ee728b)
Start importing Assets/TextMesh Pro/Shaders/TMP_SDF.shader using Guid(68e6db2ebdc24f95958faec2be5558d6) Importer(815301076,1909f56bfc062723c751e8b465ee728b) (PreviewImporter) -> (artifact id: '7f9acd9bc0bd4dfd0904d8deb9b59cf4') in 0.0013395 seconds
Internal: There are remaining Allocations on the JobTempAlloc. This is a leak, and will impact performance
To Debug, run app with -diag-job-temp-memory-leak-validation cmd line argument. This will output the callstacks of the leaked allocations.
Number of updated asset objects reloaded before import = 0Number of asset objects unloaded after import = 0

========================================================================
Received Import Request.
  Time since last request: 0.023720 seconds.
  path: Assets/Models & Prefabs/Models/Downloaded_Assets/Awesome_Lamp_Collection/Modells/Materials/Controller.mat
  artifactKey: Guid(5646a01b21f16604d9c72506ee9ec591) Importer(815301076,1909f56bfc062723c751e8b465ee728b)
Start importing Assets/Models & Prefabs/Models/Downloaded_Assets/Awesome_Lamp_Collection/Modells/Materials/Controller.mat using Guid(5646a01b21f16604d9c72506ee9ec591) Importer(815301076,1909f56bfc062723c751e8b465ee728b) (PreviewImporter) -> (artifact id: '64c3234f3eb2fa9023bc3646ab2dc511') in 0.0072251 seconds
Internal: There are remaining Allocations on the JobTempAlloc. This is a leak, and will impact performance
To Debug, run app with -diag-job-temp-memory-leak-validation cmd line argument. This will output the callstacks of the leaked allocations.
Number of updated asset objects reloaded before import = 0Number of asset objects unloaded after import = 1

========================================================================
Received Import Request.
  Time since last request: 0.004779 seconds.
  path: Assets/Models & Prefabs/Models/Downloaded_Assets/ithappy/Animals_FREE/Animations/Other_Animations/Tiger_001_run.anim
  artifactKey: Guid(288cfcdac36cb3c4089b16f1aa758c63) Importer(815301076,1909f56bfc062723c751e8b465ee728b)
Start importing Assets/Models & Prefabs/Models/Downloaded_Assets/ithappy/Animals_FREE/Animations/Other_Animations/Tiger_001_run.anim using Guid(288cfcdac36cb3c4089b16f1aa758c63) Importer(815301076,1909f56bfc062723c751e8b465ee728b) (PreviewImporter) -> (artifact id: '90e94211ae92fda4cdc685860b7e9564') in 0.0072846 seconds
Internal: There are remaining Allocations on the JobTempAlloc. This is a leak, and will impact performance
To Debug, run app with -diag-job-temp-memory-leak-validation cmd line argument. This will output the callstacks of the leaked allocations.
Number of updated asset objects reloaded before import = 0Number of asset objects unloaded after import = 1

========================================================================
Received Import Request.
  Time since last request: 0.003655 seconds.
  path: Assets/Models & Prefabs/Walls and Floors/Models/Stone/materials/Floor-Stone-Model-03.mat
  artifactKey: Guid(907d88b92f7d1bf499be0995fc4c75bc) Importer(815301076,1909f56bfc062723c751e8b465ee728b)
Start importing Assets/Models & Prefabs/Walls and Floors/Models/Stone/materials/Floor-Stone-Model-03.mat using Guid(907d88b92f7d1bf499be0995fc4c75bc) Importer(815301076,1909f56bfc062723c751e8b465ee728b) (PreviewImporter) -> (artifact id: 'a25e87a3db2878eb0bce2094ea15c7ad') in 0.0233067 seconds
Internal: There are remaining Allocations on the JobTempAlloc. This is a leak, and will impact performance
To Debug, run app with -diag-job-temp-memory-leak-validation cmd line argument. This will output the callstacks of the leaked allocations.
Number of updated asset objects reloaded before import = 0Number of asset objects unloaded after import = 2

========================================================================
Received Import Request.
  Time since last request: 0.011949 seconds.
  path: Assets/Materials and Textures/Downloaded/YughuesFreeGroundMaterials/Textures/T_YFGM_SoilGravel04_s.tga
  artifactKey: Guid(4eccf24495c7082478afb10630850f35) Importer(815301076,1909f56bfc062723c751e8b465ee728b)
Start importing Assets/Materials and Textures/Downloaded/YughuesFreeGroundMaterials/Textures/T_YFGM_SoilGravel04_s.tga using Guid(4eccf24495c7082478afb10630850f35) Importer(815301076,1909f56bfc062723c751e8b465ee728b) (PreviewImporter) -> (artifact id: '14e72da428cbe4fd9e4fc6ab544ad60f') in 0.0202022 seconds
Internal: There are remaining Allocations on the JobTempAlloc. This is a leak, and will impact performance
To Debug, run app with -diag-job-temp-memory-leak-validation cmd line argument. This will output the callstacks of the leaked allocations.
Number of updated asset objects reloaded before import = 0Number of asset objects unloaded after import = 2

========================================================================
Received Import Request.
  Time since last request: 0.004518 seconds.
  path: Assets/Models & Prefabs/Walls and Floors/Models/Stone/materials/Door-Stone-Model-03.mat
  artifactKey: Guid(fa7fadc7b74c7b44b80f5b0dea2d59f7) Importer(815301076,1909f56bfc062723c751e8b465ee728b)
Start importing Assets/Models & Prefabs/Walls and Floors/Models/Stone/materials/Door-Stone-Model-03.mat using Guid(fa7fadc7b74c7b44b80f5b0dea2d59f7) Importer(815301076,1909f56bfc062723c751e8b465ee728b) (PreviewImporter) -> (artifact id: '1fbd1afae1546bb22a79f417f6c1e8d3') in 0.0167242 seconds
Internal: There are remaining Allocations on the JobTempAlloc. This is a leak, and will impact performance
To Debug, run app with -diag-job-temp-memory-leak-validation cmd line argument. This will output the callstacks of the leaked allocations.
Number of updated asset objects reloaded before import = 0Number of asset objects unloaded after import = 2

========================================================================
Received Import Request.
  Time since last request: 0.009517 seconds.
  path: Assets/Models & Prefabs/Models/Downloaded_Assets/ithappy/Animals_FREE/Animations/Other_Animations/Pinguin_001_run.anim
  artifactKey: Guid(eab9ea92a275fac479578f524952e570) Importer(815301076,1909f56bfc062723c751e8b465ee728b)
Start importing Assets/Models & Prefabs/Models/Downloaded_Assets/ithappy/Animals_FREE/Animations/Other_Animations/Pinguin_001_run.anim using Guid(eab9ea92a275fac479578f524952e570) Importer(815301076,1909f56bfc062723c751e8b465ee728b) (PreviewImporter) -> (artifact id: '2172a233119fc7d0bd9c0e73ce00cceb') in 0.0034792 seconds
Internal: There are remaining Allocations on the JobTempAlloc. This is a leak, and will impact performance
To Debug, run app with -diag-job-temp-memory-leak-validation cmd line argument. This will output the callstacks of the leaked allocations.
Number of updated asset objects reloaded before import = 0Number of asset objects unloaded after import = 1

========================================================================
Received Import Request.
  Time since last request: 0.008398 seconds.
  path: Assets/Models & Prefabs/Walls and Floors/Prefabs/Wood
  artifactKey: Guid(aed714d17647d9f4993bbdf312cfd07a) Importer(815301076,1909f56bfc062723c751e8b465ee728b)
Start importing Assets/Models & Prefabs/Walls and Floors/Prefabs/Wood using Guid(aed714d17647d9f4993bbdf312cfd07a) Importer(815301076,1909f56bfc062723c751e8b465ee728b) (PreviewImporter) -> (artifact id: '1eeb401ffa1e25d5a0d7d379e7dee4f6') in 0.0007175 seconds
Internal: There are remaining Allocations on the JobTempAlloc. This is a leak, and will impact performance
To Debug, run app with -diag-job-temp-memory-leak-validation cmd line argument. This will output the callstacks of the leaked allocations.
Number of updated asset objects reloaded before import = 0Number of asset objects unloaded after import = 0

========================================================================
Received Import Request.
  Time since last request: 0.004235 seconds.
  path: Assets/Models & Prefabs/Walls and Floors/Models/Wood/materials/Wall-Wood-Model-04.mat
  artifactKey: Guid(566b1898345837d41a837826ac8f61d3) Importer(815301076,1909f56bfc062723c751e8b465ee728b)
Start importing Assets/Models & Prefabs/Walls and Floors/Models/Wood/materials/Wall-Wood-Model-04.mat using Guid(566b1898345837d41a837826ac8f61d3) Importer(815301076,1909f56bfc062723c751e8b465ee728b) (PreviewImporter) -> (artifact id: '027a10cb95eaa8cc9b0d338b930b054d') in 0.0151349 seconds
Internal: There are remaining Allocations on the JobTempAlloc. This is a leak, and will impact performance
To Debug, run app with -diag-job-temp-memory-leak-validation cmd line argument. This will output the callstacks of the leaked allocations.
Number of updated asset objects reloaded before import = 0Number of asset objects unloaded after import = 2

========================================================================
Received Import Request.
  Time since last request: 0.009307 seconds.
  path: Assets/TextMesh Pro/Shaders/TMP_SDF-Mobile SSD.shader
  artifactKey: Guid(c8d12adcee749c344b8117cf7c7eb912) Importer(815301076,1909f56bfc062723c751e8b465ee728b)
Start importing Assets/TextMesh Pro/Shaders/TMP_SDF-Mobile SSD.shader using Guid(c8d12adcee749c344b8117cf7c7eb912) Importer(815301076,1909f56bfc062723c751e8b465ee728b) (PreviewImporter) -> (artifact id: 'cb4fecd376a0306bb2a71d990ef3cc98') in 0.000995 seconds
Internal: There are remaining Allocations on the JobTempAlloc. This is a leak, and will impact performance
To Debug, run app with -diag-job-temp-memory-leak-validation cmd line argument. This will output the callstacks of the leaked allocations.
Number of updated asset objects reloaded before import = 0Number of asset objects unloaded after import = 0

========================================================================
Received Import Request.
  Time since last request: 0.002653 seconds.
  path: Assets/Models & Prefabs/Models/Downloaded_Assets/Korea_TreasureProps/Prefabs/Sets
  artifactKey: Guid(4c4a9323735b7f046aee39fb3bd0de0c) Importer(815301076,1909f56bfc062723c751e8b465ee728b)
Start importing Assets/Models & Prefabs/Models/Downloaded_Assets/Korea_TreasureProps/Prefabs/Sets using Guid(4c4a9323735b7f046aee39fb3bd0de0c) Importer(815301076,1909f56bfc062723c751e8b465ee728b) (PreviewImporter) -> (artifact id: 'cf0752f5324d8d5177e37918f678360c') in 0.0005545 seconds
Internal: There are remaining Allocations on the JobTempAlloc. This is a leak, and will impact performance
To Debug, run app with -diag-job-temp-memory-leak-validation cmd line argument. This will output the callstacks of the leaked allocations.
Number of updated asset objects reloaded before import = 0Number of asset objects unloaded after import = 0

========================================================================
Received Import Request.
  Time since last request: 0.021688 seconds.
  path: Assets/Materials and Textures/Downloaded/YughuesFreeGroundMaterials/Textures/T_YFGM_Grass01_d.tga
  artifactKey: Guid(db168e2aa82b2d74187069d61792e568) Importer(815301076,1909f56bfc062723c751e8b465ee728b)
Start importing Assets/Materials and Textures/Downloaded/YughuesFreeGroundMaterials/Textures/T_YFGM_Grass01_d.tga using Guid(db168e2aa82b2d74187069d61792e568) Importer(815301076,1909f56bfc062723c751e8b465ee728b) (PreviewImporter) -> (artifact id: 'c489c36ef24d54002113cb4711211b8a') in 0.0160414 seconds
Internal: There are remaining Allocations on the JobTempAlloc. This is a leak, and will impact performance
To Debug, run app with -diag-job-temp-memory-leak-validation cmd line argument. This will output the callstacks of the leaked allocations.
Number of updated asset objects reloaded before import = 0Number of asset objects unloaded after import = 2

========================================================================
Received Import Request.
  Time since last request: 0.018413 seconds.
  path: Assets/Models & Prefabs/Walls and Floors/Models/Stone/materials/Floor-Stone-Model-01.mat
  artifactKey: Guid(36ccc1482a1cb234fa00f4bba66dae21) Importer(815301076,1909f56bfc062723c751e8b465ee728b)
Start importing Assets/Models & Prefabs/Walls and Floors/Models/Stone/materials/Floor-Stone-Model-01.mat using Guid(36ccc1482a1cb234fa00f4bba66dae21) Importer(815301076,1909f56bfc062723c751e8b465ee728b) (PreviewImporter) -> (artifact id: '29baf3e8384de0c895f54dad9c137cd9') in 0.0172639 seconds
Internal: There are remaining Allocations on the JobTempAlloc. This is a leak, and will impact performance
To Debug, run app with -diag-job-temp-memory-leak-validation cmd line argument. This will output the callstacks of the leaked allocations.
Number of updated asset objects reloaded before import = 0Number of asset objects unloaded after import = 2

========================================================================
Received Import Request.
  Time since last request: 0.003076 seconds.
  path: Assets/TextMesh Pro/Resources/Fonts & Materials
  artifactKey: Guid(731f1baa9d144a9897cb1d341c2092b8) Importer(815301076,1909f56bfc062723c751e8b465ee728b)
Start importing Assets/TextMesh Pro/Resources/Fonts & Materials using Guid(731f1baa9d144a9897cb1d341c2092b8) Importer(815301076,1909f56bfc062723c751e8b465ee728b) (PreviewImporter) -> (artifact id: '1993e4df04e0e239ef1f72ea941c352d') in 0.0007269 seconds
Internal: There are remaining Allocations on the JobTempAlloc. This is a leak, and will impact performance
To Debug, run app with -diag-job-temp-memory-leak-validation cmd line argument. This will output the callstacks of the leaked allocations.
Number of updated asset objects reloaded before import = 0Number of asset objects unloaded after import = 0

========================================================================
Received Import Request.
  Time since last request: 0.005264 seconds.
  path: Assets/Materials and Textures/Downloaded/YughuesFreeFlooringMaterials/YughuesFreeFlooringMaterials_HDRP.unitypackage
  artifactKey: Guid(153869c2ac42a224db1c959fdd3aff73) Importer(815301076,1909f56bfc062723c751e8b465ee728b)
Start importing Assets/Materials and Textures/Downloaded/YughuesFreeFlooringMaterials/YughuesFreeFlooringMaterials_HDRP.unitypackage using Guid(153869c2ac42a224db1c959fdd3aff73) Importer(815301076,1909f56bfc062723c751e8b465ee728b) (PreviewImporter) -> (artifact id: '33695204e21ff7cccf9b2b31d2a5fa09') in 0.0014357 seconds
Internal: There are remaining Allocations on the JobTempAlloc. This is a leak, and will impact performance
To Debug, run app with -diag-job-temp-memory-leak-validation cmd line argument. This will output the callstacks of the leaked allocations.
Number of updated asset objects reloaded before import = 0Number of asset objects unloaded after import = 1

========================================================================
Received Import Request.
  Time since last request: 0.004641 seconds.
  path: Assets/Models & Prefabs/Walls and Floors/Prefabs/Stone/Walls/Wall-Stone (7).prefab
  artifactKey: Guid(c3e4ce92e820a2341963e7998fdbf651) Importer(815301076,1909f56bfc062723c751e8b465ee728b)
Start importing Assets/Models & Prefabs/Walls and Floors/Prefabs/Stone/Walls/Wall-Stone (7).prefab using Guid(c3e4ce92e820a2341963e7998fdbf651) Importer(815301076,1909f56bfc062723c751e8b465ee728b) (PreviewImporter) -> (artifact id: '3ca274439c59594847f6d409a13c50ab') in 0.017372 seconds
Internal: There are remaining Allocations on the JobTempAlloc. This is a leak, and will impact performance
To Debug, run app with -diag-job-temp-memory-leak-validation cmd line argument. This will output the callstacks of the leaked allocations.
Number of updated asset objects reloaded before import = 0Number of asset objects unloaded after import = 10

========================================================================
Received Import Request.
  Time since last request: 0.003463 seconds.
  path: Assets/Models & Prefabs/Walls and Floors
  artifactKey: Guid(28a7fcdada6b7474cb92a6ab255cf839) Importer(815301076,1909f56bfc062723c751e8b465ee728b)
Start importing Assets/Models & Prefabs/Walls and Floors using Guid(28a7fcdada6b7474cb92a6ab255cf839) Importer(815301076,1909f56bfc062723c751e8b465ee728b) (PreviewImporter) -> (artifact id: '2ad62cf841f826599900cea050614156') in 0.0006345 seconds
Internal: There are remaining Allocations on the JobTempAlloc. This is a leak, and will impact performance
To Debug, run app with -diag-job-temp-memory-leak-validation cmd line argument. This will output the callstacks of the leaked allocations.
Number of updated asset objects reloaded before import = 0Number of asset objects unloaded after import = 0

========================================================================
Received Import Request.
  Time since last request: 0.009039 seconds.
  path: Assets/Materials and Textures/Downloaded/YughuesFreeGroundMaterials/Textures/T_YFGM_SoilGravel02_d.tga
  artifactKey: Guid(0a0f38ada3f3ea049a821baab2758c2f) Importer(815301076,1909f56bfc062723c751e8b465ee728b)
Start importing Assets/Materials and Textures/Downloaded/YughuesFreeGroundMaterials/Textures/T_YFGM_SoilGravel02_d.tga using Guid(0a0f38ada3f3ea049a821baab2758c2f) Importer(815301076,1909f56bfc062723c751e8b465ee728b) (PreviewImporter) -> (artifact id: 'bdc44473eac21e7f632b0c5c98277bd3') in 0.0162363 seconds
Internal: There are remaining Allocations on the JobTempAlloc. This is a leak, and will impact performance
To Debug, run app with -diag-job-temp-memory-leak-validation cmd line argument. This will output the callstacks of the leaked allocations.
Number of updated asset objects reloaded before import = 0Number of asset objects unloaded after import = 2

========================================================================
Received Import Request.
  Time since last request: 0.009628 seconds.
  path: Assets/Models & Prefabs/Walls and Floors/Models/Stone/materials/Wall-Stone-Model-11.png
  artifactKey: Guid(92fdb74de751e4f4a83b8a1d7bfeb29e) Importer(815301076,1909f56bfc062723c751e8b465ee728b)
Start importing Assets/Models & Prefabs/Walls and Floors/Models/Stone/materials/Wall-Stone-Model-11.png using Guid(92fdb74de751e4f4a83b8a1d7bfeb29e) Importer(815301076,1909f56bfc062723c751e8b465ee728b) (PreviewImporter) -> (artifact id: '52fc669add50abe09baec593cb665868') in 0.0147952 seconds
Internal: There are remaining Allocations on the JobTempAlloc. This is a leak, and will impact performance
To Debug, run app with -diag-job-temp-memory-leak-validation cmd line argument. This will output the callstacks of the leaked allocations.
Number of updated asset objects reloaded before import = 0Number of asset objects unloaded after import = 2

========================================================================
Received Import Request.
  Time since last request: 0.003924 seconds.
  path: Assets/Models & Prefabs/Models/Downloaded_Assets/DungeonModularPack/Materials
  artifactKey: Guid(b52bb15819455a4479e8cf6a136b83d6) Importer(815301076,1909f56bfc062723c751e8b465ee728b)
Start importing Assets/Models & Prefabs/Models/Downloaded_Assets/DungeonModularPack/Materials using Guid(b52bb15819455a4479e8cf6a136b83d6) Importer(815301076,1909f56bfc062723c751e8b465ee728b) (PreviewImporter) -> (artifact id: 'a54499ae2729a279d576295437760163') in 0.0007442 seconds
Internal: There are remaining Allocations on the JobTempAlloc. This is a leak, and will impact performance
To Debug, run app with -diag-job-temp-memory-leak-validation cmd line argument. This will output the callstacks of the leaked allocations.
Number of updated asset objects reloaded before import = 0Number of asset objects unloaded after import = 0

========================================================================
Received Import Request.
  Time since last request: 0.016090 seconds.
  path: Assets/Models & Prefabs/Models/Downloaded_Assets/Korea_TreasureProps/Meshes/SM_040_A_Ceramic_Bottle.fbx
  artifactKey: Guid(d87e7b032e6f4ec4e9634979a9143811) Importer(815301076,1909f56bfc062723c751e8b465ee728b)
Start importing Assets/Models & Prefabs/Models/Downloaded_Assets/Korea_TreasureProps/Meshes/SM_040_A_Ceramic_Bottle.fbx using Guid(d87e7b032e6f4ec4e9634979a9143811) Importer(815301076,1909f56bfc062723c751e8b465ee728b) (PreviewImporter) -> (artifact id: '39ae320f91fcfe94588282c3dce45915') in 0.0275135 seconds
Internal: There are remaining Allocations on the JobTempAlloc. This is a leak, and will impact performance
To Debug, run app with -diag-job-temp-memory-leak-validation cmd line argument. This will output the callstacks of the leaked allocations.
Number of updated asset objects reloaded before import = 0Number of asset objects unloaded after import = 12

========================================================================
Received Import Request.
  Time since last request: 0.004483 seconds.
  path: Assets/Models & Prefabs/Models/Downloaded_Assets/ithappy/Animals_FREE/Animations/Other_Animations/Deer_001_idle.anim
  artifactKey: Guid(55e8aa8b18a34934ebbfd3d646d795fc) Importer(815301076,1909f56bfc062723c751e8b465ee728b)
Start importing Assets/Models & Prefabs/Models/Downloaded_Assets/ithappy/Animals_FREE/Animations/Other_Animations/Deer_001_idle.anim using Guid(55e8aa8b18a34934ebbfd3d646d795fc) Importer(815301076,1909f56bfc062723c751e8b465ee728b) (PreviewImporter) -> (artifact id: 'b32f00c9053c34b202c268918e28927f') in 0.0095091 seconds
Internal: There are remaining Allocations on the JobTempAlloc. This is a leak, and will impact performance
To Debug, run app with -diag-job-temp-memory-leak-validation cmd line argument. This will output the callstacks of the leaked allocations.
Number of updated asset objects reloaded before import = 0Number of asset objects unloaded after import = 1

========================================================================
Received Import Request.
  Time since last request: 0.007806 seconds.
  path: Assets/Models & Prefabs/Models/Downloaded_Assets/ithappy/Animals_FREE/Meshes/Deer.controller
  artifactKey: Guid(a129704f7d35013479d3b97bf2ae625d) Importer(815301076,1909f56bfc062723c751e8b465ee728b)
Start importing Assets/Models & Prefabs/Models/Downloaded_Assets/ithappy/Animals_FREE/Meshes/Deer.controller using Guid(a129704f7d35013479d3b97bf2ae625d) Importer(815301076,1909f56bfc062723c751e8b465ee728b) (PreviewImporter) -> (artifact id: 'ff3e68602ae0545a2f74f7fcb0185c02') in 0.0022317 seconds
Internal: There are remaining Allocations on the JobTempAlloc. This is a leak, and will impact performance
To Debug, run app with -diag-job-temp-memory-leak-validation cmd line argument. This will output the callstacks of the leaked allocations.
Number of updated asset objects reloaded before import = 0Number of asset objects unloaded after import = 4

========================================================================
Received Import Request.
  Time since last request: 0.003680 seconds.
  path: Assets/Models & Prefabs/Models/Downloaded_Assets/Korea_TreasureProps/Prefabs/Sets/SM_088_Incense_BurnerSet.prefab
  artifactKey: Guid(948007e90251bfc4eb47cc6cb1171cbb) Importer(815301076,1909f56bfc062723c751e8b465ee728b)
Start importing Assets/Models & Prefabs/Models/Downloaded_Assets/Korea_TreasureProps/Prefabs/Sets/SM_088_Incense_BurnerSet.prefab using Guid(948007e90251bfc4eb47cc6cb1171cbb) Importer(815301076,1909f56bfc062723c751e8b465ee728b) (PreviewImporter) -> (artifact id: 'e85c390ff6199476f99972bb2e8d04fb') in 0.0021982 seconds
Internal: There are remaining Allocations on the JobTempAlloc. This is a leak, and will impact performance
To Debug, run app with -diag-job-temp-memory-leak-validation cmd line argument. This will output the callstacks of the leaked allocations.
Number of updated asset objects reloaded before import = 0Number of asset objects unloaded after import = 8

========================================================================
Received Import Request.
  Time since last request: 0.004085 seconds.
  path: Assets/Models & Prefabs/Walls and Floors/Models/Stone/materials/Floor-Stone-Model-02.png
  artifactKey: Guid(2aa5b41a596bc424e852c02af81b563b) Importer(815301076,1909f56bfc062723c751e8b465ee728b)
Start importing Assets/Models & Prefabs/Walls and Floors/Models/Stone/materials/Floor-Stone-Model-02.png using Guid(2aa5b41a596bc424e852c02af81b563b) Importer(815301076,1909f56bfc062723c751e8b465ee728b) (PreviewImporter) -> (artifact id: '863352264e64309abca65a658f009949') in 0.0147381 seconds
Internal: There are remaining Allocations on the JobTempAlloc. This is a leak, and will impact performance
To Debug, run app with -diag-job-temp-memory-leak-validation cmd line argument. This will output the callstacks of the leaked allocations.
Number of updated asset objects reloaded before import = 0Number of asset objects unloaded after import = 2

========================================================================
Received Import Request.
  Time since last request: 0.016686 seconds.
  path: Assets/Materials and Textures/Downloaded/YughuesFreeGroundMaterials/Textures/T_YFGM_Grass03_d.tga
  artifactKey: Guid(4efac5cc164a90942b104afed71a8ba1) Importer(815301076,1909f56bfc062723c751e8b465ee728b)
Start importing Assets/Materials and Textures/Downloaded/YughuesFreeGroundMaterials/Textures/T_YFGM_Grass03_d.tga using Guid(4efac5cc164a90942b104afed71a8ba1) Importer(815301076,1909f56bfc062723c751e8b465ee728b) (PreviewImporter) -> (artifact id: '95850191cfd37c544b5886198b406266') in 0.0182981 seconds
Internal: There are remaining Allocations on the JobTempAlloc. This is a leak, and will impact performance
To Debug, run app with -diag-job-temp-memory-leak-validation cmd line argument. This will output the callstacks of the leaked allocations.
Number of updated asset objects reloaded before import = 0Number of asset objects unloaded after import = 2

========================================================================
Received Import Request.
  Time since last request: 0.015232 seconds.
  path: Assets/Materials and Textures/Downloaded/YughuesFreeGroundMaterials/Textures/T_YFGM_Dry03_d.tga
  artifactKey: Guid(d0a3f503f90a9a343ac856854e0bde83) Importer(815301076,1909f56bfc062723c751e8b465ee728b)
Start importing Assets/Materials and Textures/Downloaded/YughuesFreeGroundMaterials/Textures/T_YFGM_Dry03_d.tga using Guid(d0a3f503f90a9a343ac856854e0bde83) Importer(815301076,1909f56bfc062723c751e8b465ee728b) (PreviewImporter) -> (artifact id: '0da59af37f2c39f5b4d5a42d070944f2') in 0.0160284 seconds
Internal: There are remaining Allocations on the JobTempAlloc. This is a leak, and will impact performance
To Debug, run app with -diag-job-temp-memory-leak-validation cmd line argument. This will output the callstacks of the leaked allocations.
Number of updated asset objects reloaded before import = 0Number of asset objects unloaded after import = 2

========================================================================
Received Import Request.
  Time since last request: 0.007967 seconds.
  path: Assets/TextMesh Pro/Shaders/TMP_SDF-Surface-Mobile.shader
  artifactKey: Guid(85187c2149c549c5b33f0cdb02836b17) Importer(815301076,1909f56bfc062723c751e8b465ee728b)
Start importing Assets/TextMesh Pro/Shaders/TMP_SDF-Surface-Mobile.shader using Guid(85187c2149c549c5b33f0cdb02836b17) Importer(815301076,1909f56bfc062723c751e8b465ee728b) (PreviewImporter) -> (artifact id: '159996fe7b936031b8ae61c5cf865590') in 0.0012842 seconds
Internal: There are remaining Allocations on the JobTempAlloc. This is a leak, and will impact performance
To Debug, run app with -diag-job-temp-memory-leak-validation cmd line argument. This will output the callstacks of the leaked allocations.
Number of updated asset objects reloaded before import = 0Number of asset objects unloaded after import = 0

========================================================================
Received Import Request.
  Time since last request: 0.009990 seconds.
  path: Assets/Models & Prefabs/Models/Downloaded_Assets/Korea_TreasureProps/Textures/T_067_Kettle_BC.png
  artifactKey: Guid(abc00000000001296111385464423938) Importer(815301076,1909f56bfc062723c751e8b465ee728b)
Start importing Assets/Models & Prefabs/Models/Downloaded_Assets/Korea_TreasureProps/Textures/T_067_Kettle_BC.png using Guid(abc00000000001296111385464423938) Importer(815301076,1909f56bfc062723c751e8b465ee728b) (PreviewImporter) -> (artifact id: '2592a51b35a0269273979ae2f58b00c9') in 0.018342 seconds
Internal: There are remaining Allocations on the JobTempAlloc. This is a leak, and will impact performance
To Debug, run app with -diag-job-temp-memory-leak-validation cmd line argument. This will output the callstacks of the leaked allocations.
Number of updated asset objects reloaded before import = 0Number of asset objects unloaded after import = 2

========================================================================
Received Import Request.
  Time since last request: 0.003706 seconds.
  path: Assets/Models & Prefabs/Models/Downloaded_Assets/ithappy/Animals_FREE/Textures
  artifactKey: Guid(720ebc27a3283464a97b26d8c78b2040) Importer(815301076,1909f56bfc062723c751e8b465ee728b)
Start importing Assets/Models & Prefabs/Models/Downloaded_Assets/ithappy/Animals_FREE/Textures using Guid(720ebc27a3283464a97b26d8c78b2040) Importer(815301076,1909f56bfc062723c751e8b465ee728b) (PreviewImporter) -> (artifact id: '66912d02f173411200110e2f728dccdc') in 0.0008004 seconds
Internal: There are remaining Allocations on the JobTempAlloc. This is a leak, and will impact performance
To Debug, run app with -diag-job-temp-memory-leak-validation cmd line argument. This will output the callstacks of the leaked allocations.
Number of updated asset objects reloaded before import = 0Number of asset objects unloaded after import = 0

========================================================================
Received Import Request.
  Time since last request: 0.010541 seconds.
  path: Assets/Models & Prefabs/Models/Downloaded_Assets/DungeonModularPack/Meshes/Pillar_B.fbx
  artifactKey: Guid(f443bfdfeff987d4db7fceabcac33075) Importer(815301076,1909f56bfc062723c751e8b465ee728b)
Start importing Assets/Models & Prefabs/Models/Downloaded_Assets/DungeonModularPack/Meshes/Pillar_B.fbx using Guid(f443bfdfeff987d4db7fceabcac33075) Importer(815301076,1909f56bfc062723c751e8b465ee728b) (PreviewImporter) -> (artifact id: '9449f20876cb87f2a47ed105c3d74c82') in 0.0186686 seconds
Internal: There are remaining Allocations on the JobTempAlloc. This is a leak, and will impact performance
To Debug, run app with -diag-job-temp-memory-leak-validation cmd line argument. This will output the callstacks of the leaked allocations.
Number of updated asset objects reloaded before import = 0Number of asset objects unloaded after import = 7

========================================================================
Received Import Request.
  Time since last request: 0.029333 seconds.
  path: Assets/Materials and Textures/Downloaded/YughuesFreeGroundMaterials/Preview/Sc_Preview/ReflectionProbe-0.exr
  artifactKey: Guid(04939eb1bdbe05b4799d05ae249f280a) Importer(815301076,1909f56bfc062723c751e8b465ee728b)
Start importing Assets/Materials and Textures/Downloaded/YughuesFreeGroundMaterials/Preview/Sc_Preview/ReflectionProbe-0.exr using Guid(04939eb1bdbe05b4799d05ae249f280a) Importer(815301076,1909f56bfc062723c751e8b465ee728b) (PreviewImporter) -> (artifact id: '07e010c30e64e7ae6f2c8d0578776020') in 0.0161389 seconds
Internal: There are remaining Allocations on the JobTempAlloc. This is a leak, and will impact performance
To Debug, run app with -diag-job-temp-memory-leak-validation cmd line argument. This will output the callstacks of the leaked allocations.
Number of updated asset objects reloaded before import = 0Number of asset objects unloaded after import = 1

========================================================================
Received Import Request.
  Time since last request: 0.022727 seconds.
  path: Assets/Models & Prefabs/Walls and Floors/Prefabs/Wood/Doors
  artifactKey: Guid(c9a5f1b25cceea344b271ae29a95cf05) Importer(815301076,1909f56bfc062723c751e8b465ee728b)
Start importing Assets/Models & Prefabs/Walls and Floors/Prefabs/Wood/Doors using Guid(c9a5f1b25cceea344b271ae29a95cf05) Importer(815301076,1909f56bfc062723c751e8b465ee728b) (PreviewImporter) -> (artifact id: '34e8790dc2b0d6c1472f4d437e35ed56') in 0.0006932 seconds
Internal: There are remaining Allocations on the JobTempAlloc. This is a leak, and will impact performance
To Debug, run app with -diag-job-temp-memory-leak-validation cmd line argument. This will output the callstacks of the leaked allocations.
Number of updated asset objects reloaded before import = 0Number of asset objects unloaded after import = 0

========================================================================
Received Import Request.
  Time since last request: 0.023582 seconds.
  path: Assets/Models & Prefabs/Walls and Floors/Models/Wood/materials/Wall-Wood-Model-11.png
  artifactKey: Guid(a93277b1437c8ee4e8cf38e1e3ca480a) Importer(815301076,1909f56bfc062723c751e8b465ee728b)
Start importing Assets/Models & Prefabs/Walls and Floors/Models/Wood/materials/Wall-Wood-Model-11.png using Guid(a93277b1437c8ee4e8cf38e1e3ca480a) Importer(815301076,1909f56bfc062723c751e8b465ee728b) (PreviewImporter) -> (artifact id: '78c96afa7c91958cfd739586ee00057a') in 0.0147949 seconds
Internal: There are remaining Allocations on the JobTempAlloc. This is a leak, and will impact performance
To Debug, run app with -diag-job-temp-memory-leak-validation cmd line argument. This will output the callstacks of the leaked allocations.
Number of updated asset objects reloaded before import = 0Number of asset objects unloaded after import = 2

========================================================================
Received Import Request.
  Time since last request: 0.042677 seconds.
  path: Assets/Materials and Textures/Downloaded/YughuesFreeGroundMaterials/Textures/T_YFGM_SoilGravel03_s.tga
  artifactKey: Guid(6875e7719f4e40346ac0df407c9ed9c2) Importer(815301076,1909f56bfc062723c751e8b465ee728b)
Start importing Assets/Materials and Textures/Downloaded/YughuesFreeGroundMaterials/Textures/T_YFGM_SoilGravel03_s.tga using Guid(6875e7719f4e40346ac0df407c9ed9c2) Importer(815301076,1909f56bfc062723c751e8b465ee728b) (PreviewImporter) -> (artifact id: 'fd60aec55787c73b24903a654fe7a39f') in 0.0174986 seconds
Internal: There are remaining Allocations on the JobTempAlloc. This is a leak, and will impact performance
To Debug, run app with -diag-job-temp-memory-leak-validation cmd line argument. This will output the callstacks of the leaked allocations.
Number of updated asset objects reloaded before import = 0Number of asset objects unloaded after import = 2

========================================================================
Received Import Request.
  Time since last request: 0.020061 seconds.
  path: Assets/Models & Prefabs/Models/Downloaded_Assets/OlegWER/SkeletonsFreeSet/Prefabs
  artifactKey: Guid(ddaefe6fe6cea0a4a9c1300a8c549909) Importer(815301076,1909f56bfc062723c751e8b465ee728b)
Start importing Assets/Models & Prefabs/Models/Downloaded_Assets/OlegWER/SkeletonsFreeSet/Prefabs using Guid(ddaefe6fe6cea0a4a9c1300a8c549909) Importer(815301076,1909f56bfc062723c751e8b465ee728b) (PreviewImporter) -> (artifact id: 'fc3340b2b791282ad52fe6fd2090f85b') in 0.0006113 seconds
Internal: There are remaining Allocations on the JobTempAlloc. This is a leak, and will impact performance
To Debug, run app with -diag-job-temp-memory-leak-validation cmd line argument. This will output the callstacks of the leaked allocations.
Number of updated asset objects reloaded before import = 0Number of asset objects unloaded after import = 0

========================================================================
Received Import Request.
  Time since last request: 0.008036 seconds.
  path: Assets/TextMesh Pro/Resources/Style Sheets
  artifactKey: Guid(4aecb92fff08436c8303b10eab8da368) Importer(815301076,1909f56bfc062723c751e8b465ee728b)
Start importing Assets/TextMesh Pro/Resources/Style Sheets using Guid(4aecb92fff08436c8303b10eab8da368) Importer(815301076,1909f56bfc062723c751e8b465ee728b) (PreviewImporter) -> (artifact id: 'fdb2e327dca5072d4455a6d834c97216') in 0.0008768 seconds
Internal: There are remaining Allocations on the JobTempAlloc. This is a leak, and will impact performance
To Debug, run app with -diag-job-temp-memory-leak-validation cmd line argument. This will output the callstacks of the leaked allocations.
Number of updated asset objects reloaded before import = 0Number of asset objects unloaded after import = 0

========================================================================
Received Import Request.
  Time since last request: 0.004169 seconds.
  path: Assets/Models & Prefabs/Walls and Floors/Models/Stone/materials/Corner-Stone-Model-04.png
  artifactKey: Guid(c00488771ed2ee04cb45e425a2ffc836) Importer(815301076,1909f56bfc062723c751e8b465ee728b)
Start importing Assets/Models & Prefabs/Walls and Floors/Models/Stone/materials/Corner-Stone-Model-04.png using Guid(c00488771ed2ee04cb45e425a2ffc836) Importer(815301076,1909f56bfc062723c751e8b465ee728b) (PreviewImporter) -> (artifact id: '0f0f2debc36d6e257b56ed4bed739120') in 0.0146242 seconds
Internal: There are remaining Allocations on the JobTempAlloc. This is a leak, and will impact performance
To Debug, run app with -diag-job-temp-memory-leak-validation cmd line argument. This will output the callstacks of the leaked allocations.
Number of updated asset objects reloaded before import = 0Number of asset objects unloaded after import = 2

========================================================================
Received Import Request.
  Time since last request: 0.010108 seconds.
  path: Assets/Models & Prefabs/Models/Downloaded_Assets/Awesome_Lamp_Collection/Textures/Lamp16.1/Lamp16.1_Normal.png
  artifactKey: Guid(2a7c65856d727c945b21c0515f98f83e) Importer(815301076,1909f56bfc062723c751e8b465ee728b)
Start importing Assets/Models & Prefabs/Models/Downloaded_Assets/Awesome_Lamp_Collection/Textures/Lamp16.1/Lamp16.1_Normal.png using Guid(2a7c65856d727c945b21c0515f98f83e) Importer(815301076,1909f56bfc062723c751e8b465ee728b) (PreviewImporter) -> (artifact id: '72dd03f7ac876d42f02b0cd4db2256ec') in 0.0171795 seconds
Internal: There are remaining Allocations on the JobTempAlloc. This is a leak, and will impact performance
To Debug, run app with -diag-job-temp-memory-leak-validation cmd line argument. This will output the callstacks of the leaked allocations.
Number of updated asset objects reloaded before import = 0Number of asset objects unloaded after import = 2

========================================================================
Received Import Request.
  Time since last request: 0.003719 seconds.
  path: Assets/Models & Prefabs/Models/Downloaded_Assets/Korea_TreasureProps/Textures
  artifactKey: Guid(93a2f28e6c6936047bf4bec5132929eb) Importer(815301076,1909f56bfc062723c751e8b465ee728b)
Start importing Assets/Models & Prefabs/Models/Downloaded_Assets/Korea_TreasureProps/Textures using Guid(93a2f28e6c6936047bf4bec5132929eb) Importer(815301076,1909f56bfc062723c751e8b465ee728b) (PreviewImporter) -> (artifact id: 'ca2624948b4c84f26398c8898be0fbdf') in 0.0007199 seconds
Internal: There are remaining Allocations on the JobTempAlloc. This is a leak, and will impact performance
To Debug, run app with -diag-job-temp-memory-leak-validation cmd line argument. This will output the callstacks of the leaked allocations.
Number of updated asset objects reloaded before import = 0Number of asset objects unloaded after import = 0

========================================================================
Received Import Request.
  Time since last request: 0.010929 seconds.
  path: Assets/Materials and Textures/Downloaded/YughuesFreeGroundMaterials/Textures/T_YFGM_Snow_n.tga
  artifactKey: Guid(80c909f0cfd440c4685fb9820c2c88c4) Importer(815301076,1909f56bfc062723c751e8b465ee728b)
Start importing Assets/Materials and Textures/Downloaded/YughuesFreeGroundMaterials/Textures/T_YFGM_Snow_n.tga using Guid(80c909f0cfd440c4685fb9820c2c88c4) Importer(815301076,1909f56bfc062723c751e8b465ee728b) (PreviewImporter) -> (artifact id: '54267aa60a70347cbd61c8ba8a09c610') in 0.0170769 seconds
Internal: There are remaining Allocations on the JobTempAlloc. This is a leak, and will impact performance
To Debug, run app with -diag-job-temp-memory-leak-validation cmd line argument. This will output the callstacks of the leaked allocations.
Number of updated asset objects reloaded before import = 0Number of asset objects unloaded after import = 2

========================================================================
Received Import Request.
  Time since last request: 0.037696 seconds.
  path: Assets/Models & Prefabs/Models/Downloaded_Assets/DungeonModularPack/Textures/T_Arch_N.tga
  artifactKey: Guid(8b63f5e0987766b4dbbbd3d44a716bab) Importer(815301076,1909f56bfc062723c751e8b465ee728b)
Start importing Assets/Models & Prefabs/Models/Downloaded_Assets/DungeonModularPack/Textures/T_Arch_N.tga using Guid(8b63f5e0987766b4dbbbd3d44a716bab) Importer(815301076,1909f56bfc062723c751e8b465ee728b) (PreviewImporter) -> (artifact id: 'a7ff2973bc7f356469322c696c00b706') in 0.0169875 seconds
Internal: There are remaining Allocations on the JobTempAlloc. This is a leak, and will impact performance
To Debug, run app with -diag-job-temp-memory-leak-validation cmd line argument. This will output the callstacks of the leaked allocations.
Number of updated asset objects reloaded before import = 0Number of asset objects unloaded after import = 2

========================================================================
Received Import Request.
  Time since last request: 0.045258 seconds.
  path: Assets/Materials and Textures/Downloaded/YughuesFreeFlooringMaterials/YughuesFreeFlooringMaterials_URP.unitypackage
  artifactKey: Guid(340fde245ac7e494f96391497ccd0626) Importer(815301076,1909f56bfc062723c751e8b465ee728b)
Start importing Assets/Materials and Textures/Downloaded/YughuesFreeFlooringMaterials/YughuesFreeFlooringMaterials_URP.unitypackage using Guid(340fde245ac7e494f96391497ccd0626) Importer(815301076,1909f56bfc062723c751e8b465ee728b) (PreviewImporter) -> (artifact id: 'b73952f67eb629879d2f4b755d55c029') in 0.0011327 seconds
Internal: There are remaining Allocations on the JobTempAlloc. This is a leak, and will impact performance
To Debug, run app with -diag-job-temp-memory-leak-validation cmd line argument. This will output the callstacks of the leaked allocations.
Number of updated asset objects reloaded before import = 0Number of asset objects unloaded after import = 1

========================================================================
Received Import Request.
  Time since last request: 0.004292 seconds.
  path: Assets/TextMesh Pro/Shaders/TMP_SDF-Surface.shader
  artifactKey: Guid(f7ada0af4f174f0694ca6a487b8f543d) Importer(815301076,1909f56bfc062723c751e8b465ee728b)
Start importing Assets/TextMesh Pro/Shaders/TMP_SDF-Surface.shader using Guid(f7ada0af4f174f0694ca6a487b8f543d) Importer(815301076,1909f56bfc062723c751e8b465ee728b) (PreviewImporter) -> (artifact id: 'f1150e3096834e3b9d811aad46741bb9') in 0.0008212 seconds
Internal: There are remaining Allocations on the JobTempAlloc. This is a leak, and will impact performance
To Debug, run app with -diag-job-temp-memory-leak-validation cmd line argument. This will output the callstacks of the leaked allocations.
Number of updated asset objects reloaded before import = 0Number of asset objects unloaded after import = 0

========================================================================
Received Import Request.
  Time since last request: 0.025196 seconds.
  path: Assets/Models & Prefabs/Walls and Floors/Models/Stone/materials/Wall-Stone-Model-06.png
  artifactKey: Guid(1e623ef0f1495bd4188f830da812c633) Importer(815301076,1909f56bfc062723c751e8b465ee728b)
Start importing Assets/Models & Prefabs/Walls and Floors/Models/Stone/materials/Wall-Stone-Model-06.png using Guid(1e623ef0f1495bd4188f830da812c633) Importer(815301076,1909f56bfc062723c751e8b465ee728b) (PreviewImporter) -> (artifact id: '2ecad618d9420203d5b6d77631954230') in 0.0155461 seconds
Internal: There are remaining Allocations on the JobTempAlloc. This is a leak, and will impact performance
To Debug, run app with -diag-job-temp-memory-leak-validation cmd line argument. This will output the callstacks of the leaked allocations.
Number of updated asset objects reloaded before import = 0Number of asset objects unloaded after import = 2

========================================================================
Received Import Request.
  Time since last request: 0.005060 seconds.
  path: Assets/Models & Prefabs/Walls and Floors/Models/Stone/Wall-Stone-Model-02.fbx
  artifactKey: Guid(bbc007129f2c6534c9e70e722e90499f) Importer(815301076,1909f56bfc062723c751e8b465ee728b)
Start importing Assets/Models & Prefabs/Walls and Floors/Models/Stone/Wall-Stone-Model-02.fbx using Guid(bbc007129f2c6534c9e70e722e90499f) Importer(815301076,1909f56bfc062723c751e8b465ee728b) (PreviewImporter) -> (artifact id: '6aaa58bba98d9db384cb3481bcb66c52') in 0.0188169 seconds
Internal: There are remaining Allocations on the JobTempAlloc. This is a leak, and will impact performance
To Debug, run app with -diag-job-temp-memory-leak-validation cmd line argument. This will output the callstacks of the leaked allocations.
Number of updated asset objects reloaded before import = 0Number of asset objects unloaded after import = 9

========================================================================
Received Import Request.
  Time since last request: 0.003484 seconds.
  path: Assets/Models & Prefabs/Models/Downloaded_Assets/Floreswa/Materials
  artifactKey: Guid(b6c3348ada72b8346853f1c3da6ce4a6) Importer(815301076,1909f56bfc062723c751e8b465ee728b)
Start importing Assets/Models & Prefabs/Models/Downloaded_Assets/Floreswa/Materials using Guid(b6c3348ada72b8346853f1c3da6ce4a6) Importer(815301076,1909f56bfc062723c751e8b465ee728b) (PreviewImporter) -> (artifact id: '0d6a9497034e9bd588b50a3508ed2f64') in 0.0007033 seconds
Internal: There are remaining Allocations on the JobTempAlloc. This is a leak, and will impact performance
To Debug, run app with -diag-job-temp-memory-leak-validation cmd line argument. This will output the callstacks of the leaked allocations.
Number of updated asset objects reloaded before import = 0Number of asset objects unloaded after import = 0

========================================================================
Received Import Request.
  Time since last request: 0.007335 seconds.
  path: Assets/Models & Prefabs/Walls and Floors/Prefabs/Stone/Walls/Wall-Stone (2).prefab
  artifactKey: Guid(cce6101e8bd7c4c438018b97651df5f2) Importer(815301076,1909f56bfc062723c751e8b465ee728b)
Start importing Assets/Models & Prefabs/Walls and Floors/Prefabs/Stone/Walls/Wall-Stone (2).prefab using Guid(cce6101e8bd7c4c438018b97651df5f2) Importer(815301076,1909f56bfc062723c751e8b465ee728b) (PreviewImporter) -> (artifact id: '19e7d48e9963d73b098f6cd64a958f0a') in 0.0173688 seconds
Internal: There are remaining Allocations on the JobTempAlloc. This is a leak, and will impact performance
To Debug, run app with -diag-job-temp-memory-leak-validation cmd line argument. This will output the callstacks of the leaked allocations.
Number of updated asset objects reloaded before import = 0Number of asset objects unloaded after import = 10

========================================================================
Received Import Request.
  Time since last request: 0.058253 seconds.
  path: Assets/Models & Prefabs/Walls and Floors/Models/Wood/materials/Wall-Wood-Model-06.png
  artifactKey: Guid(785d2f53d721c1248bc0114a59dded13) Importer(815301076,1909f56bfc062723c751e8b465ee728b)
Start importing Assets/Models & Prefabs/Walls and Floors/Models/Wood/materials/Wall-Wood-Model-06.png using Guid(785d2f53d721c1248bc0114a59dded13) Importer(815301076,1909f56bfc062723c751e8b465ee728b) (PreviewImporter) -> (artifact id: '3ea445c67c60c6ad728be6c5c7957bf4') in 0.0159223 seconds
Internal: There are remaining Allocations on the JobTempAlloc. This is a leak, and will impact performance
To Debug, run app with -diag-job-temp-memory-leak-validation cmd line argument. This will output the callstacks of the leaked allocations.
Number of updated asset objects reloaded before import = 0Number of asset objects unloaded after import = 2

========================================================================
Received Import Request.
  Time since last request: 0.004735 seconds.
  path: Assets/Animation/Motions/male01_3.controller
  artifactKey: Guid(100c588fc2f006c41a00c7f85c3460cc) Importer(815301076,1909f56bfc062723c751e8b465ee728b)
Start importing Assets/Animation/Motions/male01_3.controller using Guid(100c588fc2f006c41a00c7f85c3460cc) Importer(815301076,1909f56bfc062723c751e8b465ee728b) (PreviewImporter) -> (artifact id: 'd63b0ab62a4d08512c9bb87710696a60') in 0.0402338 seconds
Internal: There are remaining Allocations on the JobTempAlloc. This is a leak, and will impact performance
To Debug, run app with -diag-job-temp-memory-leak-validation cmd line argument. This will output the callstacks of the leaked allocations.
Number of updated asset objects reloaded before import = 0Number of asset objects unloaded after import = 4

========================================================================
Received Import Request.
  Time since last request: 0.017611 seconds.
  path: Assets/TextMesh Pro/Sprites
  artifactKey: Guid(d0603b6d5186471b96c778c3949c7ce2) Importer(815301076,1909f56bfc062723c751e8b465ee728b)
Start importing Assets/TextMesh Pro/Sprites using Guid(d0603b6d5186471b96c778c3949c7ce2) Importer(815301076,1909f56bfc062723c751e8b465ee728b) (PreviewImporter) -> (artifact id: '8897b4505263f8fdb98f389d2d06b050') in 0.0005516 seconds
Internal: There are remaining Allocations on the JobTempAlloc. This is a leak, and will impact performance
To Debug, run app with -diag-job-temp-memory-leak-validation cmd line argument. This will output the callstacks of the leaked allocations.
Number of updated asset objects reloaded before import = 0Number of asset objects unloaded after import = 0

========================================================================
Received Import Request.
  Time since last request: 0.002733 seconds.
  path: Assets/Models & Prefabs/Walls and Floors/Prefabs/Stone/Corners
  artifactKey: Guid(1e16bd178761e4d40a0a175e88f8f2e5) Importer(815301076,1909f56bfc062723c751e8b465ee728b)
Start importing Assets/Models & Prefabs/Walls and Floors/Prefabs/Stone/Corners using Guid(1e16bd178761e4d40a0a175e88f8f2e5) Importer(815301076,1909f56bfc062723c751e8b465ee728b) (PreviewImporter) -> (artifact id: '0111dd742866da6eddb8aa36bcaa2063') in 0.0006907 seconds
Internal: There are remaining Allocations on the JobTempAlloc. This is a leak, and will impact performance
To Debug, run app with -diag-job-temp-memory-leak-validation cmd line argument. This will output the callstacks of the leaked allocations.
Number of updated asset objects reloaded before import = 0Number of asset objects unloaded after import = 0

========================================================================
Received Import Request.
  Time since last request: 0.017379 seconds.
  path: Assets/Models & Prefabs/Models/Downloaded_Assets/DungeonModularPack/Prefabs/Wall_A.prefab
  artifactKey: Guid(a55e8b944b49e774899ecb13192840e5) Importer(815301076,1909f56bfc062723c751e8b465ee728b)
Start importing Assets/Models & Prefabs/Models/Downloaded_Assets/DungeonModularPack/Prefabs/Wall_A.prefab using Guid(a55e8b944b49e774899ecb13192840e5) Importer(815301076,1909f56bfc062723c751e8b465ee728b) (PreviewImporter) -> (artifact id: '82517b89c5b47d944735b193aa3946e0') in 0.0190433 seconds
Internal: There are remaining Allocations on the JobTempAlloc. This is a leak, and will impact performance
To Debug, run app with -diag-job-temp-memory-leak-validation cmd line argument. This will output the callstacks of the leaked allocations.
Number of updated asset objects reloaded before import = 0Number of asset objects unloaded after import = 18

========================================================================
Received Import Request.
  Time since last request: 0.025211 seconds.
  path: Assets/Models & Prefabs/Walls and Floors/Models/Wood/materials/Corner-Wood-Model-01.png
  artifactKey: Guid(9deb3ae92156f7b4995f914f483a06e8) Importer(815301076,1909f56bfc062723c751e8b465ee728b)
Start importing Assets/Models & Prefabs/Walls and Floors/Models/Wood/materials/Corner-Wood-Model-01.png using Guid(9deb3ae92156f7b4995f914f483a06e8) Importer(815301076,1909f56bfc062723c751e8b465ee728b) (PreviewImporter) -> (artifact id: '61b17a48210503952435091c57d8ae29') in 0.0151387 seconds
Internal: There are remaining Allocations on the JobTempAlloc. This is a leak, and will impact performance
To Debug, run app with -diag-job-temp-memory-leak-validation cmd line argument. This will output the callstacks of the leaked allocations.
Number of updated asset objects reloaded before import = 0Number of asset objects unloaded after import = 2

========================================================================
Received Import Request.
  Time since last request: 0.007551 seconds.
  path: Assets/Models & Prefabs/Models/Downloaded_Assets/Awesome_Lamp_Collection/Textures/Lamp17.1/Lamp17.1_Normal.png
  artifactKey: Guid(22074fc30ac74994cb5bac5fc3f59abf) Importer(815301076,1909f56bfc062723c751e8b465ee728b)
Start importing Assets/Models & Prefabs/Models/Downloaded_Assets/Awesome_Lamp_Collection/Textures/Lamp17.1/Lamp17.1_Normal.png using Guid(22074fc30ac74994cb5bac5fc3f59abf) Importer(815301076,1909f56bfc062723c751e8b465ee728b) (PreviewImporter) -> (artifact id: '9d0e1e525f625476279a19ffb682559e') in 0.0167658 seconds
Internal: There are remaining Allocations on the JobTempAlloc. This is a leak, and will impact performance
To Debug, run app with -diag-job-temp-memory-leak-validation cmd line argument. This will output the callstacks of the leaked allocations.
Number of updated asset objects reloaded before import = 0Number of asset objects unloaded after import = 2

========================================================================
Received Import Request.
  Time since last request: 0.009901 seconds.
  path: Assets/Materials and Textures/Downloaded/YughuesFreeGroundMaterials/Textures/T_YFGM_Mars_n.tga
  artifactKey: Guid(14dab577eea927a43bc3dd4131089312) Importer(815301076,1909f56bfc062723c751e8b465ee728b)
Start importing Assets/Materials and Textures/Downloaded/YughuesFreeGroundMaterials/Textures/T_YFGM_Mars_n.tga using Guid(14dab577eea927a43bc3dd4131089312) Importer(815301076,1909f56bfc062723c751e8b465ee728b) (PreviewImporter) -> (artifact id: 'e2ff7c80e4000622b495eb9da1f909b1') in 0.0186969 seconds
Internal: There are remaining Allocations on the JobTempAlloc. This is a leak, and will impact performance
To Debug, run app with -diag-job-temp-memory-leak-validation cmd line argument. This will output the callstacks of the leaked allocations.
Number of updated asset objects reloaded before import = 0Number of asset objects unloaded after import = 2

========================================================================
Received Import Request.
  Time since last request: 0.018072 seconds.
  path: Assets/Models & Prefabs/Models/Downloaded_Assets/Korea_TreasureProps/Textures/T_009_Statue_of_the_Buddha_BC.png
  artifactKey: Guid(abc00000000004018161151691718546) Importer(815301076,1909f56bfc062723c751e8b465ee728b)
Start importing Assets/Models & Prefabs/Models/Downloaded_Assets/Korea_TreasureProps/Textures/T_009_Statue_of_the_Buddha_BC.png using Guid(abc00000000004018161151691718546) Importer(815301076,1909f56bfc062723c751e8b465ee728b) (PreviewImporter) -> (artifact id: 'b9173b5c171126b1c5a0c0dd9c2c2b02') in 0.0159539 seconds
Internal: There are remaining Allocations on the JobTempAlloc. This is a leak, and will impact performance
To Debug, run app with -diag-job-temp-memory-leak-validation cmd line argument. This will output the callstacks of the leaked allocations.
Number of updated asset objects reloaded before import = 0Number of asset objects unloaded after import = 2

========================================================================
Received Import Request.
  Time since last request: 0.018828 seconds.
  path: Assets/Models & Prefabs/Walls and Floors/Models/Wood/materials/Wall-Wood-Model-05.png
  artifactKey: Guid(27f6e11eec062c242b9812b9aafd7443) Importer(815301076,1909f56bfc062723c751e8b465ee728b)
Start importing Assets/Models & Prefabs/Walls and Floors/Models/Wood/materials/Wall-Wood-Model-05.png using Guid(27f6e11eec062c242b9812b9aafd7443) Importer(815301076,1909f56bfc062723c751e8b465ee728b) (PreviewImporter) -> (artifact id: 'e7314e5847be10cb72ac72c956072e21') in 0.0142997 seconds
Internal: There are remaining Allocations on the JobTempAlloc. This is a leak, and will impact performance
To Debug, run app with -diag-job-temp-memory-leak-validation cmd line argument. This will output the callstacks of the leaked allocations.
Number of updated asset objects reloaded before import = 0Number of asset objects unloaded after import = 2

========================================================================
Received Import Request.
  Time since last request: 0.004944 seconds.
  path: Assets/Models & Prefabs/Walls and Floors/Models/Wood/materials/Wall-Wood-Model-02.png
  artifactKey: Guid(154d9fe3e4996fc4993c367f328b33c7) Importer(815301076,1909f56bfc062723c751e8b465ee728b)
Start importing Assets/Models & Prefabs/Walls and Floors/Models/Wood/materials/Wall-Wood-Model-02.png using Guid(154d9fe3e4996fc4993c367f328b33c7) Importer(815301076,1909f56bfc062723c751e8b465ee728b) (PreviewImporter) -> (artifact id: '47b93c25e9abd8fafadfbbce21e5de73') in 0.0141073 seconds
Internal: There are remaining Allocations on the JobTempAlloc. This is a leak, and will impact performance
To Debug, run app with -diag-job-temp-memory-leak-validation cmd line argument. This will output the callstacks of the leaked allocations.
Number of updated asset objects reloaded before import = 0Number of asset objects unloaded after import = 2

========================================================================
Received Import Request.
  Time since last request: 0.019663 seconds.
  path: Assets/Models & Prefabs/Models/Downloaded_Assets/DungeonModularPack/Textures/T_Arch_C.tga
  artifactKey: Guid(cdc904f97d1ea5040b465b700a4acfd8) Importer(815301076,1909f56bfc062723c751e8b465ee728b)
Start importing Assets/Models & Prefabs/Models/Downloaded_Assets/DungeonModularPack/Textures/T_Arch_C.tga using Guid(cdc904f97d1ea5040b465b700a4acfd8) Importer(815301076,1909f56bfc062723c751e8b465ee728b) (PreviewImporter) -> (artifact id: 'fa6b780878b36922827e6340155cec8f') in 0.0176949 seconds
Internal: There are remaining Allocations on the JobTempAlloc. This is a leak, and will impact performance
To Debug, run app with -diag-job-temp-memory-leak-validation cmd line argument. This will output the callstacks of the leaked allocations.
Number of updated asset objects reloaded before import = 0Number of asset objects unloaded after import = 2

========================================================================
Received Import Request.
  Time since last request: 1051.464225 seconds.
  path: Assets/Scripts/LevelSwitch.cs
  artifactKey: Guid(212f0095aa25339449ab30ce306e1765) Importer(815301076,1909f56bfc062723c751e8b465ee728b)
Start importing Assets/Scripts/LevelSwitch.cs using Guid(212f0095aa25339449ab30ce306e1765) Importer(815301076,1909f56bfc062723c751e8b465ee728b) (PreviewImporter) -> (artifact id: '4d78842df1014f2d98e40775d3345d36') in 0.0009868 seconds
Internal: There are remaining Allocations on the JobTempAlloc. This is a leak, and will impact performance
To Debug, run app with -diag-job-temp-memory-leak-validation cmd line argument. This will output the callstacks of the leaked allocations.
Number of updated asset objects reloaded before import = 0Number of asset objects unloaded after import = 0

